trade_date,stock_code,predicted_return,actual_return,confidence,direction_prob,model_version,inference_time
2025-04-08,601138,0.0032036378979682922,0.05582592636346817,0.0032036378979682922,1.0,vanilla_transformer_v10,2026-08-03 14:03:00
2025-04-08,300454,0.0024376437067985535,0.013559909537434578,0.0024376437067985535,1.0,vanilla_transformer_v10,2026-08-03 14:03:00
2025-04-08,600036,0.0018840953707695007,-0.016893086954951286,0.0018840953707695007,1.0,vanilla_transformer_v10,2026-08-03 14:03:00
2025-04-08,300308,0.0018391311168670654,-0.004013609606772661,0.0018391311168670654,1.0,vanilla_transformer_v10,2026-08-03 14:03:00
2025-04-08,600584,0.0017796233296394348,0.035396430641412735,0.0017796233296394348,1.0,vanilla_transformer_v10,2026-08-03 14:03:00
2025-04-08,002465,0.0017489269375801086,0.05135704204440117,0.0017489269375801086,1.0,vanilla_transformer_v10,2026-08-03 14:03:00
2025-04-08,600887,0.0017365813255310059,0.02746257744729519,0.0017365813255310059,1.0,vanilla_transformer_v10,2026-08-03 14:03:00
2025-04-08,601318,0.0015909895300865173,-0.006731284782290459,0.0015909895300865173,1.0,vanilla_transformer_v10,2026-08-03 14:03:00
2025-04-08,300750,0.0015702173113822937,-0.03561052680015564,0.0015702173113822937,1.0,vanilla_transformer_v10,2026-08-03 14:03:00
2025-04-08,603501,0.001513451337814331,0.03864223137497902,0.001513451337814331,1.0,vanilla_transformer_v10,2026-08-03 14:03:00
2025-04-08,601012,0.0014017894864082336,0.013007692992687225,0.0014017894864082336,1.0,vanilla_transformer_v10,2026-08-03 14:03:00
2025-04-08,000568,0.0013837218284606934,0.020486043766140938,0.0013837218284606934,1.0,vanilla_transformer_v10,2026-08-03 14:03:00
2025-04-08,002594,0.001375935971736908,-0.00892493687570095,0.001375935971736908,1.0,vanilla_transformer_v10,2026-08-03 14:03:00
2025-04-08,600438,0.0013098716735839844,0.011080886237323284,0.0013098716735839844,1.0,vanilla_transformer_v10,2026-08-03 14:03:00
2025-04-08,002230,0.0011429190635681152,0.015073263086378574,0.0011429190635681152,1.0,vanilla_transformer_v10,2026-08-03 14:03:00
2025-04-08,600519,0.0010702013969421387,-0.0025663338601589203,0.0010702013969421387,1.0,vanilla_transformer_v10,2026-08-03 14:03:00
2025-04-08,300782,0.0010455325245857239,0.029301278293132782,0.0010455325245857239,1.0,vanilla_transformer_v10,2026-08-03 14:03:00
2025-04-08,000977,0.0010320991277694702,0.02369590476155281,0.0010320991277694702,1.0,vanilla_transformer_v10,2026-08-03 14:03:00
2025-04-08,000858,0.0008622705936431885,0.01132891420274973,0.0008622705936431885,1.0,vanilla_transformer_v10,2026-08-03 14:03:00
2025-04-08,688012,0.0008163377642631531,0.05961593985557556,0.0008163377642631531,1.0,vanilla_transformer_v10,2026-08-03 14:03:00
2025-04-08,002371,0.0005794242024421692,0.06509391963481903,0.0005794242024421692,1.0,vanilla_transformer_v10,2026-08-03 14:03:00
2025-04-08,688981,0.00029187649488449097,0.05915641784667969,0.00029187649488449097,1.0,vanilla_transformer_v10,2026-08-03 14:03:00
2025-04-09,601138,0.004821784794330597,0.09545394033193588,0.004821784794330597,1.0,vanilla_transformer_v10,2026-08-03 14:03:00
2025-04-09,600584,0.002759598195552826,0.02784881368279457,0.002759598195552826,1.0,vanilla_transformer_v10,2026-08-03 14:03:00
2025-04-09,603501,0.002604655921459198,0.027275238186120987,0.002604655921459198,1.0,vanilla_transformer_v10,2026-08-03 14:03:00
2025-04-09,002465,0.0023130103945732117,0.0190608911216259,0.0023130103945732117,1.0,vanilla_transformer_v10,2026-08-03 14:03:00
2025-04-09,300454,0.00220557302236557,-0.004238712601363659,0.00220557302236557,1.0,vanilla_transformer_v10,2026-08-03 14:03:00
2025-04-09,300750,0.002032548189163208,0.030705146491527557,0.002032548189163208,1.0,vanilla_transformer_v10,2026-08-03 14:03:00
2025-04-09,688012,0.0020162537693977356,0.010127071291208267,0.0020162537693977356,1.0,vanilla_transformer_v10,2026-08-03 14:03:00
2025-04-09,300782,0.0019778013229370117,0.009494910016655922,0.0019778013229370117,1.0,vanilla_transformer_v10,2026-08-03 14:03:00
2025-04-09,688981,0.001938842236995697,0.008502231910824776,0.001938842236995697,1.0,vanilla_transformer_v10,2026-08-03 14:03:00
2025-04-09,002371,0.0017926469445228577,-0.018624737858772278,0.0017926469445228577,1.0,vanilla_transformer_v10,2026-08-03 14:03:00
2025-04-09,002594,0.0016786456108093262,0.03571860492229462,0.0016786456108093262,1.0,vanilla_transformer_v10,2026-08-03 14:03:00
2025-04-09,600438,0.0016540288925170898,0.015590166673064232,0.0016540288925170898,1.0,vanilla_transformer_v10,2026-08-03 14:03:00
2025-04-09,300308,0.0015611350536346436,0.07361345738172531,0.0015611350536346436,1.0,vanilla_transformer_v10,2026-08-03 14:03:00
2025-04-09,601012,0.0015072077512741089,0.021512804552912712,0.0015072077512741089,1.0,vanilla_transformer_v10,2026-08-03 14:03:00
2025-04-09,000977,0.0014654025435447693,0.033382974565029144,0.0014654025435447693,1.0,vanilla_transformer_v10,2026-08-03 14:03:00
2025-04-09,600887,0.0013941004872322083,0.0050703673623502254,0.0013941004872322083,1.0,vanilla_transformer_v10,2026-08-03 14:03:00
2025-04-09,601318,0.001392357051372528,0.011193767189979553,0.001392357051372528,1.0,vanilla_transformer_v10,2026-08-03 14:03:00
2025-04-09,002230,0.0011093392968177795,0.016432195901870728,0.0011093392968177795,1.0,vanilla_transformer_v10,2026-08-03 14:03:00
2025-04-09,000568,0.000865347683429718,0.008546041324734688,0.000865347683429718,1.0,vanilla_transformer_v10,2026-08-03 14:03:00
2025-04-09,600036,0.0006790533661842346,0.01568254455924034,0.0006790533661842346,1.0,vanilla_transformer_v10,2026-08-03 14:03:00
2025-04-09,600519,0.00034400075674057007,0.005152011755853891,0.00034400075674057007,1.0,vanilla_transformer_v10,2026-08-03 14:03:00
2025-04-09,000858,0.0002590939402580261,0.006783153861761093,0.0002590939402580261,1.0,vanilla_transformer_v10,2026-08-03 14:03:00
2025-04-10,601138,0.0046164244413375854,-0.009145671501755714,0.0046164244413375854,1.0,vanilla_transformer_v10,2026-08-03 14:03:00
2025-04-10,300454,0.0037411972880363464,-0.0005590652581304312,0.0037411972880363464,1.0,vanilla_transformer_v10,2026-08-03 14:03:00
2025-04-10,600584,0.0034863129258155823,0.04264790937304497,0.0034863129258155823,1.0,vanilla_transformer_v10,2026-08-03 14:03:00
2025-04-10,002594,0.0032045915722846985,0.053753603249788284,0.0032045915722846985,1.0,vanilla_transformer_v10,2026-08-03 14:03:00
2025-04-10,300750,0.002770170569419861,0.027246221899986267,0.002770170569419861,1.0,vanilla_transformer_v10,2026-08-03 14:03:00
2025-04-10,600438,0.0025278404355049133,-0.009230594150722027,0.0025278404355049133,1.0,vanilla_transformer_v10,2026-08-03 14:03:00
2025-04-10,603501,0.0023038536310195923,0.047669488936662674,0.0023038536310195923,1.0,vanilla_transformer_v10,2026-08-03 14:03:00
2025-04-10,300308,0.002155311405658722,0.011301985941827297,0.002155311405658722,1.0,vanilla_transformer_v10,2026-08-03 14:03:00
2025-04-10,300782,0.002154618501663208,0.1279580146074295,0.002154618501663208,1.0,vanilla_transformer_v10,2026-08-03 14:03:00
2025-04-10,601012,0.0021512433886528015,-0.0153972078114748,0.0021512433886528015,1.0,vanilla_transformer_v10,2026-08-03 14:03:00
2025-04-10,002465,0.001631714403629303,0.037065278738737106,0.001631714403629303,1.0,vanilla_transformer_v10,2026-08-03 14:03:00
2025-04-10,688012,0.0015766993165016174,0.00010550192382652313,0.0015766993165016174,1.0,vanilla_transformer_v10,2026-08-03 14:03:00
2025-04-10,002230,0.0015277490019798279,0.008355347439646721,0.0015277490019798279,1.0,vanilla_transformer_v10,2026-08-03 14:03:00
2025-04-10,002371,0.0013742595911026,0.013179018162190914,0.0013742595911026,1.0,vanilla_transformer_v10,2026-08-03 14:03:00
2025-04-10,000977,0.001188322901725769,0.011135270819067955,0.001188322901725769,1.0,vanilla_transformer_v10,2026-08-03 14:03:00
2025-04-10,688981,0.0011789128184318542,0.02121374011039734,0.0011789128184318542,1.0,vanilla_transformer_v10,2026-08-03 14:03:00
2025-04-10,000568,0.0009656697511672974,-0.020004156976938248,0.0009656697511672974,1.0,vanilla_transformer_v10,2026-08-03 14:03:00
2025-04-10,601318,0.0008720532059669495,-0.002634513657540083,0.0008720532059669495,1.0,vanilla_transformer_v10,2026-08-03 14:03:00
2025-04-10,600887,0.0008267760276794434,-0.014595621265470982,0.0008267760276794434,1.0,vanilla_transformer_v10,2026-08-03 14:03:00
2025-04-10,600036,0.0006054043769836426,0.009920348413288593,0.0006054043769836426,1.0,vanilla_transformer_v10,2026-08-03 14:03:00
2025-04-10,000858,-2.4475157260894775e-05,-0.011708083562552929,2.4475157260894775e-05,0.0,vanilla_transformer_v10,2026-08-03 14:03:00
2025-04-10,600519,-0.0003374069929122925,0.01281669270247221,0.0003374069929122925,0.0,vanilla_transformer_v10,2026-08-03 14:03:00
2025-04-11,601138,0.004437312483787537,0.006747013423591852,0.004437312483787537,1.0,vanilla_transformer_v10,2026-08-03 14:03:00
2025-04-11,600584,0.003679811954498291,0.0,0.003679811954498291,1.0,vanilla_transformer_v10,2026-08-03 14:03:00
2025-04-11,300782,0.003469407558441162,-0.030050909146666527,0.003469407558441162,1.0,vanilla_transformer_v10,2026-08-03 14:03:00
2025-04-11,300454,0.0029575079679489136,0.009683419018983841,0.0029575079679489136,1.0,vanilla_transformer_v10,2026-08-03 14:03:00
2025-04-11,002594,0.0029314160346984863,0.01125563494861126,0.0029314160346984863,1.0,vanilla_transformer_v10,2026-08-03 14:03:00
2025-04-11,601012,0.002913244068622589,0.0067250668071210384,0.002913244068622589,1.0,vanilla_transformer_v10,2026-08-03 14:03:00
2025-04-11,603501,0.0028866976499557495,-0.018634434789419174,0.0028866976499557495,1.0,vanilla_transformer_v10,2026-08-03 14:03:00
2025-04-11,300750,0.0028336569666862488,0.0,0.0028336569666862488,1.0,vanilla_transformer_v10,2026-08-03 14:03:00
2025-04-11,002465,0.0026605650782585144,-0.006381642539054155,0.0026605650782585144,1.0,vanilla_transformer_v10,2026-08-03 14:03:00
2025-04-11,600438,0.0024641677737236023,0.005225491244345903,0.0024641677737236023,1.0,vanilla_transformer_v10,2026-08-03 14:03:00
2025-04-11,688981,0.002395734190940857,-0.009735068306326866,0.002395734190940857,1.0,vanilla_transformer_v10,2026-08-03 14:03:00
2025-04-11,300308,0.002385251224040985,0.03964613750576973,0.002385251224040985,1.0,vanilla_transformer_v10,2026-08-03 14:03:00
2025-04-11,688012,0.0022765621542930603,0.004998563323169947,0.0022765621542930603,1.0,vanilla_transformer_v10,2026-08-03 14:03:00
2025-04-11,002371,0.0020901262760162354,0.0,0.0020901262760162354,1.0,vanilla_transformer_v10,2026-08-03 14:03:00
2025-04-11,000568,0.0017369911074638367,-0.005390908103436232,0.0017369911074638367,1.0,vanilla_transformer_v10,2026-08-03 14:03:00
2025-04-11,000977,0.0016818419098854065,0.009151097387075424,0.0016818419098854065,1.0,vanilla_transformer_v10,2026-08-03 14:03:00
2025-04-11,601318,0.0016099661588668823,0.002634513657540083,0.0016099661588668823,1.0,vanilla_transformer_v10,2026-08-03 14:03:00
2025-04-11,600036,0.001560397446155548,-0.000692153291311115,0.001560397446155548,1.0,vanilla_transformer_v10,2026-08-03 14:03:00
2025-04-11,002230,0.0013870596885681152,0.005137589760124683,0.0013870596885681152,1.0,vanilla_transformer_v10,2026-08-03 14:03:00
2025-04-11,600887,0.0012821033596992493,0.0020506535656750202,0.0012821033596992493,1.0,vanilla_transformer_v10,2026-08-03 14:03:00
2025-04-11,600519,0.0007985979318618774,-0.01088850200176239,0.0007985979318618774,1.0,vanilla_transformer_v10,2026-08-03 14:03:00
2025-04-11,000858,0.0007759556174278259,-0.004266290459781885,0.0007759556174278259,1.0,vanilla_transformer_v10,2026-08-03 14:03:00
2025-04-14,601138,0.004941113293170929,0.010035926476120949,0.004941113293170929,1.0,vanilla_transformer_v10,2026-08-03 14:03:00
2025-04-14,600438,0.003232300281524658,-0.008689334616065025,0.003232300281524658,1.0,vanilla_transformer_v10,2026-08-03 14:03:00
2025-04-14,300454,0.0030343011021614075,-0.02047853171825409,0.0030343011021614075,1.0,vanilla_transformer_v10,2026-08-03 14:03:00
2025-04-14,600584,0.002865709364414215,-0.015141263604164124,0.002865709364414215,1.0,vanilla_transformer_v10,2026-08-03 14:03:00
2025-04-14,601012,0.002672158181667328,-0.011463110335171223,0.002672158181667328,1.0,vanilla_transformer_v10,2026-08-03 14:03:00
2025-04-14,603501,0.0020823702216148376,-0.022876814007759094,0.0020823702216148376,1.0,vanilla_transformer_v10,2026-08-03 14:03:00
2025-04-14,300750,0.002074800431728363,0.018352601677179337,0.002074800431728363,1.0,vanilla_transformer_v10,2026-08-03 14:03:00
2025-04-14,002594,0.002069726586341858,0.0027072320226579905,0.002069726586341858,1.0,vanilla_transformer_v10,2026-08-03 14:03:00
2025-04-14,300308,0.0020654425024986267,-0.016943009570240974,0.0020654425024986267,1.0,vanilla_transformer_v10,2026-08-03 14:03:00
2025-04-14,688012,0.0017149224877357483,-0.009704206138849258,0.0017149224877357483,1.0,vanilla_transformer_v10,2026-08-03 14:03:00
2025-04-14,000977,0.001522354781627655,0.0027290787547826767,0.001522354781627655,1.0,vanilla_transformer_v10,2026-08-03 14:03:00
2025-04-14,000568,0.0013726204633712769,0.005699342582374811,0.0013726204633712769,1.0,vanilla_transformer_v10,2026-08-03 14:03:00
2025-04-14,002371,0.0013322755694389343,-0.01209806464612484,0.0013322755694389343,1.0,vanilla_transformer_v10,2026-08-03 14:03:00
2025-04-14,002465,0.0013199523091316223,-0.013795100152492523,0.0013199523091316223,1.0,vanilla_transformer_v10,2026-08-03 14:03:00
2025-04-14,601318,0.001192934811115265,0.007058615796267986,0.001192934811115265,1.0,vanilla_transformer_v10,2026-08-03 14:03:00
2025-04-14,600036,0.0011903941631317139,0.014844953082501888,0.0011903941631317139,1.0,vanilla_transformer_v10,2026-08-03 14:03:00
2025-04-14,300782,0.001180700957775116,-0.020844725891947746,0.001180700957775116,1.0,vanilla_transformer_v10,2026-08-03 14:03:00
2025-04-14,688981,0.0011613667011260986,-0.017654934898018837,0.0011613667011260986,1.0,vanilla_transformer_v10,2026-08-03 14:03:00
2025-04-14,002230,0.001085422933101654,-0.008743044920265675,0.001085422933101654,1.0,vanilla_transformer_v10,2026-08-03 14:03:00
2025-04-14,600887,0.0005643740296363831,0.0023827594704926014,0.0005643740296363831,1.0,vanilla_transformer_v10,2026-08-03 14:03:00
2025-04-14,000858,0.00022836774587631226,0.0023663125466555357,0.00022836774587631226,1.0,vanilla_transformer_v10,2026-08-03 14:03:00
2025-04-14,600519,4.746764898300171e-05,0.003865698119625449,4.746764898300171e-05,1.0,vanilla_transformer_v10,2026-08-03 14:03:00
2025-04-15,300454,0.003969617187976837,-0.0039648874662816525,0.003969617187976837,1.0,vanilla_transformer_v10,2026-08-03 14:03:00
2025-04-15,601138,0.0035022273659706116,-0.033852361142635345,0.0035022273659706116,1.0,vanilla_transformer_v10,2026-08-03 14:03:00
2025-04-15,600438,0.0029775500297546387,0.011551758274435997,0.0029775500297546387,1.0,vanilla_transformer_v10,2026-08-03 14:03:00
2025-04-15,601012,0.0029116198420524597,0.016824325546622276,0.0029116198420524597,1.0,vanilla_transformer_v10,2026-08-03 14:03:00
2025-04-15,600036,0.0028036609292030334,0.0035411124117672443,0.0028036609292030334,1.0,vanilla_transformer_v10,2026-08-03 14:03:00
2025-04-15,300750,0.0026591941714286804,-0.014384672045707703,0.0026591941714286804,1.0,vanilla_transformer_v10,2026-08-03 14:03:00
2025-04-15,603501,0.0023450106382369995,0.0037121097557246685,0.0023450106382369995,1.0,vanilla_transformer_v10,2026-08-03 14:03:00
2025-04-15,300308,0.002325497567653656,-0.027575861662626266,0.002325497567653656,1.0,vanilla_transformer_v10,2026-08-03 14:03:00
2025-04-15,600887,0.0017646849155426025,0.010831998661160469,0.0017646849155426025,1.0,vanilla_transformer_v10,2026-08-03 14:03:00
2025-04-15,000977,0.0017619803547859192,-0.024283891543745995,0.0017619803547859192,1.0,vanilla_transformer_v10,2026-08-03 14:03:00
2025-04-15,300782,0.001654021441936493,0.017692580819129944,0.001654021441936493,1.0,vanilla_transformer_v10,2026-08-03 14:03:00
2025-04-15,600584,0.0016367360949516296,0.0,0.0016367360949516296,1.0,vanilla_transformer_v10,2026-08-03 14:03:00
2025-04-15,002594,0.0015802755951881409,-0.021975338459014893,0.0015802755951881409,1.0,vanilla_transformer_v10,2026-08-03 14:03:00
2025-04-15,688012,0.0015390515327453613,0.02481023222208023,0.0015390515327453613,1.0,vanilla_transformer_v10,2026-08-03 14:03:00
2025-04-15,601318,0.001522362232208252,0.001004318706691265,0.001522362232208252,1.0,vanilla_transformer_v10,2026-08-03 14:03:00
2025-04-15,000568,0.001443222165107727,0.006047539412975311,0.001443222165107727,1.0,vanilla_transformer_v10,2026-08-03 14:03:00
2025-04-15,002465,0.001416124403476715,-0.016888534650206566,0.001416124403476715,1.0,vanilla_transformer_v10,2026-08-03 14:03:00
2025-04-15,688981,0.0012243911623954773,0.017654934898018837,0.0012243911623954773,1.0,vanilla_transformer_v10,2026-08-03 14:03:00
2025-04-15,002230,0.001090995967388153,-0.0029369571711868048,0.001090995967388153,1.0,vanilla_transformer_v10,2026-08-03 14:03:00
2025-04-15,002371,0.0009136945009231567,0.03476717323064804,0.0009136945009231567,1.0,vanilla_transformer_v10,2026-08-03 14:03:00
2025-04-15,000858,0.0005674734711647034,0.007206236943602562,0.0005674734711647034,1.0,vanilla_transformer_v10,2026-08-03 14:03:00
2025-04-15,600519,0.0005351752042770386,0.0007503997767344117,0.0005351752042770386,1.0,vanilla_transformer_v10,2026-08-03 14:03:00
2025-04-16,601138,0.00520874559879303,-0.005920096300542355,0.00520874559879303,1.0,vanilla_transformer_v10,2026-08-03 14:03:00
2025-04-16,601012,0.003778599202632904,-0.0006770481122657657,0.003778599202632904,1.0,vanilla_transformer_v10,2026-08-03 14:03:00
2025-04-16,300454,0.003153108060359955,0.0052077556028962135,0.003153108060359955,1.0,vanilla_transformer_v10,2026-08-03 14:03:00
2025-04-16,600438,0.002750508487224579,-0.010395810008049011,0.002750508487224579,1.0,vanilla_transformer_v10,2026-08-03 14:03:00
2025-04-16,600036,0.0022194385528564453,-0.0030864221043884754,0.0022194385528564453,1.0,vanilla_transformer_v10,2026-08-03 14:03:00
2025-04-16,002465,0.0022061169147491455,-0.004764434415847063,0.0022061169147491455,1.0,vanilla_transformer_v10,2026-08-03 14:03:00
2025-04-16,600584,0.0021690353751182556,-0.0014855164336040616,0.0021690353751182556,1.0,vanilla_transformer_v10,2026-08-03 14:03:00
2025-04-16,603501,0.0021569430828094482,-0.014752763323485851,0.0021569430828094482,1.0,vanilla_transformer_v10,2026-08-03 14:03:00
2025-04-16,002371,0.001969181001186371,-0.010009760037064552,0.001969181001186371,1.0,vanilla_transformer_v10,2026-08-03 14:03:00
2025-04-16,300782,0.001946084201335907,-0.0009683444513939321,0.001946084201335907,1.0,vanilla_transformer_v10,2026-08-03 14:03:00
2025-04-16,300750,0.001941181719303131,0.004920175299048424,0.001941181719303131,1.0,vanilla_transformer_v10,2026-08-03 14:03:00
2025-04-16,601318,0.0018555596470832825,0.0055390712805092335,0.0018555596470832825,1.0,vanilla_transformer_v10,2026-08-03 14:03:00
2025-04-16,300308,0.0017974227666854858,-0.004876959603279829,0.0017974227666854858,1.0,vanilla_transformer_v10,2026-08-03 14:03:00
2025-04-16,600887,0.0017887204885482788,-0.0006697909557260573,0.0017887204885482788,1.0,vanilla_transformer_v10,2026-08-03 14:03:00
2025-04-16,000977,0.001740679144859314,-0.0014818895142525434,0.001740679144859314,1.0,vanilla_transformer_v10,2026-08-03 14:03:00
2025-04-16,688012,0.0016639679670333862,-0.0063271657563745975,0.0016639679670333862,1.0,vanilla_transformer_v10,2026-08-03 14:03:00
2025-04-16,688981,0.0013663321733474731,-0.0021762794349342585,0.0013663321733474731,1.0,vanilla_transformer_v10,2026-08-03 14:03:00
2025-04-16,002230,0.001238889992237091,-0.0020293768029659986,0.001238889992237091,1.0,vanilla_transformer_v10,2026-08-03 14:03:00
2025-04-16,002594,0.0011304914951324463,-0.007029519882053137,0.0011304914951324463,1.0,vanilla_transformer_v10,2026-08-03 14:03:00
2025-04-16,000858,0.0010225623846054077,0.0017368397675454617,0.0010225623846054077,1.0,vanilla_transformer_v10,2026-08-03 14:03:00
2025-04-16,000568,0.0010135099291801453,0.010102526284754276,0.0010135099291801453,1.0,vanilla_transformer_v10,2026-08-03 14:03:00
2025-04-16,600519,0.0009660348296165466,0.006922347005456686,0.0009660348296165466,1.0,vanilla_transformer_v10,2026-08-03 14:03:00
2025-04-17,601138,0.004771329462528229,0.009357369504868984,0.004771329462528229,1.0,vanilla_transformer_v10,2026-08-03 14:03:00
2025-04-17,601012,0.003483705222606659,-0.008058115839958191,0.003483705222606659,1.0,vanilla_transformer_v10,2026-08-03 14:03:00
2025-04-17,300454,0.0031905919313430786,-0.00011292417184449732,0.0031905919313430786,1.0,vanilla_transformer_v10,2026-08-03 14:03:00
2025-04-17,300782,0.0024692416191101074,-0.01599736511707306,0.0024692416191101074,1.0,vanilla_transformer_v10,2026-08-03 14:03:00
2025-04-17,601318,0.0023555904626846313,0.005574742332100868,0.0023555904626846313,1.0,vanilla_transformer_v10,2026-08-03 14:03:00
2025-04-17,600584,0.002254702150821686,0.0,0.002254702150821686,1.0,vanilla_transformer_v10,2026-08-03 14:03:00
2025-04-17,002465,0.001991085708141327,-0.00278977258130908,0.001991085708141327,1.0,vanilla_transformer_v10,2026-08-03 14:03:00
2025-04-17,000568,0.0019711777567863464,-0.0040151700377464294,0.0019711777567863464,1.0,vanilla_transformer_v10,2026-08-03 14:03:00
2025-04-17,600438,0.001964271068572998,-0.019888751208782196,0.001964271068572998,1.0,vanilla_transformer_v10,2026-08-03 14:03:00
2025-04-17,300750,0.0018853098154067993,-0.0023861003573983908,0.0018853098154067993,1.0,vanilla_transformer_v10,2026-08-03 14:03:00
2025-04-17,603501,0.0018217191100120544,-0.0009554520947858691,0.0018217191100120544,1.0,vanilla_transformer_v10,2026-08-03 14:03:00
2025-04-17,000977,0.001746632158756256,0.0035950723104178905,0.001746632158756256,1.0,vanilla_transformer_v10,2026-08-03 14:03:00
2025-04-17,600036,0.0016888752579689026,0.014845168218016624,0.0016888752579689026,1.0,vanilla_transformer_v10,2026-08-03 14:03:00
2025-04-17,688012,0.0016480311751365662,-0.007887011393904686,0.0016480311751365662,1.0,vanilla_transformer_v10,2026-08-03 14:03:00
2025-04-17,300308,0.001631312072277069,0.019520781934261322,0.001631312072277069,1.0,vanilla_transformer_v10,2026-08-03 14:03:00
2025-04-17,600887,0.0014682486653327942,-0.002362972591072321,0.0014682486653327942,1.0,vanilla_transformer_v10,2026-08-03 14:03:00
2025-04-17,688981,0.0014442428946495056,-0.004914014600217342,0.0014442428946495056,1.0,vanilla_transformer_v10,2026-08-03 14:03:00
2025-04-17,002230,0.0013123154640197754,0.007663381285965443,0.0013123154640197754,1.0,vanilla_transformer_v10,2026-08-03 14:03:00
2025-04-17,000858,0.0012773796916007996,-0.005903019569814205,0.0012773796916007996,1.0,vanilla_transformer_v10,2026-08-03 14:03:00
2025-04-17,600519,0.0010919943451881409,-0.0025899363681674004,0.0010919943451881409,1.0,vanilla_transformer_v10,2026-08-03 14:03:00
2025-04-17,002371,0.0007674470543861389,-0.021396765485405922,0.0007674470543861389,1.0,vanilla_transformer_v10,2026-08-03 14:03:00
2025-04-17,002594,0.000337064266204834,-0.010582108981907368,0.000337064266204834,1.0,vanilla_transformer_v10,2026-08-03 14:03:00
2025-04-18,601138,0.003290794789791107,0.0141155906021595,0.003290794789791107,1.0,vanilla_transformer_v10,2026-08-03 14:03:00
2025-04-18,002371,0.0031525269150733948,0.00628356309607625,0.0031525269150733948,1.0,vanilla_transformer_v10,2026-08-03 14:03:00
2025-04-18,300454,0.0031443610787391663,0.022997217252850533,0.0031443610787391663,1.0,vanilla_transformer_v10,2026-08-03 14:03:00
2025-04-18,600438,0.00295131653547287,0.00475618802011013,0.00295131653547287,1.0,vanilla_transformer_v10,2026-08-03 14:03:00
2025-04-18,002465,0.00278501957654953,0.01701551303267479,0.00278501957654953,1.0,vanilla_transformer_v10,2026-08-03 14:03:00
2025-04-18,600036,0.002346254885196686,-0.011033911257982254,0.002346254885196686,1.0,vanilla_transformer_v10,2026-08-03 14:03:00
2025-04-18,601318,0.0021966025233268738,-0.0031817606650292873,0.0021966025233268738,1.0,vanilla_transformer_v10,2026-08-03 14:03:00
2025-04-18,002230,0.0020117834210395813,0.019812995567917824,0.0020117834210395813,1.0,vanilla_transformer_v10,2026-08-03 14:03:00
2025-04-18,300308,0.001991651952266693,0.02556760422885418,0.001991651952266693,1.0,vanilla_transformer_v10,2026-08-03 14:03:00
2025-04-18,600584,0.001935623586177826,0.010597757995128632,0.001935623586177826,1.0,vanilla_transformer_v10,2026-08-03 14:03:00
2025-04-18,601012,0.0019257217645645142,0.0013645824510604143,0.0019257217645645142,1.0,vanilla_transformer_v10,2026-08-03 14:03:00
2025-04-18,300782,0.0018074065446853638,-0.002205693395808339,0.0018074065446853638,1.0,vanilla_transformer_v10,2026-08-03 14:03:00
2025-04-18,603501,0.001712702214717865,0.01981668546795845,0.001712702214717865,1.0,vanilla_transformer_v10,2026-08-03 14:03:00
2025-04-18,300750,0.001531057059764862,0.02582385390996933,0.001531057059764862,1.0,vanilla_transformer_v10,2026-08-03 14:03:00
2025-04-18,688012,0.00144243985414505,-0.0025202154647558928,0.00144243985414505,1.0,vanilla_transformer_v10,2026-08-03 14:03:00
2025-04-18,000977,0.0013690218329429626,0.029166046530008316,0.0013690218329429626,1.0,vanilla_transformer_v10,2026-08-03 14:03:00
2025-04-18,002594,0.0011132657527923584,0.007933246903121471,0.0011132657527923584,1.0,vanilla_transformer_v10,2026-08-03 14:03:00
2025-04-18,600887,0.0009155347943305969,-0.018061362206935883,0.0009155347943305969,1.0,vanilla_transformer_v10,2026-08-03 14:03:00
2025-04-18,000568,0.0008313655853271484,-0.016832292079925537,0.0008313655853271484,1.0,vanilla_transformer_v10,2026-08-03 14:03:00
2025-04-18,688981,0.0007949545979499817,-0.009237941354513168,0.0007949545979499817,1.0,vanilla_transformer_v10,2026-08-03 14:03:00
2025-04-18,600519,0.00012883543968200684,-0.009586364030838013,0.00012883543968200684,1.0,vanilla_transformer_v10,2026-08-03 14:03:00
2025-04-18,000858,-0.00022868067026138306,-0.010759197175502777,0.00022868067026138306,0.0,vanilla_transformer_v10,2026-08-03 14:03:00
2025-04-21,300454,0.003262363374233246,-0.024127161130309105,0.003262363374233246,1.0,vanilla_transformer_v10,2026-08-03 14:03:00
2025-04-21,600438,0.003110252320766449,-0.005935369990766048,0.003110252320766449,1.0,vanilla_transformer_v10,2026-08-03 14:03:00
2025-04-21,300750,0.003045223653316498,0.016913142055273056,0.003045223653316498,1.0,vanilla_transformer_v10,2026-08-03 14:03:00
2025-04-21,601138,0.0029967278242111206,-0.0014510280452668667,0.0029967278242111206,1.0,vanilla_transformer_v10,2026-08-03 14:03:00
2025-04-21,002465,0.0022853687405586243,0.006518078036606312,0.0022853687405586243,1.0,vanilla_transformer_v10,2026-08-03 14:03:00
2025-04-21,601012,0.0021432265639305115,-0.004715700168162584,0.0021432265639305115,1.0,vanilla_transformer_v10,2026-08-03 14:03:00
2025-04-21,603501,0.0019751936197280884,-0.01600034162402153,0.0019751936197280884,1.0,vanilla_transformer_v10,2026-08-03 14:03:00
2025-04-21,300308,0.0017554834485054016,-0.013890818692743778,0.0017554834485054016,1.0,vanilla_transformer_v10,2026-08-03 14:03:00
2025-04-21,000977,0.0017078444361686707,-0.01491362601518631,0.0017078444361686707,1.0,vanilla_transformer_v10,2026-08-03 14:03:00
2025-04-21,600584,0.001581437885761261,-0.011589329689741135,0.001581437885761261,1.0,vanilla_transformer_v10,2026-08-03 14:03:00
2025-04-21,002230,0.0015329942107200623,-0.0044160932302474976,0.0015329942107200623,1.0,vanilla_transformer_v10,2026-08-03 14:03:00
2025-04-21,002594,0.0013294070959091187,0.0172836035490036,0.0013294070959091187,1.0,vanilla_transformer_v10,2026-08-03 14:03:00
2025-04-21,000568,0.0011839941143989563,-0.003555630799382925,0.0011839941143989563,1.0,vanilla_transformer_v10,2026-08-03 14:03:00
2025-04-21,688981,0.000944875180721283,-0.005539566744118929,0.000944875180721283,1.0,vanilla_transformer_v10,2026-08-03 14:03:00
2025-04-21,300782,0.0008732527494430542,-0.01240930613130331,0.0008732527494430542,1.0,vanilla_transformer_v10,2026-08-03 14:03:00
2025-04-21,601318,0.0008303001523017883,0.005759507417678833,0.0008303001523017883,1.0,vanilla_transformer_v10,2026-08-03 14:03:00
2025-04-21,688012,0.0007602497935295105,0.00540017569437623,0.0007602497935295105,1.0,vanilla_transformer_v10,2026-08-03 14:03:00
2025-04-21,002371,0.000637449324131012,0.011914576403796673,0.000637449324131012,1.0,vanilla_transformer_v10,2026-08-03 14:03:00
2025-04-21,600036,0.0005206242203712463,-0.0064057642593979836,0.0005206242203712463,1.0,vanilla_transformer_v10,2026-08-03 14:03:00
2025-04-21,000858,0.00043641775846481323,-0.0018445084569975734,0.00043641775846481323,1.0,vanilla_transformer_v10,2026-08-03 14:03:00
2025-04-21,600887,0.00040122121572494507,-0.005170827731490135,0.00040122121572494507,1.0,vanilla_transformer_v10,2026-08-03 14:03:00
2025-04-21,600519,-0.000368557870388031,-0.0014190144138410687,0.000368557870388031,0.0,vanilla_transformer_v10,2026-08-03 14:03:00
2025-04-22,002465,0.002833731472492218,-0.006518078036606312,0.002833731472492218,1.0,vanilla_transformer_v10,2026-08-03 14:03:00
2025-04-22,300454,0.0027690231800079346,0.02003536745905876,0.0027690231800079346,1.0,vanilla_transformer_v10,2026-08-03 14:03:00
2025-04-22,600438,0.0026078000664711,0.005935369990766048,0.0026078000664711,1.0,vanilla_transformer_v10,2026-08-03 14:03:00
2025-04-22,601012,0.0021644309163093567,0.0067250668071210384,0.0021644309163093567,1.0,vanilla_transformer_v10,2026-08-03 14:03:00
2025-04-22,002230,0.002038322389125824,-0.0017751725390553474,0.002038322389125824,1.0,vanilla_transformer_v10,2026-08-03 14:03:00
2025-04-22,601138,0.001827433705329895,0.02532990835607052,0.001827433705329895,1.0,vanilla_transformer_v10,2026-08-03 14:03:00
2025-04-22,300308,0.0016038715839385986,0.042183682322502136,0.0016038715839385986,1.0,vanilla_transformer_v10,2026-08-03 14:03:00
2025-04-22,002594,0.0013491734862327576,0.047204840928316116,0.0013491734862327576,1.0,vanilla_transformer_v10,2026-08-03 14:03:00
2025-04-22,600036,0.0012878403067588806,-0.000501470232848078,0.0012878403067588806,1.0,vanilla_transformer_v10,2026-08-03 14:03:00
2025-04-22,603501,0.001282908022403717,0.008710907772183418,0.001282908022403717,1.0,vanilla_transformer_v10,2026-08-03 14:03:00
2025-04-22,002371,0.0012808889150619507,-0.01320583838969469,0.0012808889150619507,1.0,vanilla_transformer_v10,2026-08-03 14:03:00
2025-04-22,000568,0.0011417344212532043,-0.0038023863453418016,0.0011417344212532043,1.0,vanilla_transformer_v10,2026-08-03 14:03:00
2025-04-22,600584,0.0011363327503204346,0.010362787172198296,0.0011363327503204346,1.0,vanilla_transformer_v10,2026-08-03 14:03:00
2025-04-22,300782,0.0010379031300544739,0.0024942110758274794,0.0010379031300544739,1.0,vanilla_transformer_v10,2026-08-03 14:03:00
2025-04-22,000977,0.0009820908308029175,0.012655778788030148,0.0009820908308029175,1.0,vanilla_transformer_v10,2026-08-03 14:03:00
2025-04-22,688012,0.000930197536945343,-0.013317037373781204,0.000930197536945343,1.0,vanilla_transformer_v10,2026-08-03 14:03:00
2025-04-22,600887,0.0006933063268661499,0.002414021175354719,0.0006933063268661499,1.0,vanilla_transformer_v10,2026-08-03 14:03:00
2025-04-22,300750,0.0006320849061012268,0.01146964356303215,0.0006320849061012268,1.0,vanilla_transformer_v10,2026-08-03 14:03:00
2025-04-22,601318,0.0006312504410743713,0.0025711192283779383,0.0006312504410743713,1.0,vanilla_transformer_v10,2026-08-03 14:03:00
2025-04-22,688981,0.0005954578518867493,0.0006663704989477992,0.0005954578518867493,1.0,vanilla_transformer_v10,2026-08-03 14:03:00
2025-04-22,000858,8.542090654373169e-05,-0.0010020711924880743,8.542090654373169e-05,1.0,vanilla_transformer_v10,2026-08-03 14:03:00
2025-04-22,600519,-0.0002248808741569519,0.0020640045404434204,0.0002248808741569519,0.0,vanilla_transformer_v10,2026-08-03 14:03:00
2025-04-23,601138,0.003589347004890442,-0.017615308985114098,0.003589347004890442,1.0,vanilla_transformer_v10,2026-08-03 14:03:00
2025-04-23,600438,0.0031069591641426086,-0.0124458447098732,0.0031069591641426086,1.0,vanilla_transformer_v10,2026-08-03 14:03:00
2025-04-23,300454,0.0028265342116355896,-0.009575843811035156,0.0028265342116355896,1.0,vanilla_transformer_v10,2026-08-03 14:03:00
2025-04-23,601012,0.002795599400997162,-0.012840663082897663,0.002795599400997162,1.0,vanilla_transformer_v10,2026-08-03 14:03:00
2025-04-23,002465,0.00234917551279068,-0.010385947301983833,0.00234917551279068,1.0,vanilla_transformer_v10,2026-08-03 14:03:00
2025-04-23,603501,0.0020195022225379944,-0.017318254336714745,0.0020195022225379944,1.0,vanilla_transformer_v10,2026-08-03 14:03:00
2025-04-23,600584,0.0015506818890571594,-0.009123476222157478,0.0015506818890571594,1.0,vanilla_transformer_v10,2026-08-03 14:03:00
2025-04-23,000568,0.0015090107917785645,-0.016457265242934227,0.0015090107917785645,1.0,vanilla_transformer_v10,2026-08-03 14:03:00
2025-04-23,300308,0.0014260783791542053,-0.02656765840947628,0.0014260783791542053,1.0,vanilla_transformer_v10,2026-08-03 14:03:00
2025-04-23,002230,0.0014071762561798096,0.0019866800867021084,0.0014071762561798096,1.0,vanilla_transformer_v10,2026-08-03 14:03:00
2025-04-23,300782,0.001362234354019165,-0.029860151931643486,0.001362234354019165,1.0,vanilla_transformer_v10,2026-08-03 14:03:00
2025-04-23,688012,0.001359783113002777,-0.0036097289994359016,0.001359783113002777,1.0,vanilla_transformer_v10,2026-08-03 14:03:00
2025-04-23,000977,0.0013494789600372314,-0.017244664952158928,0.0013494789600372314,1.0,vanilla_transformer_v10,2026-08-03 14:03:00
2025-04-23,002594,0.0013157203793525696,-0.016216782853007317,0.0013157203793525696,1.0,vanilla_transformer_v10,2026-08-03 14:03:00
2025-04-23,300750,0.0012964680790901184,0.01496597845107317,0.0012964680790901184,1.0,vanilla_transformer_v10,2026-08-03 14:03:00
2025-04-23,002371,0.0012342259287834167,0.0008549012709408998,0.0012342259287834167,1.0,vanilla_transformer_v10,2026-08-03 14:03:00
2025-04-23,688981,0.0008355677127838135,-0.010827811434864998,0.0008355677127838135,1.0,vanilla_transformer_v10,2026-08-03 14:03:00
2025-04-23,600036,0.0008151978254318237,0.0052302563562989235,0.0008151978254318237,1.0,vanilla_transformer_v10,2026-08-03 14:03:00
2025-04-23,601318,0.0006972253322601318,0.010218875482678413,0.0006972253322601318,1.0,vanilla_transformer_v10,2026-08-03 14:03:00
2025-04-23,600519,0.00039436668157577515,0.00016051378042902797,0.00039436668157577515,1.0,vanilla_transformer_v10,2026-08-03 14:03:00
2025-04-23,000858,0.0003558844327926636,-0.007024145219475031,0.0003558844327926636,1.0,vanilla_transformer_v10,2026-08-03 14:03:00
2025-04-23,600887,0.00027542561292648315,0.004819435533136129,0.00027542561292648315,1.0,vanilla_transformer_v10,2026-08-03 14:03:00
2025-04-24,601012,0.0031174346804618835,0.012159974314272404,0.0031174346804618835,1.0,vanilla_transformer_v10,2026-08-03 14:03:00
2025-04-24,600438,0.0022578164935112,-0.008347837254405022,0.0022578164935112,1.0,vanilla_transformer_v10,2026-08-03 14:03:00
2025-04-24,300454,0.0021354109048843384,0.06497196853160858,0.0021354109048843384,1.0,vanilla_transformer_v10,2026-08-03 14:03:00
2025-04-24,002465,0.0018876194953918457,0.01962899975478649,0.0018876194953918457,1.0,vanilla_transformer_v10,2026-08-03 14:03:00
2025-04-24,002230,0.0018088296055793762,0.006615453865379095,0.0018088296055793762,1.0,vanilla_transformer_v10,2026-08-03 14:03:00
2025-04-24,000568,0.0018073618412017822,-0.009447526186704636,0.0018073618412017822,1.0,vanilla_transformer_v10,2026-08-03 14:03:00
2025-04-24,300782,0.0015876218676567078,-0.031939536333084106,0.0015876218676567078,1.0,vanilla_transformer_v10,2026-08-03 14:03:00
2025-04-24,601138,0.0014263689517974854,0.017615308985114098,0.0014263689517974854,1.0,vanilla_transformer_v10,2026-08-03 14:03:00
2025-04-24,600036,0.001187935471534729,-0.0030893669463694096,0.001187935471534729,1.0,vanilla_transformer_v10,2026-08-03 14:03:00
2025-04-24,603501,0.0009555742144584656,0.0013198154047131538,0.0009555742144584656,1.0,vanilla_transformer_v10,2026-08-03 14:03:00
2025-04-24,000858,0.0007483288645744324,-7.9099387221504e-05,0.0007483288645744324,1.0,vanilla_transformer_v10,2026-08-03 14:03:00
2025-04-24,300750,0.0007035434246063232,-0.0011263127671554685,0.0007035434246063232,1.0,vanilla_transformer_v10,2026-08-03 14:03:00
2025-04-24,688981,0.0006993487477302551,-0.0076611461117863655,0.0006993487477302551,1.0,vanilla_transformer_v10,2026-08-03 14:03:00
2025-04-24,000977,0.000654466450214386,0.008535139262676239,0.000654466450214386,1.0,vanilla_transformer_v10,2026-08-03 14:03:00
2025-04-24,300308,0.0005754902958869934,0.04731427878141403,0.0005754902958869934,1.0,vanilla_transformer_v10,2026-08-03 14:03:00
2025-04-24,002594,0.0005500912666320801,0.013103536330163479,0.0005500912666320801,1.0,vanilla_transformer_v10,2026-08-03 14:03:00
2025-04-24,601318,0.0005425438284873962,0.0021483683958649635,0.0005425438284873962,1.0,vanilla_transformer_v10,2026-08-03 14:03:00
2025-04-24,600584,0.0004955083131790161,0.005763230379670858,0.0004955083131790161,1.0,vanilla_transformer_v10,2026-08-03 14:03:00
2025-04-24,600887,0.00048348307609558105,-0.005855200346559286,0.00048348307609558105,1.0,vanilla_transformer_v10,2026-08-03 14:03:00
2025-04-24,688012,0.0004323720932006836,0.0005848108557984233,0.0004323720932006836,1.0,vanilla_transformer_v10,2026-08-03 14:03:00
2025-04-24,002371,0.00012673437595367432,-0.006378783844411373,0.00012673437595367432,1.0,vanilla_transformer_v10,2026-08-03 14:03:00
2025-04-24,600519,-5.303323268890381e-05,-0.0014500173274427652,5.303323268890381e-05,0.0,vanilla_transformer_v10,2026-08-03 14:03:00
2025-04-25,300782,0.003844805061817169,-0.03686129301786423,0.003844805061817169,1.0,vanilla_transformer_v10,2026-08-03 14:03:00
2025-04-25,601138,0.003035806119441986,-0.013301858678460121,0.003035806119441986,1.0,vanilla_transformer_v10,2026-08-03 14:03:00
2025-04-25,600438,0.002915896475315094,-0.003653719089925289,0.002915896475315094,1.0,vanilla_transformer_v10,2026-08-03 14:03:00
2025-04-25,601012,0.002867676317691803,0.004043292254209518,0.002867676317691803,1.0,vanilla_transformer_v10,2026-08-03 14:03:00
2025-04-25,688012,0.0026154741644859314,-0.00720099126920104,0.0026154741644859314,1.0,vanilla_transformer_v10,2026-08-03 14:03:00
2025-04-25,002465,0.0024772658944129944,-0.01962899975478649,0.0024772658944129944,1.0,vanilla_transformer_v10,2026-08-03 14:03:00
2025-04-25,000568,0.0018831640481948853,0.0019115029135718942,0.0018831640481948853,1.0,vanilla_transformer_v10,2026-08-03 14:03:00
2025-04-25,300454,0.001757591962814331,-0.02012140303850174,0.001757591962814331,1.0,vanilla_transformer_v10,2026-08-03 14:03:00
2025-04-25,688981,0.0015607401728630066,-0.0021511472295969725,0.0015607401728630066,1.0,vanilla_transformer_v10,2026-08-03 14:03:00
2025-04-25,002371,0.0015072450041770935,0.002512123202905059,0.0015072450041770935,1.0,vanilla_transformer_v10,2026-08-03 14:03:00
2025-04-25,603501,0.0014436021447181702,0.0034711866173893213,0.0014436021447181702,1.0,vanilla_transformer_v10,2026-08-03 14:03:00
2025-04-25,300308,0.001340329647064209,-0.02229863591492176,0.001340329647064209,1.0,vanilla_transformer_v10,2026-08-03 14:03:00
2025-04-25,601318,0.0012172013521194458,-0.002343903761357069,0.0012172013521194458,1.0,vanilla_transformer_v10,2026-08-03 14:03:00
2025-04-25,600584,0.0011634379625320435,-0.008491745218634605,0.0011634379625320435,1.0,vanilla_transformer_v10,2026-08-03 14:03:00
2025-04-25,000977,0.0010018199682235718,-0.002282774308696389,0.0010018199682235718,1.0,vanilla_transformer_v10,2026-08-03 14:03:00
2025-04-25,002230,0.0008701905608177185,0.007887618616223335,0.0008701905608177185,1.0,vanilla_transformer_v10,2026-08-03 14:03:00
2025-04-25,600036,0.0007487088441848755,0.006395304575562477,0.0007487088441848755,1.0,vanilla_transformer_v10,2026-08-03 14:03:00
2025-04-25,002594,0.0005551576614379883,-0.029641175642609596,0.0005551576614379883,1.0,vanilla_transformer_v10,2026-08-03 14:03:00
2025-04-25,600887,0.00044517219066619873,-0.012849975377321243,0.00044517219066619873,1.0,vanilla_transformer_v10,2026-08-03 14:03:00
2025-04-25,000858,0.00013408809900283813,0.013853555545210838,0.00013408809900283813,1.0,vanilla_transformer_v10,2026-08-03 14:03:00
2025-04-25,300750,-0.00015573203563690186,-0.007430031429976225,0.00015573203563690186,0.0,vanilla_transformer_v10,2026-08-03 14:03:00
2025-04-25,600519,-0.0005525127053260803,0.0,0.0005525127053260803,0.0,vanilla_transformer_v10,2026-08-03 14:03:00
2025-04-28,601012,0.0038451477885246277,-0.006054028403013945,0.0038451477885246277,1.0,vanilla_transformer_v10,2026-08-03 14:03:00
2025-04-28,300782,0.003494560718536377,0.026868058368563652,0.003494560718536377,1.0,vanilla_transformer_v10,2026-08-03 14:03:00
2025-04-28,600438,0.00311887264251709,-0.01758153736591339,0.00311887264251709,1.0,vanilla_transformer_v10,2026-08-03 14:03:00
2025-04-28,000568,0.0024314597249031067,-0.016050664708018303,0.0024314597249031067,1.0,vanilla_transformer_v10,2026-08-03 14:03:00
2025-04-28,601318,0.0023145973682403564,-0.004115097690373659,0.0023145973682403564,1.0,vanilla_transformer_v10,2026-08-03 14:03:00
2025-04-28,600887,0.0019885823130607605,0.006617210805416107,0.0019885823130607605,1.0,vanilla_transformer_v10,2026-08-03 14:03:00
2025-04-28,002465,0.0019037649035453796,-0.008627035655081272,0.0019037649035453796,1.0,vanilla_transformer_v10,2026-08-03 14:03:00
2025-04-28,688012,0.0014015734195709229,0.007519835140556097,0.0014015734195709229,1.0,vanilla_transformer_v10,2026-08-03 14:03:00
2025-04-28,603501,0.0013457462191581726,0.04890964552760124,0.0013457462191581726,1.0,vanilla_transformer_v10,2026-08-03 14:03:00
2025-04-28,002371,0.0012943223118782043,0.0,0.0012943223118782043,1.0,vanilla_transformer_v10,2026-08-03 14:03:00
2025-04-28,000858,0.0012895986437797546,-0.00998502504080534,0.0012895986437797546,1.0,vanilla_transformer_v10,2026-08-03 14:03:00
2025-04-28,601138,0.0012670457363128662,0.005246852058917284,0.0012670457363128662,1.0,vanilla_transformer_v10,2026-08-03 14:03:00
2025-04-28,002230,0.001130901277065277,0.0030577881261706352,0.001130901277065277,1.0,vanilla_transformer_v10,2026-08-03 14:03:00
2025-04-28,300454,0.001038089394569397,0.04415404796600342,0.001038089394569397,1.0,vanilla_transformer_v10,2026-08-03 14:03:00
2025-04-28,600036,0.0009517744183540344,-0.008308221586048603,0.0009517744183540344,1.0,vanilla_transformer_v10,2026-08-03 14:03:00
2025-04-28,000977,0.0008229762315750122,0.01242970209568739,0.0008229762315750122,1.0,vanilla_transformer_v10,2026-08-03 14:03:00
2025-04-28,688981,0.0007219240069389343,-0.002610226860269904,0.0007219240069389343,1.0,vanilla_transformer_v10,2026-08-03 14:03:00
2025-04-28,600584,0.000470086932182312,0.009148289449512959,0.000470086932182312,1.0,vanilla_transformer_v10,2026-08-03 14:03:00
2025-04-28,002594,0.00037291646003723145,-0.013988880440592766,0.00037291646003723145,1.0,vanilla_transformer_v10,2026-08-03 14:03:00
2025-04-28,300308,-0.00016163289546966553,-0.003606312209740281,0.00016163289546966553,0.0,vanilla_transformer_v10,2026-08-03 14:03:00
2025-04-28,300750,-0.00022307038307189941,-0.012071680277585983,0.00022307038307189941,0.0,vanilla_transformer_v10,2026-08-03 14:03:00
2025-04-28,600519,-0.00029825419187545776,-0.0038785175420343876,0.00029825419187545776,0.0,vanilla_transformer_v10,2026-08-03 14:03:00
2025-04-29,300782,0.004193007946014404,0.001986300339922309,0.004193007946014404,1.0,vanilla_transformer_v10,2026-08-03 14:03:00
2025-04-29,600438,0.00375424325466156,0.0,0.00375424325466156,1.0,vanilla_transformer_v10,2026-08-03 14:03:00
2025-04-29,002465,0.003532811999320984,-0.009509212337434292,0.003532811999320984,1.0,vanilla_transformer_v10,2026-08-03 14:03:00
2025-04-29,000568,0.002832449972629547,0.001133535522967577,0.002832449972629547,1.0,vanilla_transformer_v10,2026-08-03 14:03:00
2025-04-29,603501,0.001752413809299469,0.024391453713178635,0.001752413809299469,1.0,vanilla_transformer_v10,2026-08-03 14:03:00
2025-04-29,688012,0.00156296044588089,0.003924068994820118,0.00156296044588089,1.0,vanilla_transformer_v10,2026-08-03 14:03:00
2025-04-29,601012,0.0015000700950622559,-0.010838727466762066,0.0015000700950622559,1.0,vanilla_transformer_v10,2026-08-03 14:03:00
2025-04-29,600887,0.001277342438697815,0.03313907980918884,0.001277342438697815,1.0,vanilla_transformer_v10,2026-08-03 14:03:00
2025-04-29,600036,0.0012748390436172485,-0.03045685775578022,0.0012748390436172485,1.0,vanilla_transformer_v10,2026-08-03 14:03:00
2025-04-29,002371,0.0012608319520950317,-0.0076436796225607395,0.0012608319520950317,1.0,vanilla_transformer_v10,2026-08-03 14:03:00
2025-04-29,601318,0.0011967048048973083,-0.005710737779736519,0.0011967048048973083,1.0,vanilla_transformer_v10,2026-08-03 14:03:00
2025-04-29,000977,0.001048251986503601,0.04423226788640022,0.001048251986503601,1.0,vanilla_transformer_v10,2026-08-03 14:03:00
2025-04-29,002594,0.0010326355695724487,-0.005388794466853142,0.0010326355695724487,1.0,vanilla_transformer_v10,2026-08-03 14:03:00
2025-04-29,688981,0.0007752552628517151,0.011861194856464863,0.0007752552628517151,1.0,vanilla_transformer_v10,2026-08-03 14:03:00
2025-04-29,600584,0.0007598623633384705,0.012312112376093864,0.0007598623633384705,1.0,vanilla_transformer_v10,2026-08-03 14:03:00
2025-04-29,000858,0.0007471069693565369,-0.006584967486560345,0.0007471069693565369,1.0,vanilla_transformer_v10,2026-08-03 14:03:00
2025-04-29,601138,0.0006618872284889221,-0.0019047624664381146,0.0006618872284889221,1.0,vanilla_transformer_v10,2026-08-03 14:03:00
2025-04-29,600519,0.0005074143409729004,0.0019406917272135615,0.0005074143409729004,1.0,vanilla_transformer_v10,2026-08-03 14:03:00
2025-04-29,300454,0.0002946034073829651,0.008763941004872322,0.0002946034073829651,1.0,vanilla_transformer_v10,2026-08-03 14:03:00
2025-04-29,300750,0.00019416958093643188,-0.002300925785675645,0.00019416958093643188,1.0,vanilla_transformer_v10,2026-08-03 14:03:00
2025-04-29,002230,-0.00014178454875946045,0.020222848281264305,0.00014178454875946045,0.0,vanilla_transformer_v10,2026-08-03 14:03:00
2025-04-29,300308,-0.00027160346508026123,0.0048116156831383705,0.00027160346508026123,0.0,vanilla_transformer_v10,2026-08-03 14:03:00
2025-04-30,600887,0.0035991445183753967,-0.0020196186378598213,0.0035991445183753967,1.0,vanilla_transformer_v10,2026-08-03 14:03:00
2025-04-30,002465,0.003076009452342987,0.023802733048796654,0.003076009452342987,1.0,vanilla_transformer_v10,2026-08-03 14:03:00
2025-04-30,600036,0.0029264092445373535,0.015344376675784588,0.0029264092445373535,1.0,vanilla_transformer_v10,2026-08-03 14:03:00
2025-04-30,600438,0.0024151429533958435,0.019437331706285477,0.0024151429533958435,1.0,vanilla_transformer_v10,2026-08-03 14:03:00
2025-04-30,601012,0.002248898148536682,0.02220229245722294,0.002248898148536682,1.0,vanilla_transformer_v10,2026-08-03 14:03:00
2025-04-30,300782,0.0022287219762802124,0.020521676167845726,0.0022287219762802124,1.0,vanilla_transformer_v10,2026-08-03 14:03:00
2025-04-30,002371,0.002162165939807892,0.014551717787981033,0.002162165939807892,1.0,vanilla_transformer_v10,2026-08-03 14:03:00
2025-04-30,688012,0.0015760287642478943,0.0033286691177636385,0.0015760287642478943,1.0,vanilla_transformer_v10,2026-08-03 14:03:00
2025-04-30,000568,0.001503176987171173,0.013883257284760475,0.001503176987171173,1.0,vanilla_transformer_v10,2026-08-03 14:03:00
2025-04-30,603501,0.0013445913791656494,0.0271123219281435,0.0013445913791656494,1.0,vanilla_transformer_v10,2026-08-03 14:03:00
2025-04-30,000977,0.001257099211215973,0.027724701911211014,0.001257099211215973,1.0,vanilla_transformer_v10,2026-08-03 14:03:00
2025-04-30,601318,0.0010953843593597412,0.0017757904715836048,0.0010953843593597412,1.0,vanilla_transformer_v10,2026-08-03 14:03:00
2025-04-30,600584,0.001073993742465973,0.026312045753002167,0.001073993742465973,1.0,vanilla_transformer_v10,2026-08-03 14:03:00
2025-04-30,688981,0.00101558119058609,0.009499931707978249,0.00101558119058609,1.0,vanilla_transformer_v10,2026-08-03 14:03:00
2025-04-30,002594,0.0009630545973777771,0.019270606338977814,0.0009630545973777771,1.0,vanilla_transformer_v10,2026-08-03 14:03:00
2025-04-30,601138,0.0007309094071388245,0.04063132032752037,0.0007309094071388245,1.0,vanilla_transformer_v10,2026-08-03 14:03:00
2025-04-30,002230,0.0007190778851509094,0.01794661208987236,0.0007190778851509094,1.0,vanilla_transformer_v10,2026-08-03 14:03:00
2025-04-30,000858,0.0006157979369163513,0.00612134812399745,0.0006157979369163513,1.0,vanilla_transformer_v10,2026-08-03 14:03:00
2025-04-30,600519,0.0003537982702255249,0.0020664045587182045,0.0003537982702255249,1.0,vanilla_transformer_v10,2026-08-03 14:03:00
2025-04-30,300750,0.0002863556146621704,0.0005644424236379564,0.0002863556146621704,1.0,vanilla_transformer_v10,2026-08-03 14:03:00
2025-04-30,300454,0.00021842122077941895,0.025741318240761757,0.00021842122077941895,1.0,vanilla_transformer_v10,2026-08-03 14:03:00
2025-04-30,300308,-0.0011966302990913391,0.0371365062892437,0.0011966302990913391,0.0,vanilla_transformer_v10,2026-08-03 14:03:00
2025-05-06,601012,0.002095624804496765,0.0046773869544267654,0.002095624804496765,1.0,vanilla_transformer_v10,2026-08-03 14:03:00
2025-05-06,601138,0.0019415169954299927,-0.00965746771544218,0.0019415169954299927,1.0,vanilla_transformer_v10,2026-08-03 14:03:00
2025-05-06,002465,0.001726388931274414,0.015904389321804047,0.001726388931274414,1.0,vanilla_transformer_v10,2026-08-03 14:03:00
2025-05-06,002371,0.0012710466980934143,-0.020466811954975128,0.0012710466980934143,1.0,vanilla_transformer_v10,2026-08-03 14:03:00
2025-05-06,600036,0.001029685139656067,0.015613836236298084,0.001029685139656067,1.0,vanilla_transformer_v10,2026-08-03 14:03:00
2025-05-06,688012,0.0009767115116119385,0.0023708553053438663,0.0009767115116119385,1.0,vanilla_transformer_v10,2026-08-03 14:03:00
2025-05-06,600438,0.0008002892136573792,0.004190140403807163,0.0008002892136573792,1.0,vanilla_transformer_v10,2026-08-03 14:03:00
2025-05-06,300750,0.0005566701292991638,0.02968764863908291,0.0005566701292991638,1.0,vanilla_transformer_v10,2026-08-03 14:03:00
2025-05-06,002594,0.0005346164107322693,-0.002116970019415021,0.0005346164107322693,1.0,vanilla_transformer_v10,2026-08-03 14:03:00
2025-05-06,300782,0.0005110129714012146,-0.006701868027448654,0.0005110129714012146,1.0,vanilla_transformer_v10,2026-08-03 14:03:00
2025-05-06,601318,0.0002580210566520691,0.007463209796696901,0.0002580210566520691,1.0,vanilla_transformer_v10,2026-08-03 14:03:00
2025-05-06,600887,0.00023414939641952515,-0.004047177731990814,0.00023414939641952515,1.0,vanilla_transformer_v10,2026-08-03 14:03:00
2025-05-06,000568,0.0001905187964439392,0.0031810225918889046,0.0001905187964439392,1.0,vanilla_transformer_v10,2026-08-03 14:03:00
2025-05-06,688981,-5.742907524108887e-05,0.006651909090578556,5.742907524108887e-05,0.0,vanilla_transformer_v10,2026-08-03 14:03:00
2025-05-06,600584,-0.00010625272989273071,-0.0026873238384723663,0.00010625272989273071,0.0,vanilla_transformer_v10,2026-08-03 14:03:00
2025-05-06,300454,-0.00022282451391220093,-0.031337302178144455,0.00022282451391220093,0.0,vanilla_transformer_v10,2026-08-03 14:03:00
2025-05-06,000858,-0.00048204511404037476,0.003855406306684017,0.00048204511404037476,0.0,vanilla_transformer_v10,2026-08-03 14:03:00
2025-05-06,000977,-0.0005387067794799805,-0.014463459141552448,0.0005387067794799805,0.0,vanilla_transformer_v10,2026-08-03 14:03:00
2025-05-06,002230,-0.0005796030163764954,-0.0016630996251478791,0.0005796030163764954,0.0,vanilla_transformer_v10,2026-08-03 14:03:00
2025-05-06,603501,-0.0006187781691551208,-0.025836138054728508,0.0006187781691551208,0.0,vanilla_transformer_v10,2026-08-03 14:03:00
2025-05-06,600519,-0.0009115263819694519,0.0030916223768144846,0.0009115263819694519,0.0,vanilla_transformer_v10,2026-08-03 14:03:00
2025-05-06,300308,-0.0012946799397468567,0.0,0.0012946799397468567,0.0,vanilla_transformer_v10,2026-08-03 14:03:00
2025-05-07,002465,0.002534016966819763,0.02377108670771122,0.002534016966819763,1.0,vanilla_transformer_v10,2026-08-03 14:03:00
2025-05-07,600036,0.0015132874250411987,0.01837565004825592,0.0015132874250411987,1.0,vanilla_transformer_v10,2026-08-03 14:03:00
2025-05-07,601012,0.0009957775473594666,0.011183745227754116,0.0009957775473594666,1.0,vanilla_transformer_v10,2026-08-03 14:03:00
2025-05-07,002371,0.0009714290499687195,0.00131282361689955,0.0009714290499687195,1.0,vanilla_transformer_v10,2026-08-03 14:03:00
2025-05-07,300750,0.0007581338286399841,0.024671770632267,0.0007581338286399841,1.0,vanilla_transformer_v10,2026-08-03 14:03:00
2025-05-07,600887,0.0006503984332084656,-0.0013541551306843758,0.0006503984332084656,1.0,vanilla_transformer_v10,2026-08-03 14:03:00
2025-05-07,600438,0.0005891695618629456,0.011875983327627182,0.0005891695618629456,1.0,vanilla_transformer_v10,2026-08-03 14:03:00
2025-05-07,601138,0.000504128634929657,0.021486541256308556,0.000504128634929657,1.0,vanilla_transformer_v10,2026-08-03 14:03:00
2025-05-07,300782,0.00023506581783294678,0.004081484861671925,0.00023506581783294678,1.0,vanilla_transformer_v10,2026-08-03 14:03:00
2025-05-07,300454,0.00021128356456756592,-0.00010203561396338046,0.00021128356456756592,1.0,vanilla_transformer_v10,2026-08-03 14:03:00
2025-05-07,000568,0.00020547956228256226,0.010354271158576012,0.00020547956228256226,1.0,vanilla_transformer_v10,2026-08-03 14:03:00
2025-05-07,688012,-0.00011570751667022705,0.0038865595124661922,0.00011570751667022705,0.0,vanilla_transformer_v10,2026-08-03 14:03:00
2025-05-07,002594,-0.000138893723487854,0.00021458076662383974,0.000138893723487854,0.0,vanilla_transformer_v10,2026-08-03 14:03:00
2025-05-07,000858,-0.0002743527293205261,0.013826923444867134,0.0002743527293205261,0.0,vanilla_transformer_v10,2026-08-03 14:03:00
2025-05-07,603501,-0.0002764388918876648,-0.002943220315501094,0.0002764388918876648,0.0,vanilla_transformer_v10,2026-08-03 14:03:00
2025-05-07,600519,-0.0003539249300956726,0.01480342261493206,0.0003539249300956726,0.0,vanilla_transformer_v10,2026-08-03 14:03:00
2025-05-07,002230,-0.00037316232919692993,0.011660197749733925,0.00037316232919692993,0.0,vanilla_transformer_v10,2026-08-03 14:03:00
2025-05-07,300308,-0.0006345584988594055,0.10757036507129669,0.0006345584988594055,0.0,vanilla_transformer_v10,2026-08-03 14:03:00
2025-05-07,600584,-0.0007863342761993408,0.0011864743428304791,0.0007863342761993408,0.0,vanilla_transformer_v10,2026-08-03 14:03:00
2025-05-07,000977,-0.0007911697030067444,0.013508258387446404,0.0007911697030067444,0.0,vanilla_transformer_v10,2026-08-03 14:03:00
2025-05-07,688981,-0.0010019242763519287,-0.0057624271139502525,0.0010019242763519287,0.0,vanilla_transformer_v10,2026-08-03 14:03:00
2025-05-07,601318,-0.001307271420955658,0.015146900899708271,0.001307271420955658,0.0,vanilla_transformer_v10,2026-08-03 14:03:00
2025-05-08,002465,0.0012327805161476135,-0.017325274646282196,0.0012327805161476135,1.0,vanilla_transformer_v10,2026-08-03 14:03:00
2025-05-08,600036,0.0005369484424591064,0.015756744891405106,0.0005369484424591064,1.0,vanilla_transformer_v10,2026-08-03 14:03:00
2025-05-08,601318,0.00017643719911575317,-0.004055494908243418,0.00017643719911575317,1.0,vanilla_transformer_v10,2026-08-03 14:03:00
2025-05-08,601138,5.786120891571045e-05,-0.018257010728120804,5.786120891571045e-05,1.0,vanilla_transformer_v10,2026-08-03 14:03:00
2025-05-08,300750,1.5124678611755371e-06,0.015021605417132378,1.5124678611755371e-06,1.0,vanilla_transformer_v10,2026-08-03 14:03:00
2025-05-08,601012,-2.7045607566833496e-06,-0.02320726029574871,2.7045607566833496e-06,0.0,vanilla_transformer_v10,2026-08-03 14:03:00
2025-05-08,002371,-2.2463500499725342e-05,-0.01807224191725254,2.2463500499725342e-05,0.0,vanilla_transformer_v10,2026-08-03 14:03:00
2025-05-08,300782,-0.0002919211983680725,-0.0259472094476223,0.0002919211983680725,0.0,vanilla_transformer_v10,2026-08-03 14:03:00
2025-05-08,000568,-0.0002931728959083557,-0.006468066480010748,0.0002931728959083557,0.0,vanilla_transformer_v10,2026-08-03 14:03:00
2025-05-08,000858,-0.00044723600149154663,-0.0016688861651346087,0.00044723600149154663,0.0,vanilla_transformer_v10,2026-08-03 14:03:00
2025-05-08,600438,-0.0005645081400871277,-0.02394966408610344,0.0005645081400871277,0.0,vanilla_transformer_v10,2026-08-03 14:03:00
2025-05-08,600519,-0.0005904063582420349,0.008197099901735783,0.0005904063582420349,0.0,vanilla_transformer_v10,2026-08-03 14:03:00
2025-05-08,688012,-0.000649377703666687,-0.04503092169761658,0.000649377703666687,0.0,vanilla_transformer_v10,2026-08-03 14:03:00
2025-05-08,300308,-0.000707581639289856,-0.017668839544057846,0.000707581639289856,0.0,vanilla_transformer_v10,2026-08-03 14:03:00
2025-05-08,002594,-0.0010382011532783508,0.010909538716077805,0.0010382011532783508,0.0,vanilla_transformer_v10,2026-08-03 14:03:00
2025-05-08,600887,-0.0012190043926239014,-0.0006777658127248287,0.0012190043926239014,0.0,vanilla_transformer_v10,2026-08-03 14:03:00
2025-05-08,688981,-0.0012865588068962097,-0.04721882939338684,0.0012865588068962097,0.0,vanilla_transformer_v10,2026-08-03 14:03:00
2025-05-08,300454,-0.0012955889105796814,-0.020723458379507065,0.0012955889105796814,0.0,vanilla_transformer_v10,2026-08-03 14:03:00
2025-05-08,002230,-0.0017471984028816223,-0.01649579033255577,0.0017471984028816223,0.0,vanilla_transformer_v10,2026-08-03 14:03:00
2025-05-08,603501,-0.0019170865416526794,-0.0047384207136929035,0.0019170865416526794,0.0,vanilla_transformer_v10,2026-08-03 14:03:00
2025-05-08,600584,-0.0020795315504074097,-0.01706172339618206,0.0020795315504074097,0.0,vanilla_transformer_v10,2026-08-03 14:03:00
2025-05-08,000977,-0.002516143023967743,-0.01816864125430584,0.002516143023967743,0.0,vanilla_transformer_v10,2026-08-03 14:03:00
2025-05-09,688012,0.0012682750821113586,0.009332855232059956,0.0012682750821113586,1.0,vanilla_transformer_v10,2026-08-03 14:03:00
2025-05-09,688981,0.0008875280618667603,0.005692725069820881,0.0008875280618667603,1.0,vanilla_transformer_v10,2026-08-03 14:03:00
2025-05-09,300782,0.0008440166711807251,0.025297291576862335,0.0008440166711807251,1.0,vanilla_transformer_v10,2026-08-03 14:03:00
2025-05-09,002465,0.0007802024483680725,0.034355487674474716,0.0007802024483680725,1.0,vanilla_transformer_v10,2026-08-03 14:03:00
2025-05-09,002371,0.00032898038625717163,-0.009500794112682343,0.00032898038625717163,1.0,vanilla_transformer_v10,2026-08-03 14:03:00
2025-05-09,300454,0.0002683401107788086,-0.004071199335157871,0.0002683401107788086,1.0,vanilla_transformer_v10,2026-08-03 14:03:00
2025-05-09,600438,0.00017439574003219604,0.03340309485793114,0.00017439574003219604,1.0,vanilla_transformer_v10,2026-08-03 14:03:00
2025-05-09,601012,-3.332644701004028e-05,0.031044473871588707,3.332644701004028e-05,0.0,vanilla_transformer_v10,2026-08-03 14:03:00
2025-05-09,600036,-0.00020926445722579956,0.007327325642108917,0.00020926445722579956,0.0,vanilla_transformer_v10,2026-08-03 14:03:00
2025-05-09,000568,-0.0005425214767456055,0.0018199244514107704,0.0005425214767456055,0.0,vanilla_transformer_v10,2026-08-03 14:03:00
2025-05-09,002594,-0.0007083192467689514,0.019258901476860046,0.0007083192467689514,0.0,vanilla_transformer_v10,2026-08-03 14:03:00
2025-05-09,600887,-0.000847943127155304,0.010785212740302086,0.000847943127155304,0.0,vanilla_transformer_v10,2026-08-03 14:03:00
2025-05-09,600519,-0.0012849196791648865,0.008336644619703293,0.0012849196791648865,0.0,vanilla_transformer_v10,2026-08-03 14:03:00
2025-05-09,000858,-0.0013437941670417786,0.010504812933504581,0.0013437941670417786,0.0,vanilla_transformer_v10,2026-08-03 14:03:00
2025-05-09,300750,-0.0014023706316947937,0.03456326946616173,0.0014023706316947937,0.0,vanilla_transformer_v10,2026-08-03 14:03:00
2025-05-09,002230,-0.0015938133001327515,0.004835592117160559,0.0015938133001327515,0.0,vanilla_transformer_v10,2026-08-03 14:03:00
2025-05-09,600584,-0.0017230808734893799,0.013577398844063282,0.0017230808734893799,0.0,vanilla_transformer_v10,2026-08-03 14:03:00
2025-05-09,601138,-0.0017727091908454895,0.030841447412967682,0.0017727091908454895,0.0,vanilla_transformer_v10,2026-08-03 14:03:00
2025-05-09,603501,-0.0020205602049827576,0.00895619671791792,0.0020205602049827576,0.0,vanilla_transformer_v10,2026-08-03 14:03:00
2025-05-09,000977,-0.0024540796875953674,0.013186834752559662,0.0024540796875953674,0.0,vanilla_transformer_v10,2026-08-03 14:03:00
2025-05-09,601318,-0.0025689974427223206,0.016251157969236374,0.0025689974427223206,0.0,vanilla_transformer_v10,2026-08-03 14:03:00
2025-05-09,300308,-0.0033812150359153748,0.02572198212146759,0.0033812150359153748,0.0,vanilla_transformer_v10,2026-08-03 14:03:00
2025-05-12,002371,0.0011055096983909607,-0.003856571391224861,0.0011055096983909607,1.0,vanilla_transformer_v10,2026-08-03 14:03:00
2025-05-12,002465,0.0009982064366340637,-0.027950957417488098,0.0009982064366340637,1.0,vanilla_transformer_v10,2026-08-03 14:03:00
2025-05-12,601012,0.0006031915545463562,0.015460098162293434,0.0006031915545463562,1.0,vanilla_transformer_v10,2026-08-03 14:03:00
2025-05-12,688981,0.0005951151251792908,-0.009311053901910782,0.0005951151251792908,1.0,vanilla_transformer_v10,2026-08-03 14:03:00
2025-05-12,688012,0.0004535764455795288,-0.002447582082822919,0.0004535764455795288,1.0,vanilla_transformer_v10,2026-08-03 14:03:00
2025-05-12,600438,0.0002272874116897583,0.07286939024925232,0.0002272874116897583,1.0,vanilla_transformer_v10,2026-08-03 14:03:00
2025-05-12,300782,0.00022180378437042236,-0.007781749591231346,0.00022180378437042236,1.0,vanilla_transformer_v10,2026-08-03 14:03:00
2025-05-12,601138,-0.00030253827571868896,-0.009423448704183102,0.00030253827571868896,0.0,vanilla_transformer_v10,2026-08-03 14:03:00
2025-05-12,300454,-0.0004929378628730774,0.0036544024478644133,0.0004929378628730774,0.0,vanilla_transformer_v10,2026-08-03 14:03:00
2025-05-12,600036,-0.0006401017308235168,0.017206309363245964,0.0006401017308235168,0.0,vanilla_transformer_v10,2026-08-03 14:03:00
2025-05-12,002594,-0.000645272433757782,-0.010253281332552433,0.000645272433757782,0.0,vanilla_transformer_v10,2026-08-03 14:03:00
2025-05-12,000568,-0.000779472291469574,-0.004672693554311991,0.000779472291469574,0.0,vanilla_transformer_v10,2026-08-03 14:03:00
2025-05-12,600887,-0.001084737479686737,-0.003022815566509962,0.001084737479686737,0.0,vanilla_transformer_v10,2026-08-03 14:03:00
2025-05-12,601318,-0.0011819526553153992,-0.0026690408121794462,0.0011819526553153992,0.0,vanilla_transformer_v10,2026-08-03 14:03:00
2025-05-12,300750,-0.0015369877219200134,0.006852396763861179,0.0015369877219200134,0.0,vanilla_transformer_v10,2026-08-03 14:03:00
2025-05-12,603501,-0.0015551447868347168,-0.005052338354289532,0.0015551447868347168,0.0,vanilla_transformer_v10,2026-08-03 14:03:00
2025-05-12,000858,-0.0016511231660842896,0.00015352937043644488,0.0016511231660842896,0.0,vanilla_transformer_v10,2026-08-03 14:03:00
2025-05-12,600584,-0.001855902373790741,-0.002382655395194888,0.001855902373790741,0.0,vanilla_transformer_v10,2026-08-03 14:03:00
2025-05-12,600519,-0.0018923357129096985,-0.008890025317668915,0.0018923357129096985,0.0,vanilla_transformer_v10,2026-08-03 14:03:00
2025-05-12,002230,-0.001965135335922241,-0.0006320868851616979,0.001965135335922241,0.0,vanilla_transformer_v10,2026-08-03 14:03:00
2025-05-12,000977,-0.0028228014707565308,-0.01201970037072897,0.0028228014707565308,0.0,vanilla_transformer_v10,2026-08-03 14:03:00
2025-05-12,300308,-0.0034408047795295715,-0.0086850356310606,0.0034408047795295715,0.0,vanilla_transformer_v10,2026-08-03 14:03:00
2025-05-13,601012,0.0022359266877174377,-0.006409965455532074,0.0022359266877174377,1.0,vanilla_transformer_v10,2026-08-03 14:03:00
2025-05-13,600438,0.0020475760102272034,-0.030967820435762405,0.0020475760102272034,1.0,vanilla_transformer_v10,2026-08-03 14:03:00
2025-05-13,002371,0.00051165372133255,0.0044515240006148815,0.00051165372133255,1.0,vanilla_transformer_v10,2026-08-03 14:03:00
2025-05-13,601138,0.0004751533269882202,0.023614374920725822,0.0004751533269882202,1.0,vanilla_transformer_v10,2026-08-03 14:03:00
2025-05-13,300782,0.00032000988721847534,0.0019888479728251696,0.00032000988721847534,1.0,vanilla_transformer_v10,2026-08-03 14:03:00
2025-05-13,688981,0.00013411790132522583,0.006294460501521826,0.00013411790132522583,1.0,vanilla_transformer_v10,2026-08-03 14:03:00
2025-05-13,688012,5.762279033660889e-05,0.025591418147087097,5.762279033660889e-05,1.0,vanilla_transformer_v10,2026-08-03 14:03:00
2025-05-13,002465,-6.433576345443726e-05,-0.009235571138560772,6.433576345443726e-05,0.0,vanilla_transformer_v10,2026-08-03 14:03:00
2025-05-13,300454,-0.0004366859793663025,-0.004072899930179119,0.0004366859793663025,0.0,vanilla_transformer_v10,2026-08-03 14:03:00
2025-05-13,600036,-0.0007251426577568054,0.005613298155367374,0.0007251426577568054,0.0,vanilla_transformer_v10,2026-08-03 14:03:00
2025-05-13,002594,-0.000746510922908783,0.017849009484052658,0.000746510922908783,0.0,vanilla_transformer_v10,2026-08-03 14:03:00
2025-05-13,000568,-0.00096864253282547,0.0323282927274704,0.00096864253282547,0.0,vanilla_transformer_v10,2026-08-03 14:03:00
2025-05-13,600887,-0.0011530295014381409,0.006700718309730291,0.0011530295014381409,0.0,vanilla_transformer_v10,2026-08-03 14:03:00
2025-05-13,603501,-0.0016316995024681091,0.008314442820847034,0.0016316995024681091,0.0,vanilla_transformer_v10,2026-08-03 14:03:00
2025-05-13,600584,-0.0016979500651359558,0.004680505022406578,0.0016979500651359558,0.0,vanilla_transformer_v10,2026-08-03 14:03:00
2025-05-13,002230,-0.002005375921726227,0.0018796708900481462,0.002005375921726227,0.0,vanilla_transformer_v10,2026-08-03 14:03:00
2025-05-13,300750,-0.002033323049545288,0.01470098551362753,0.002033323049545288,0.0,vanilla_transformer_v10,2026-08-03 14:03:00
2025-05-13,600519,-0.0020566508173942566,0.027713846415281296,0.0020566508173942566,0.0,vanilla_transformer_v10,2026-08-03 14:03:00
2025-05-13,601318,-0.0020883530378341675,0.04162854328751564,0.0020883530378341675,0.0,vanilla_transformer_v10,2026-08-03 14:03:00
2025-05-13,000858,-0.0021640807390213013,0.016923528164625168,0.0021640807390213013,0.0,vanilla_transformer_v10,2026-08-03 14:03:00
2025-05-13,000977,-0.0024091973900794983,0.009712006896734238,0.0024091973900794983,0.0,vanilla_transformer_v10,2026-08-03 14:03:00
2025-05-13,300308,-0.002790205180644989,0.02013349160552025,0.002790205180644989,0.0,vanilla_transformer_v10,2026-08-03 14:03:00
2025-05-14,601318,0.001679345965385437,-0.008028233423829079,0.001679345965385437,1.0,vanilla_transformer_v10,2026-08-03 14:03:00
2025-05-14,601138,0.001371540129184723,-0.02316361851990223,0.001371540129184723,1.0,vanilla_transformer_v10,2026-08-03 14:03:00
2025-05-14,002371,0.00044480711221694946,-0.018575936555862427,0.00044480711221694946,1.0,vanilla_transformer_v10,2026-08-03 14:03:00
2025-05-14,600438,0.000338919460773468,-0.03374863415956497,0.000338919460773468,1.0,vanilla_transformer_v10,2026-08-03 14:03:00
2025-05-14,300782,-4.0762126445770264e-05,-0.02968607097864151,4.0762126445770264e-05,0.0,vanilla_transformer_v10,2026-08-03 14:03:00
2025-05-14,002465,-7.162243127822876e-05,-0.03755200281739235,7.162243127822876e-05,0.0,vanilla_transformer_v10,2026-08-03 14:03:00
2025-05-14,000568,-0.0001281648874282837,-0.014317510649561882,0.0001281648874282837,0.0,vanilla_transformer_v10,2026-08-03 14:03:00
2025-05-14,688012,-0.00021661072969436646,-0.02695377916097641,0.00021661072969436646,0.0,vanilla_transformer_v10,2026-08-03 14:03:00
2025-05-14,688981,-0.0002698451280593872,-0.01924038678407669,0.0002698451280593872,0.0,vanilla_transformer_v10,2026-08-03 14:03:00
2025-05-14,300454,-0.0003815963864326477,-0.011048673652112484,0.0003815963864326477,0.0,vanilla_transformer_v10,2026-08-03 14:03:00
2025-05-14,601012,-0.000554203987121582,-0.028742749243974686,0.000554203987121582,0.0,vanilla_transformer_v10,2026-08-03 14:03:00
2025-05-14,000858,-0.0006081610918045044,-0.011825314722955227,0.0006081610918045044,0.0,vanilla_transformer_v10,2026-08-03 14:03:00
2025-05-14,600887,-0.0007413849234580994,0.003997277934104204,0.0007413849234580994,0.0,vanilla_transformer_v10,2026-08-03 14:03:00
2025-05-14,002594,-0.0011053606867790222,0.009842675179243088,0.0011053606867790222,0.0,vanilla_transformer_v10,2026-08-03 14:03:00
2025-05-14,600519,-0.0011717155575752258,-0.0018242807127535343,0.0011717155575752258,0.0,vanilla_transformer_v10,2026-08-03 14:03:00
2025-05-14,600036,-0.00154944509267807,0.002432623878121376,0.00154944509267807,0.0,vanilla_transformer_v10,2026-08-03 14:03:00
2025-05-14,002230,-0.0015902668237686157,-0.01604403741657734,0.0015902668237686157,0.0,vanilla_transformer_v10,2026-08-03 14:03:00
2025-05-14,603501,-0.001610979437828064,-0.033110033720731735,0.001610979437828064,0.0,vanilla_transformer_v10,2026-08-03 14:03:00
2025-05-14,600584,-0.001867726445198059,-0.022409901022911072,0.001867726445198059,0.0,vanilla_transformer_v10,2026-08-03 14:03:00
2025-05-14,000977,-0.0021215155720710754,-0.03534989431500435,0.0021215155720710754,0.0,vanilla_transformer_v10,2026-08-03 14:03:00
2025-05-14,300750,-0.0024624019861221313,-0.009260714054107666,0.0024624019861221313,0.0,vanilla_transformer_v10,2026-08-03 14:03:00
2025-05-14,300308,-0.003165692090988159,-0.04436517879366875,0.003165692090988159,0.0,vanilla_transformer_v10,2026-08-03 14:03:00
2025-05-15,002465,0.0012659355998039246,0.0,0.0012659355998039246,1.0,vanilla_transformer_v10,2026-08-03 14:03:00
2025-05-15,601012,1.5594065189361572e-05,0.003956284839659929,1.5594065189361572e-05,1.0,vanilla_transformer_v10,2026-08-03 14:03:00
2025-05-15,600438,7.137656211853027e-06,0.0011592982336878777,7.137656211853027e-06,1.0,vanilla_transformer_v10,2026-08-03 14:03:00
2025-05-15,300782,-7.257610559463501e-05,0.0,7.257610559463501e-05,0.0,vanilla_transformer_v10,2026-08-03 14:03:00
2025-05-15,300454,-0.00014612823724746704,-0.00021164021745789796,0.00014612823724746704,0.0,vanilla_transformer_v10,2026-08-03 14:03:00
2025-05-15,002371,-0.0003085508942604065,-0.0006990152760408819,0.0003085508942604065,0.0,vanilla_transformer_v10,2026-08-03 14:03:00
2025-05-15,601138,-0.00033611804246902466,0.0062893289141356945,0.00033611804246902466,0.0,vanilla_transformer_v10,2026-08-03 14:03:00
2025-05-15,002594,-0.00034502148628234863,0.0323079489171505,0.00034502148628234863,0.0,vanilla_transformer_v10,2026-08-03 14:03:00
2025-05-15,688012,-0.0003746896982192993,-0.013063471764326096,0.0003746896982192993,0.0,vanilla_transformer_v10,2026-08-03 14:03:00
2025-05-15,600887,-0.000541388988494873,-0.002661649603396654,0.000541388988494873,0.0,vanilla_transformer_v10,2026-08-03 14:03:00
2025-05-15,688981,-0.0008182749152183533,0.0033112613018602133,0.0008182749152183533,0.0,vanilla_transformer_v10,2026-08-03 14:03:00
2025-05-15,603501,-0.0008354261517524719,0.005519374273717403,0.0008354261517524719,0.0,vanilla_transformer_v10,2026-08-03 14:03:00
2025-05-15,600036,-0.0008864104747772217,-0.014555547386407852,0.0008864104747772217,0.0,vanilla_transformer_v10,2026-08-03 14:03:00
2025-05-15,000568,-0.0011337175965309143,-0.015711450949311256,0.0011337175965309143,0.0,vanilla_transformer_v10,2026-08-03 14:03:00
2025-05-15,000977,-0.0011418312788009644,0.0005981934955343604,0.0011418312788009644,0.0,vanilla_transformer_v10,2026-08-03 14:03:00
2025-05-15,600584,-0.0012473836541175842,0.00621295440942049,0.0012473836541175842,0.0,vanilla_transformer_v10,2026-08-03 14:03:00
2025-05-15,002230,-0.0014707669615745544,-0.0038238568231463432,0.0014707669615745544,0.0,vanilla_transformer_v10,2026-08-03 14:03:00
2025-05-15,000858,-0.0016766265034675598,-0.019565284252166748,0.0016766265034675598,0.0,vanilla_transformer_v10,2026-08-03 14:03:00
2025-05-15,601318,-0.0016896650195121765,-0.01600232534110546,0.0016896650195121765,0.0,vanilla_transformer_v10,2026-08-03 14:03:00
2025-05-15,300308,-0.0018011853098869324,0.0386495441198349,0.0018011853098869324,0.0,vanilla_transformer_v10,2026-08-03 14:03:00
2025-05-15,600519,-0.0020018070936203003,-0.01101612951606512,0.0020018070936203003,0.0,vanilla_transformer_v10,2026-08-03 14:03:00
2025-05-15,300750,-0.002363458275794983,-0.0031598147470504045,0.002363458275794983,0.0,vanilla_transformer_v10,2026-08-03 14:03:00
2025-05-16,002465,0.0008087530732154846,0.09489654004573822,0.0008087530732154846,1.0,vanilla_transformer_v10,2026-08-03 14:03:00
2025-05-16,688012,0.0005252137780189514,-0.008488968014717102,0.0005252137780189514,1.0,vanilla_transformer_v10,2026-08-03 14:03:00
2025-05-16,002371,0.00042138248682022095,0.0148234274238348,0.00042138248682022095,1.0,vanilla_transformer_v10,2026-08-03 14:03:00
2025-05-16,300782,7.980316877365112e-05,-0.024814387783408165,7.980316877365112e-05,1.0,vanilla_transformer_v10,2026-08-03 14:03:00
2025-05-16,002594,-0.0001437067985534668,-0.016476482152938843,0.0001437067985534668,0.0,vanilla_transformer_v10,2026-08-03 14:03:00
2025-05-16,300454,-0.00035049766302108765,-0.026596741750836372,0.00035049766302108765,0.0,vanilla_transformer_v10,2026-08-03 14:03:00
2025-05-16,600438,-0.0005130544304847717,-0.014054486528038979,0.0005130544304847717,0.0,vanilla_transformer_v10,2026-08-03 14:03:00
2025-05-16,688981,-0.0005237981677055359,0.003653294872492552,0.0005237981677055359,0.0,vanilla_transformer_v10,2026-08-03 14:03:00
2025-05-16,601138,-0.000598907470703125,-0.008996911346912384,0.000598907470703125,0.0,vanilla_transformer_v10,2026-08-03 14:03:00
2025-05-16,601012,-0.0006752237677574158,-0.003956284839659929,0.0006752237677574158,0.0,vanilla_transformer_v10,2026-08-03 14:03:00
2025-05-16,300308,-0.0007880553603172302,-0.026404330506920815,0.0007880553603172302,0.0,vanilla_transformer_v10,2026-08-03 14:03:00
2025-05-16,600887,-0.0008650273084640503,-0.0016698139952495694,0.0008650273084640503,0.0,vanilla_transformer_v10,2026-08-03 14:03:00
2025-05-16,600036,-0.0009238123893737793,-0.009779072366654873,0.0009238123893737793,0.0,vanilla_transformer_v10,2026-08-03 14:03:00
2025-05-16,000568,-0.0009355321526527405,-0.026558533310890198,0.0009355321526527405,0.0,vanilla_transformer_v10,2026-08-03 14:03:00
2025-05-16,601318,-0.0009480491280555725,-0.0016895595472306013,0.0009480491280555725,0.0,vanilla_transformer_v10,2026-08-03 14:03:00
2025-05-16,603501,-0.0010870322585105896,-0.004093938507139683,0.0010870322585105896,0.0,vanilla_transformer_v10,2026-08-03 14:03:00
2025-05-16,000858,-0.0011714547872543335,-0.013671169057488441,0.0011714547872543335,0.0,vanilla_transformer_v10,2026-08-03 14:03:00
2025-05-16,600584,-0.0013409405946731567,-0.0065367622300982475,0.0013409405946731567,0.0,vanilla_transformer_v10,2026-08-03 14:03:00
2025-05-16,300750,-0.0016715824604034424,0.0024562617763876915,0.0016715824604034424,0.0,vanilla_transformer_v10,2026-08-03 14:03:00
2025-05-16,000977,-0.001881524920463562,0.00457430025562644,0.001881524920463562,0.0,vanilla_transformer_v10,2026-08-03 14:03:00
2025-05-16,002230,-0.002004168927669525,0.004464957397431135,0.002004168927669525,0.0,vanilla_transformer_v10,2026-08-03 14:03:00
2025-05-16,600519,-0.0022628754377365112,-0.022016502916812897,0.0022628754377365112,0.0,vanilla_transformer_v10,2026-08-03 14:03:00
2025-05-19,002465,0.00160159170627594,0.010410455986857414,0.00160159170627594,1.0,vanilla_transformer_v10,2026-08-03 14:03:00
2025-05-19,300454,0.0004169568419456482,0.005527570378035307,0.0004169568419456482,1.0,vanilla_transformer_v10,2026-08-03 14:03:00
2025-05-19,300782,5.254894495010376e-05,0.01688103750348091,5.254894495010376e-05,1.0,vanilla_transformer_v10,2026-08-03 14:03:00
2025-05-19,002371,-0.00015129148960113525,-0.0030834360513836145,0.00015129148960113525,0.0,vanilla_transformer_v10,2026-08-03 14:03:00
2025-05-19,601138,-0.0002697482705116272,0.0004517732304520905,0.0002697482705116272,0.0,vanilla_transformer_v10,2026-08-03 14:03:00
2025-05-19,688012,-0.0002847537398338318,-0.003404686227440834,0.0002847537398338318,0.0,vanilla_transformer_v10,2026-08-03 14:03:00
2025-05-19,600438,-0.0007114186882972717,0.009991048835217953,0.0007114186882972717,0.0,vanilla_transformer_v10,2026-08-03 14:03:00
2025-05-19,000568,-0.0007277131080627441,-0.0025249479804188013,0.0007277131080627441,0.0,vanilla_transformer_v10,2026-08-03 14:03:00
2025-05-19,600036,-0.0010096877813339233,0.0013966482365503907,0.0010096877813339233,0.0,vanilla_transformer_v10,2026-08-03 14:03:00
2025-05-19,600584,-0.0010465756058692932,-0.00356882531195879,0.0010465756058692932,0.0,vanilla_transformer_v10,2026-08-03 14:03:00
2025-05-19,688981,-0.0010483711957931519,0.00035283740726299584,0.0010483711957931519,0.0,vanilla_transformer_v10,2026-08-03 14:03:00
2025-05-19,601012,-0.0010909885168075562,0.0013093181187286973,0.0010909885168075562,0.0,vanilla_transformer_v10,2026-08-03 14:03:00
2025-05-19,000858,-0.001184411346912384,-0.0013151384191587567,0.001184411346912384,0.0,vanilla_transformer_v10,2026-08-03 14:03:00
2025-05-19,000977,-0.0012722760438919067,0.0027741468511521816,0.0012722760438919067,0.0,vanilla_transformer_v10,2026-08-03 14:03:00
2025-05-19,002594,-0.0014047995209693909,0.030857084318995476,0.0014047995209693909,0.0,vanilla_transformer_v10,2026-08-03 14:03:00
2025-05-19,603501,-0.001469045877456665,0.026371324434876442,0.001469045877456665,0.0,vanilla_transformer_v10,2026-08-03 14:03:00
2025-05-19,601318,-0.0017170831561088562,0.007114358711987734,0.0017170831561088562,0.0,vanilla_transformer_v10,2026-08-03 14:03:00
2025-05-19,300750,-0.0018196403980255127,0.011476224288344383,0.0018196403980255127,0.0,vanilla_transformer_v10,2026-08-03 14:03:00
2025-05-19,600519,-0.0019958093762397766,0.004435268230736256,0.0019958093762397766,0.0,vanilla_transformer_v10,2026-08-03 14:03:00
2025-05-19,002230,-0.0020195841789245605,0.005937973037362099,0.0020195841789245605,0.0,vanilla_transformer_v10,2026-08-03 14:03:00
2025-05-19,300308,-0.0021541789174079895,0.007107486482709646,0.0021541789174079895,0.0,vanilla_transformer_v10,2026-08-03 14:03:00
2025-05-19,600887,-0.0021805539727211,0.021803386509418488,0.0021805539727211,0.0,vanilla_transformer_v10,2026-08-03 14:03:00
2025-05-20,002465,0.002746403217315674,0.05619455873966217,0.002746403217315674,1.0,vanilla_transformer_v10,2026-08-03 14:03:00
2025-05-20,600887,0.0005837008357048035,-0.006557924672961235,0.0005837008357048035,1.0,vanilla_transformer_v10,2026-08-03 14:03:00
2025-05-20,300454,0.00022810697555541992,0.0015120425960049033,0.00022810697555541992,1.0,vanilla_transformer_v10,2026-08-03 14:03:00
2025-05-20,300750,6.216764450073242e-05,0.041279904544353485,6.216764450073242e-05,1.0,vanilla_transformer_v10,2026-08-03 14:03:00
2025-05-20,688012,2.724677324295044e-05,-0.009888832457363605,2.724677324295044e-05,1.0,vanilla_transformer_v10,2026-08-03 14:03:00
2025-05-20,300782,-8.898228406906128e-05,-0.01242904830724001,8.898228406906128e-05,0.0,vanilla_transformer_v10,2026-08-03 14:03:00
2025-05-20,002371,-0.00021350383758544922,-0.01547798328101635,0.00021350383758544922,0.0,vanilla_transformer_v10,2026-08-03 14:03:00
2025-05-20,600438,-0.0004967749118804932,0.0017434953479096293,0.0004967749118804932,0.0,vanilla_transformer_v10,2026-08-03 14:03:00
2025-05-20,000568,-0.0005005970597267151,0.00016365798364859074,0.0005005970597267151,0.0,vanilla_transformer_v10,2026-08-03 14:03:00
2025-05-20,603501,-0.0005231499671936035,-0.00701679103076458,0.0005231499671936035,0.0,vanilla_transformer_v10,2026-08-03 14:03:00
2025-05-20,600036,-0.0008815154433250427,0.0,0.0008815154433250427,0.0,vanilla_transformer_v10,2026-08-03 14:03:00
2025-05-20,002594,-0.001004144549369812,0.013069229200482368,0.001004144549369812,0.0,vanilla_transformer_v10,2026-08-03 14:03:00
2025-05-20,688981,-0.0010523721575737,-0.011471948586404324,0.0010523721575737,0.0,vanilla_transformer_v10,2026-08-03 14:03:00
2025-05-20,000858,-0.0010670945048332214,0.0010039368644356728,0.0010670945048332214,0.0,vanilla_transformer_v10,2026-08-03 14:03:00
2025-05-20,601138,-0.0011692941188812256,-0.00452694296836853,0.0011692941188812256,0.0,vanilla_transformer_v10,2026-08-03 14:03:00
2025-05-20,601318,-0.0013390183448791504,0.0031664262060076,0.0013390183448791504,0.0,vanilla_transformer_v10,2026-08-03 14:03:00
2025-05-20,600584,-0.0013734623789787292,-0.008158648386597633,0.0013734623789787292,0.0,vanilla_transformer_v10,2026-08-03 14:03:00
2025-05-20,601012,-0.0014070719480514526,0.001341111958026886,0.0014070719480514526,0.0,vanilla_transformer_v10,2026-08-03 14:03:00
2025-05-20,600519,-0.001682676374912262,-0.003176420694217086,0.001682676374912262,0.0,vanilla_transformer_v10,2026-08-03 14:03:00
2025-05-20,300308,-0.0016914382576942444,-0.002400694414973259,0.0016914382576942444,0.0,vanilla_transformer_v10,2026-08-03 14:03:00
2025-05-20,002230,-0.0017421618103981018,-0.014257227070629597,0.0017421618103981018,0.0,vanilla_transformer_v10,2026-08-03 14:03:00
2025-05-20,000977,-0.0019594430923461914,-0.005755011923611164,0.0019594430923461914,0.0,vanilla_transformer_v10,2026-08-03 14:03:00
2025-05-21,002465,0.0019842982292175293,-0.02805378846824169,0.0019842982292175293,1.0,vanilla_transformer_v10,2026-08-03 14:03:00
2025-05-21,300750,0.0010673925280570984,-0.013635964132845402,0.0010673925280570984,1.0,vanilla_transformer_v10,2026-08-03 14:03:00
2025-05-21,300454,0.0001713186502456665,-0.018846901133656502,0.0001713186502456665,1.0,vanilla_transformer_v10,2026-08-03 14:03:00
2025-05-21,688012,-0.0001489594578742981,-0.004811102990061045,0.0001489594578742981,0.0,vanilla_transformer_v10,2026-08-03 14:03:00
2025-05-21,002371,-0.00020659714937210083,-0.009741065092384815,0.00020659714937210083,0.0,vanilla_transformer_v10,2026-08-03 14:03:00
2025-05-21,300782,-0.0004931241273880005,-0.010044993832707405,0.0004931241273880005,0.0,vanilla_transformer_v10,2026-08-03 14:03:00
2025-05-21,601012,-0.0007257834076881409,-0.007972458377480507,0.0007257834076881409,0.0,vanilla_transformer_v10,2026-08-03 14:03:00
2025-05-21,600036,-0.0008043870329856873,0.013774203136563301,0.0008043870329856873,0.0,vanilla_transformer_v10,2026-08-03 14:03:00
2025-05-21,600438,-0.0008968636393547058,-0.011147203855216503,0.0008968636393547058,0.0,vanilla_transformer_v10,2026-08-03 14:03:00
2025-05-21,000568,-0.0009543001651763916,-0.0048215873539447784,0.0009543001651763916,0.0,vanilla_transformer_v10,2026-08-03 14:03:00
2025-05-21,002230,-0.0010297894477844238,0.0014962871791794896,0.0010297894477844238,0.0,vanilla_transformer_v10,2026-08-03 14:03:00
2025-05-21,002594,-0.0010342076420783997,-0.0029915582854300737,0.0010342076420783997,0.0,vanilla_transformer_v10,2026-08-03 14:03:00
2025-05-21,600887,-0.0010558292269706726,0.005253134295344353,0.0010558292269706726,0.0,vanilla_transformer_v10,2026-08-03 14:03:00
2025-05-21,688981,-0.0010846778750419617,-0.003097452921792865,0.0010846778750419617,0.0,vanilla_transformer_v10,2026-08-03 14:03:00
2025-05-21,000858,-0.0013424381613731384,-0.0013155480846762657,0.0013424381613731384,0.0,vanilla_transformer_v10,2026-08-03 14:03:00
2025-05-21,300308,-0.0014396682381629944,-0.013348166830837727,0.0014396682381629944,0.0,vanilla_transformer_v10,2026-08-03 14:03:00
2025-05-21,601318,-0.001520305871963501,-0.0001859830808825791,0.001520305871963501,0.0,vanilla_transformer_v10,2026-08-03 14:03:00
2025-05-21,600584,-0.0017178058624267578,-0.005421403329819441,0.0017178058624267578,0.0,vanilla_transformer_v10,2026-08-03 14:03:00
2025-05-21,603501,-0.001745469868183136,0.018383685499429703,0.001745469868183136,0.0,vanilla_transformer_v10,2026-08-03 14:03:00
2025-05-21,600519,-0.0017609819769859314,-0.0006138953613117337,0.0017609819769859314,0.0,vanilla_transformer_v10,2026-08-03 14:03:00
2025-05-21,000977,-0.0019010603427886963,-0.013222405686974525,0.0019010603427886963,0.0,vanilla_transformer_v10,2026-08-03 14:03:00
2025-05-21,601138,-0.002022355794906616,0.004075169563293457,0.002022355794906616,0.0,vanilla_transformer_v10,2026-08-03 14:03:00
2025-05-22,002465,0.00230446457862854,-0.012725516222417355,0.00230446457862854,1.0,vanilla_transformer_v10,2026-08-03 14:03:00
2025-05-22,601138,0.0005370602011680603,-0.013648983091115952,0.0005370602011680603,1.0,vanilla_transformer_v10,2026-08-03 14:03:00
2025-05-22,600036,0.0004966631531715393,-0.01037802267819643,0.0004966631531715393,1.0,vanilla_transformer_v10,2026-08-03 14:03:00
2025-05-22,603501,-0.00011399388313293457,-0.022471608594059944,0.00011399388313293457,0.0,vanilla_transformer_v10,2026-08-03 14:03:00
2025-05-22,300454,-0.00015529245138168335,-0.00242237513884902,0.00015529245138168335,0.0,vanilla_transformer_v10,2026-08-03 14:03:00
2025-05-22,002371,-0.00040478259325027466,0.0047171530313789845,0.00040478259325027466,0.0,vanilla_transformer_v10,2026-08-03 14:03:00
2025-05-22,688012,-0.0004792734980583191,-0.006146510597318411,0.0004792734980583191,0.0,vanilla_transformer_v10,2026-08-03 14:03:00
2025-05-22,300750,-0.0005737096071243286,-0.012590042315423489,0.0005737096071243286,0.0,vanilla_transformer_v10,2026-08-03 14:03:00
2025-05-22,600887,-0.0006776601076126099,0.0013047903776168823,0.0006776601076126099,0.0,vanilla_transformer_v10,2026-08-03 14:03:00
2025-05-22,300782,-0.0007683485746383667,-0.01971663162112236,0.0007683485746383667,0.0,vanilla_transformer_v10,2026-08-03 14:03:00
2025-05-22,002230,-0.001009918749332428,-0.0144416568800807,0.001009918749332428,0.0,vanilla_transformer_v10,2026-08-03 14:03:00
2025-05-22,000568,-0.0010259374976158142,-0.002131122164428234,0.0010259374976158142,0.0,vanilla_transformer_v10,2026-08-03 14:03:00
2025-05-22,600584,-0.0010531321167945862,-0.007938518188893795,0.0010531321167945862,0.0,vanilla_transformer_v10,2026-08-03 14:03:00
2025-05-22,300308,-0.0012142658233642578,-0.027806829661130905,0.0012142658233642578,0.0,vanilla_transformer_v10,2026-08-03 14:03:00
2025-05-22,688981,-0.0014140307903289795,-0.010917269624769688,0.0014140307903289795,0.0,vanilla_transformer_v10,2026-08-03 14:03:00
2025-05-22,601012,-0.0014248490333557129,-0.006029828451573849,0.0014248490333557129,0.0,vanilla_transformer_v10,2026-08-03 14:03:00
2025-05-22,000977,-0.001463271677494049,-0.014708537608385086,0.001463271677494049,0.0,vanilla_transformer_v10,2026-08-03 14:03:00
2025-05-22,600438,-0.0015889182686805725,-0.008846531622111797,0.0015889182686805725,0.0,vanilla_transformer_v10,2026-08-03 14:03:00
2025-05-22,000858,-0.0016581043601036072,-0.00730644166469574,0.0016581043601036072,0.0,vanilla_transformer_v10,2026-08-03 14:03:00
2025-05-22,002594,-0.001668490469455719,0.015416457317769527,0.001668490469455719,0.0,vanilla_transformer_v10,2026-08-03 14:03:00
2025-05-22,601318,-0.0017954930663108826,-0.011410879902541637,0.0017954930663108826,0.0,vanilla_transformer_v10,2026-08-03 14:03:00
2025-05-22,600519,-0.001961357891559601,-0.0046941558830440044,0.001961357891559601,0.0,vanilla_transformer_v10,2026-08-03 14:03:00
2025-05-23,002465,0.002217419445514679,0.03667252138257027,0.002217419445514679,1.0,vanilla_transformer_v10,2026-08-03 14:03:00
2025-05-23,300454,0.000654757022857666,0.00461945403367281,0.000654757022857666,1.0,vanilla_transformer_v10,2026-08-03 14:03:00
2025-05-23,300782,0.0001249164342880249,0.01688157021999359,0.0001249164342880249,1.0,vanilla_transformer_v10,2026-08-03 14:03:00
2025-05-23,688012,-6.985664367675781e-05,-0.00022837567667011172,6.985664367675781e-05,0.0,vanilla_transformer_v10,2026-08-03 14:03:00
2025-05-23,601138,-0.00022458285093307495,-0.0018340216483920813,0.00022458285093307495,0.0,vanilla_transformer_v10,2026-08-03 14:03:00
2025-05-23,600584,-0.0003244951367378235,0.004886340349912643,0.0003244951367378235,0.0,vanilla_transformer_v10,2026-08-03 14:03:00
2025-05-23,600887,-0.0004367902874946594,0.005865168292075396,0.0004367902874946594,0.0,vanilla_transformer_v10,2026-08-03 14:03:00
2025-05-23,002371,-0.00048182159662246704,0.015667036175727844,0.00048182159662246704,0.0,vanilla_transformer_v10,2026-08-03 14:03:00
2025-05-23,000568,-0.0005471482872962952,-0.0193092729896307,0.0005471482872962952,0.0,vanilla_transformer_v10,2026-08-03 14:03:00
2025-05-23,601012,-0.0005609989166259766,0.004711793269962072,0.0005609989166259766,0.0,vanilla_transformer_v10,2026-08-03 14:03:00
2025-05-23,002594,-0.0005635842680931091,-0.06109462305903435,0.0005635842680931091,0.0,vanilla_transformer_v10,2026-08-03 14:03:00
2025-05-23,601318,-0.0008482933044433594,0.0031931905541568995,0.0008482933044433594,0.0,vanilla_transformer_v10,2026-08-03 14:03:00
2025-05-23,002230,-0.0008537024259567261,0.0017230105586349964,0.0008537024259567261,0.0,vanilla_transformer_v10,2026-08-03 14:03:00
2025-05-23,600438,-0.0008550584316253662,0.017086219042539597,0.0008550584316253662,0.0,vanilla_transformer_v10,2026-08-03 14:03:00
2025-05-23,300308,-0.0008942708373069763,0.005326640792191029,0.0008942708373069763,0.0,vanilla_transformer_v10,2026-08-03 14:03:00
2025-05-23,000858,-0.0009031966328620911,-0.013672346249222755,0.0009031966328620911,0.0,vanilla_transformer_v10,2026-08-03 14:03:00
2025-05-23,000977,-0.0009277835488319397,0.027771715074777603,0.0009277835488319397,0.0,vanilla_transformer_v10,2026-08-03 14:03:00
2025-05-23,688981,-0.0009828507900238037,0.013419803231954575,0.0009828507900238037,0.0,vanilla_transformer_v10,2026-08-03 14:03:00
2025-05-23,600036,-0.001075558364391327,-0.005710440222173929,0.001075558364391327,0.0,vanilla_transformer_v10,2026-08-03 14:03:00
2025-05-23,300750,-0.0011817291378974915,-0.04242084547877312,0.0011817291378974915,0.0,vanilla_transformer_v10,2026-08-03 14:03:00
2025-05-23,603501,-0.001458972692489624,-0.01060539111495018,0.001458972692489624,0.0,vanilla_transformer_v10,2026-08-03 14:03:00
2025-05-23,600519,-0.0014590546488761902,-0.014152762480080128,0.0014590546488761902,0.0,vanilla_transformer_v10,2026-08-03 14:03:00
2025-05-26,002465,0.0024246349930763245,0.022716691717505455,0.0024246349930763245,1.0,vanilla_transformer_v10,2026-08-03 14:03:00
2025-05-26,300750,0.00027830153703689575,-0.007485141512006521,0.00027830153703689575,1.0,vanilla_transformer_v10,2026-08-03 14:03:00
2025-05-26,300454,0.00019691139459609985,-0.03268009424209595,0.00019691139459609985,1.0,vanilla_transformer_v10,2026-08-03 14:03:00
2025-05-26,688012,-0.00011308491230010986,-0.0077959694899618626,0.00011308491230010986,0.0,vanilla_transformer_v10,2026-08-03 14:03:00
2025-05-26,000858,-0.0003535524010658264,-0.001978061394765973,0.0003535524010658264,0.0,vanilla_transformer_v10,2026-08-03 14:03:00
2025-05-26,002371,-0.00038320571184158325,-0.0055027068592607975,0.00038320571184158325,0.0,vanilla_transformer_v10,2026-08-03 14:03:00
2025-05-26,000568,-0.0004946961998939514,-0.0027638019528239965,0.0004946961998939514,0.0,vanilla_transformer_v10,2026-08-03 14:03:00
2025-05-26,000977,-0.0005680248141288757,-0.027362482622265816,0.0005680248141288757,0.0,vanilla_transformer_v10,2026-08-03 14:03:00
2025-05-26,300782,-0.0007436424493789673,-0.007635677233338356,0.0007436424493789673,0.0,vanilla_transformer_v10,2026-08-03 14:03:00
2025-05-26,002594,-0.0007999911904335022,-0.022791916504502296,0.0007999911904335022,0.0,vanilla_transformer_v10,2026-08-03 14:03:00
2025-05-26,601318,-0.0008116662502288818,0.0,0.0008116662502288818,0.0,vanilla_transformer_v10,2026-08-03 14:03:00
2025-05-26,600438,-0.0009558424353599548,-0.010591120459139347,0.0009558424353599548,0.0,vanilla_transformer_v10,2026-08-03 14:03:00
2025-05-26,688981,-0.0010165348649024963,-0.012214258313179016,0.0010165348649024963,0.0,vanilla_transformer_v10,2026-08-03 14:03:00
2025-05-26,601138,-0.0011085942387580872,-0.01526041142642498,0.0011085942387580872,0.0,vanilla_transformer_v10,2026-08-03 14:03:00
2025-05-26,603501,-0.0013225972652435303,-0.015257874503731728,0.0013225972652435303,0.0,vanilla_transformer_v10,2026-08-03 14:03:00
2025-05-26,600584,-0.0013500973582267761,-0.013558119535446167,0.0013500973582267761,0.0,vanilla_transformer_v10,2026-08-03 14:03:00
2025-05-26,600887,-0.0014794766902923584,-0.0048845503479242325,0.0014794766902923584,0.0,vanilla_transformer_v10,2026-08-03 14:03:00
2025-05-26,601012,-0.0015667006373405457,-0.03738269954919815,0.0015667006373405457,0.0,vanilla_transformer_v10,2026-08-03 14:03:00
2025-05-26,300308,-0.001568421721458435,-0.0241120383143425,0.001568421721458435,0.0,vanilla_transformer_v10,2026-08-03 14:03:00
2025-05-26,002230,-0.0015944913029670715,-0.006524786818772554,0.0015944913029670715,0.0,vanilla_transformer_v10,2026-08-03 14:03:00
2025-05-26,600519,-0.0016340091824531555,-0.004266268108040094,0.0016340091824531555,0.0,vanilla_transformer_v10,2026-08-03 14:03:00
2025-05-26,600036,-0.001974359154701233,-0.0013561103260144591,0.001974359154701233,0.0,vanilla_transformer_v10,2026-08-03 14:03:00
2025-05-27,601012,0.003495931625366211,-0.0062685091979801655,0.003495931625366211,1.0,vanilla_transformer_v10,2026-08-03 14:03:00
2025-05-27,002465,0.002126649022102356,-0.009656486101448536,0.002126649022102356,1.0,vanilla_transformer_v10,2026-08-03 14:03:00
2025-05-27,300454,0.001411139965057373,-0.01071479544043541,0.001411139965057373,1.0,vanilla_transformer_v10,2026-08-03 14:03:00
2025-05-27,300308,0.00043126195669174194,0.026912838220596313,0.00043126195669174194,1.0,vanilla_transformer_v10,2026-08-03 14:03:00
2025-05-27,601138,0.0001889839768409729,0.00603950722143054,0.0001889839768409729,1.0,vanilla_transformer_v10,2026-08-03 14:03:00
2025-05-27,002594,-3.6269426345825195e-05,-0.0259223785251379,3.6269426345825195e-05,0.0,vanilla_transformer_v10,2026-08-03 14:03:00
2025-05-27,300750,-0.00021772831678390503,-0.0015450062928721309,0.00021772831678390503,0.0,vanilla_transformer_v10,2026-08-03 14:03:00
2025-05-27,000977,-0.00030394643545150757,-0.005333126988261938,0.00030394643545150757,0.0,vanilla_transformer_v10,2026-08-03 14:03:00
2025-05-27,688012,-0.0003904402256011963,-0.012799525633454323,0.0003904402256011963,0.0,vanilla_transformer_v10,2026-08-03 14:03:00
2025-05-27,000568,-0.00040702521800994873,-0.0015113019617274404,0.00040702521800994873,0.0,vanilla_transformer_v10,2026-08-03 14:03:00
2025-05-27,000858,-0.0006694942712783813,0.006002917420119047,0.0006694942712783813,0.0,vanilla_transformer_v10,2026-08-03 14:03:00
2025-05-27,300782,-0.0011114701628684998,-0.006525618024170399,0.0011114701628684998,0.0,vanilla_transformer_v10,2026-08-03 14:03:00
2025-05-27,002230,-0.0011160597205162048,-0.006777613423764706,0.0011160597205162048,0.0,vanilla_transformer_v10,2026-08-03 14:03:00
2025-05-27,600887,-0.0011772587895393372,0.011361771263182163,0.0011772587895393372,0.0,vanilla_transformer_v10,2026-08-03 14:03:00
2025-05-27,603501,-0.0012529119849205017,-0.0032876741606742144,0.0012529119849205017,0.0,vanilla_transformer_v10,2026-08-03 14:03:00
2025-05-27,600036,-0.0013165920972824097,-0.0013579518999904394,0.0013165920972824097,0.0,vanilla_transformer_v10,2026-08-03 14:03:00
2025-05-27,688981,-0.0013482272624969482,-0.011999417096376419,0.0013482272624969482,0.0,vanilla_transformer_v10,2026-08-03 14:03:00
2025-05-27,600584,-0.001385606825351715,-0.009001112543046474,0.001385606825351715,0.0,vanilla_transformer_v10,2026-08-03 14:03:00
2025-05-27,002371,-0.0013875365257263184,-0.02802230231463909,0.0013875365257263184,0.0,vanilla_transformer_v10,2026-08-03 14:03:00
2025-05-27,600519,-0.00140303373336792,-0.004479040391743183,0.00140303373336792,0.0,vanilla_transformer_v10,2026-08-03 14:03:00
2025-05-27,600438,-0.0016586631536483765,-0.004128360189497471,0.0016586631536483765,0.0,vanilla_transformer_v10,2026-08-03 14:03:00
2025-05-27,601318,-0.0016989633440971375,-0.0020650175865739584,0.0016989633440971375,0.0,vanilla_transformer_v10,2026-08-03 14:03:00
2025-05-28,002465,0.0020353272557258606,0.024739393964409828,0.0020353272557258606,1.0,vanilla_transformer_v10,2026-08-03 14:03:00
2025-05-28,300454,0.001484699547290802,0.03502018749713898,0.001484699547290802,1.0,vanilla_transformer_v10,2026-08-03 14:03:00
2025-05-28,688012,0.0008683353662490845,0.03324850648641586,0.0008683353662490845,1.0,vanilla_transformer_v10,2026-08-03 14:03:00
2025-05-28,002371,0.0007301345467567444,0.018750440329313278,0.0007301345467567444,1.0,vanilla_transformer_v10,2026-08-03 14:03:00
2025-05-28,601012,0.000378437340259552,0.012463079765439034,0.000378437340259552,1.0,vanilla_transformer_v10,2026-08-03 14:03:00
2025-05-28,002594,0.00010943412780761719,-0.004844428971409798,0.00010943412780761719,1.0,vanilla_transformer_v10,2026-08-03 14:03:00
2025-05-28,300308,0.00010283291339874268,0.02474798634648323,0.00010283291339874268,1.0,vanilla_transformer_v10,2026-08-03 14:03:00
2025-05-28,601138,3.4518539905548096e-05,0.05846988782286644,3.4518539905548096e-05,1.0,vanilla_transformer_v10,2026-08-03 14:03:00
2025-05-28,300750,-0.00010535866022109985,-0.006909562274813652,0.00010535866022109985,0.0,vanilla_transformer_v10,2026-08-03 14:03:00
2025-05-28,000858,-0.000309869647026062,0.0031460083555430174,0.000309869647026062,0.0,vanilla_transformer_v10,2026-08-03 14:03:00
2025-05-28,600887,-0.0004156455397605896,-0.01857118308544159,0.0004156455397605896,0.0,vanilla_transformer_v10,2026-08-03 14:03:00
2025-05-28,300782,-0.0005123838782310486,0.022722145542502403,0.0005123838782310486,0.0,vanilla_transformer_v10,2026-08-03 14:03:00
2025-05-28,000568,-0.0005310475826263428,0.0007559364894405007,0.0005310475826263428,0.0,vanilla_transformer_v10,2026-08-03 14:03:00
2025-05-28,600584,-0.0005645006895065308,0.019497709348797798,0.0005645006895065308,0.0,vanilla_transformer_v10,2026-08-03 14:03:00
2025-05-28,603501,-0.0005762726068496704,0.013314400799572468,0.0005762726068496704,0.0,vanilla_transformer_v10,2026-08-03 14:03:00
2025-05-28,688981,-0.0005781650543212891,0.017286619171500206,0.0005781650543212891,0.0,vanilla_transformer_v10,2026-08-03 14:03:00
2025-05-28,000977,-0.0008570253849029541,0.03110191971063614,0.0008570253849029541,0.0,vanilla_transformer_v10,2026-08-03 14:03:00
2025-05-28,002230,-0.0010417327284812927,0.025375554338097572,0.0010417327284812927,0.0,vanilla_transformer_v10,2026-08-03 14:03:00
2025-05-28,600519,-0.0013352036476135254,0.0019504213705658913,0.0013352036476135254,0.0,vanilla_transformer_v10,2026-08-03 14:03:00
2025-05-28,601318,-0.0015005245804786682,0.004312911070883274,0.0015005245804786682,0.0,vanilla_transformer_v10,2026-08-03 14:03:00
2025-05-28,600438,-0.001641683280467987,0.007066789083182812,0.001641683280467987,0.0,vanilla_transformer_v10,2026-08-03 14:03:00
2025-05-28,600036,-0.0018925741314888,-0.00483347475528717,0.0018925741314888,0.0,vanilla_transformer_v10,2026-08-03 14:03:00
2025-05-29,601138,0.0025068074464797974,-0.04011232778429985,0.0025068074464797974,1.0,vanilla_transformer_v10,2026-08-03 14:03:00
2025-05-29,002465,0.001622132956981659,0.07687950134277344,0.001622132956981659,1.0,vanilla_transformer_v10,2026-08-03 14:03:00
2025-05-29,300454,0.0006618201732635498,-0.006772912107408047,0.0006618201732635498,1.0,vanilla_transformer_v10,2026-08-03 14:03:00
2025-05-29,002594,0.0005093440413475037,-0.02474464476108551,0.0005093440413475037,1.0,vanilla_transformer_v10,2026-08-03 14:03:00
2025-05-29,688012,0.00023642927408218384,-0.009631256572902203,0.00023642927408218384,1.0,vanilla_transformer_v10,2026-08-03 14:03:00
2025-05-29,002371,-6.062537431716919e-05,-0.01583199016749859,6.062537431716919e-05,0.0,vanilla_transformer_v10,2026-08-03 14:03:00
2025-05-29,300750,-9.58368182182312e-05,-0.0073758019134402275,9.58368182182312e-05,0.0,vanilla_transformer_v10,2026-08-03 14:03:00
2025-05-29,601012,-0.00010967999696731567,-0.010380959138274193,0.00010967999696731567,0.0,vanilla_transformer_v10,2026-08-03 14:03:00
2025-05-29,600584,-0.00039771944284439087,-0.016376003623008728,0.00039771944284439087,0.0,vanilla_transformer_v10,2026-08-03 14:03:00
2025-05-29,603501,-0.00040686875581741333,-0.02809758111834526,0.00040686875581741333,0.0,vanilla_transformer_v10,2026-08-03 14:03:00
2025-05-29,300782,-0.0005159229040145874,-0.01619652844965458,0.0005159229040145874,0.0,vanilla_transformer_v10,2026-08-03 14:03:00
2025-05-29,688981,-0.0005329027771949768,-0.016311604529619217,0.0005329027771949768,0.0,vanilla_transformer_v10,2026-08-03 14:03:00
2025-05-29,000977,-0.000707380473613739,-0.02042325958609581,0.000707380473613739,0.0,vanilla_transformer_v10,2026-08-03 14:03:00
2025-05-29,002230,-0.0009350180625915527,-0.014019736088812351,0.0009350180625915527,0.0,vanilla_transformer_v10,2026-08-03 14:03:00
2025-05-29,000568,-0.0009372085332870483,-0.01839100942015648,0.0009372085332870483,0.0,vanilla_transformer_v10,2026-08-03 14:03:00
2025-05-29,300308,-0.001001216471195221,-0.014762145467102528,0.001001216471195221,0.0,vanilla_transformer_v10,2026-08-03 14:03:00
2025-05-29,601318,-0.001003555953502655,-0.00450085150077939,0.001003555953502655,0.0,vanilla_transformer_v10,2026-08-03 14:03:00
2025-05-29,600887,-0.0013926103711128235,-0.0036221740301698446,0.0013926103711128235,0.0,vanilla_transformer_v10,2026-08-03 14:03:00
2025-05-29,600519,-0.001508183777332306,-0.01175727415829897,0.001508183777332306,0.0,vanilla_transformer_v10,2026-08-03 14:03:00
2025-05-29,000858,-0.0015720948576927185,-0.006933379918336868,0.0015720948576927185,0.0,vanilla_transformer_v10,2026-08-03 14:03:00
2025-05-29,600438,-0.0017283782362937927,-0.042612962424755096,0.0017283782362937927,0.0,vanilla_transformer_v10,2026-08-03 14:03:00
2025-05-29,600036,-0.0017606094479560852,-0.0009254159522242844,0.0017606094479560852,0.0,vanilla_transformer_v10,2026-08-03 14:03:00
2025-05-30,600438,0.0027307048439979553,-0.006198539864271879,0.0027307048439979553,1.0,vanilla_transformer_v10,2026-08-03 14:03:00
2025-05-30,002465,0.002727024257183075,0.004373258911073208,0.002727024257183075,1.0,vanilla_transformer_v10,2026-08-03 14:03:00
2025-05-30,601138,0.002051323652267456,-0.007302633952349424,0.002051323652267456,1.0,vanilla_transformer_v10,2026-08-03 14:03:00
2025-05-30,002594,0.00109158456325531,0.010447937063872814,0.00109158456325531,1.0,vanilla_transformer_v10,2026-08-03 14:03:00
2025-05-30,601012,0.0010738000273704529,-0.002082121092826128,0.0010738000273704529,1.0,vanilla_transformer_v10,2026-08-03 14:03:00
2025-05-30,300454,0.000934794545173645,0.009645842015743256,0.000934794545173645,1.0,vanilla_transformer_v10,2026-08-03 14:03:00
2025-05-30,000568,0.0007257089018821716,-0.013083863072097301,0.0007257089018821716,1.0,vanilla_transformer_v10,2026-08-03 14:03:00
2025-05-30,300750,0.0004172772169113159,0.004590226802974939,0.0004172772169113159,1.0,vanilla_transformer_v10,2026-08-03 14:03:00
2025-05-30,603501,0.00035843998193740845,0.0,0.00035843998193740845,1.0,vanilla_transformer_v10,2026-08-03 14:03:00
2025-05-30,600036,-0.0001392960548400879,0.012356113642454147,0.0001392960548400879,0.0,vanilla_transformer_v10,2026-08-03 14:03:00
2025-05-30,002371,-0.0003414228558540344,0.014727381989359856,0.0003414228558540344,0.0,vanilla_transformer_v10,2026-08-03 14:03:00
2025-05-30,000977,-0.0004876852035522461,0.0012201571371406317,0.0004876852035522461,0.0,vanilla_transformer_v10,2026-08-03 14:03:00
2025-05-30,300782,-0.0005346611142158508,0.0019952014554291964,0.0005346611142158508,0.0,vanilla_transformer_v10,2026-08-03 14:03:00
2025-05-30,688012,-0.0005599111318588257,0.021959105506539345,0.0005599111318588257,0.0,vanilla_transformer_v10,2026-08-03 14:03:00
2025-05-30,600584,-0.0005787685513496399,-0.004051664378494024,0.0005787685513496399,0.0,vanilla_transformer_v10,2026-08-03 14:03:00
2025-05-30,600519,-0.0006010681390762329,-0.008578624576330185,0.0006010681390762329,0.0,vanilla_transformer_v10,2026-08-03 14:03:00
2025-05-30,601318,-0.0007116943597793579,0.010656630620360374,0.0007116943597793579,0.0,vanilla_transformer_v10,2026-08-03 14:03:00
2025-05-30,688981,-0.0007985979318618774,0.004618384409695864,0.0007985979318618774,0.0,vanilla_transformer_v10,2026-08-03 14:03:00
2025-05-30,000858,-0.0010837391018867493,-0.014017479494214058,0.0010837391018867493,0.0,vanilla_transformer_v10,2026-08-03 14:03:00
2025-05-30,002230,-0.0010924339294433594,0.039412349462509155,0.0010924339294433594,0.0,vanilla_transformer_v10,2026-08-03 14:03:00
2025-05-30,300308,-0.0011204853653907776,-0.019308222457766533,0.0011204853653907776,0.0,vanilla_transformer_v10,2026-08-03 14:03:00
2025-05-30,600887,-0.0011269673705101013,0.008873583748936653,0.0011269673705101013,0.0,vanilla_transformer_v10,2026-08-03 14:03:00
2025-06-03,002465,0.0023122653365135193,-0.022163845598697662,0.0023122653365135193,1.0,vanilla_transformer_v10,2026-08-03 14:03:00
2025-06-03,002230,0.0008416175842285156,0.002285119378939271,0.0008416175842285156,1.0,vanilla_transformer_v10,2026-08-03 14:03:00
2025-06-03,002594,0.0007746145129203796,0.012614306062459946,0.0007746145129203796,1.0,vanilla_transformer_v10,2026-08-03 14:03:00
2025-06-03,600438,0.0004993453621864319,0.007422530557960272,0.0004993453621864319,1.0,vanilla_transformer_v10,2026-08-03 14:03:00
2025-06-03,000568,0.0004820600152015686,-0.0035605391021817923,0.0004820600152015686,1.0,vanilla_transformer_v10,2026-08-03 14:03:00
2025-06-03,603501,0.0003097057342529297,0.02804057113826275,0.0003097057342529297,1.0,vanilla_transformer_v10,2026-08-03 14:03:00
2025-06-03,601138,0.0002084597945213318,0.033336419612169266,0.0002084597945213318,1.0,vanilla_transformer_v10,2026-08-03 14:03:00
2025-06-03,300454,0.00020776689052581787,0.02463071420788765,0.00020776689052581787,1.0,vanilla_transformer_v10,2026-08-03 14:03:00
2025-06-03,300750,-3.4555792808532715e-05,-0.0003955984429921955,3.4555792808532715e-05,0.0,vanilla_transformer_v10,2026-08-03 14:03:00
2025-06-03,601318,-0.00016113370656967163,-0.0016750942450016737,0.00016113370656967163,0.0,vanilla_transformer_v10,2026-08-03 14:03:00
2025-06-03,600584,-0.00016764551401138306,0.0124402716755867,0.00016764551401138306,0.0,vanilla_transformer_v10,2026-08-03 14:03:00
2025-06-03,002371,-0.00017252564430236816,0.0013165130512788892,0.00017252564430236816,0.0,vanilla_transformer_v10,2026-08-03 14:03:00
2025-06-03,601012,-0.00020143389701843262,0.00903805997222662,0.00020143389701843262,0.0,vanilla_transformer_v10,2026-08-03 14:03:00
2025-06-03,688012,-0.00024490058422088623,0.00289178267121315,0.00024490058422088623,0.0,vanilla_transformer_v10,2026-08-03 14:03:00
2025-06-03,000858,-0.00029134005308151245,-0.0010456547606736422,0.00029134005308151245,0.0,vanilla_transformer_v10,2026-08-03 14:03:00
2025-06-03,600036,-0.0003947839140892029,0.002044590190052986,0.0003947839140892029,0.0,vanilla_transformer_v10,2026-08-03 14:03:00
2025-06-03,600887,-0.0004766806960105896,0.0006502973847091198,0.0004766806960105896,0.0,vanilla_transformer_v10,2026-08-03 14:03:00
2025-06-03,300782,-0.0005947425961494446,0.00620277738198638,0.0005947425961494446,0.0,vanilla_transformer_v10,2026-08-03 14:03:00
2025-06-03,600519,-0.0007304996252059937,0.0006363539723679423,0.0007304996252059937,0.0,vanilla_transformer_v10,2026-08-03 14:03:00
2025-06-03,300308,-0.0007359236478805542,0.05861225724220276,0.0007359236478805542,0.0,vanilla_transformer_v10,2026-08-03 14:03:00
2025-06-03,688981,-0.0008270591497421265,0.008572343736886978,0.0008270591497421265,0.0,vanilla_transformer_v10,2026-08-03 14:03:00
2025-06-03,000977,-0.0010382533073425293,0.018405303359031677,0.0010382533073425293,0.0,vanilla_transformer_v10,2026-08-03 14:03:00
2025-06-04,601138,0.0036529377102851868,0.056838370859622955,0.0036529377102851868,1.0,vanilla_transformer_v10,2026-08-03 14:03:00
2025-06-04,002465,0.002130270004272461,-0.008230498991906643,0.002130270004272461,1.0,vanilla_transformer_v10,2026-08-03 14:03:00
2025-06-04,300308,0.0013836845755577087,0.05576622858643532,0.0013836845755577087,1.0,vanilla_transformer_v10,2026-08-03 14:03:00
2025-06-04,603501,0.0012466087937355042,0.034186575561761856,0.0012466087937355042,1.0,vanilla_transformer_v10,2026-08-03 14:03:00
2025-06-04,000568,0.0006263777613639832,0.010899823158979416,0.0006263777613639832,1.0,vanilla_transformer_v10,2026-08-03 14:03:00
2025-06-04,002594,0.0006234049797058105,0.0006412483053281903,0.0006234049797058105,1.0,vanilla_transformer_v10,2026-08-03 14:03:00
2025-06-04,300454,0.0004235208034515381,0.043398067355155945,0.0004235208034515381,1.0,vanilla_transformer_v10,2026-08-03 14:03:00
2025-06-04,600438,0.0003273189067840576,-0.004960853140801191,0.0003273189067840576,1.0,vanilla_transformer_v10,2026-08-03 14:03:00
2025-06-04,000977,0.000286199152469635,0.029025161638855934,0.000286199152469635,1.0,vanilla_transformer_v10,2026-08-03 14:03:00
2025-06-04,601012,0.0002857893705368042,0.0013644237769767642,0.0002857893705368042,1.0,vanilla_transformer_v10,2026-08-03 14:03:00
2025-06-04,600584,0.00027323514223098755,0.018046846613287926,0.00027323514223098755,1.0,vanilla_transformer_v10,2026-08-03 14:03:00
2025-06-04,300750,0.00025744736194610596,0.0017893558833748102,0.00025744736194610596,1.0,vanilla_transformer_v10,2026-08-03 14:03:00
2025-06-04,601318,8.762627840042114e-05,0.004275232087820768,8.762627840042114e-05,1.0,vanilla_transformer_v10,2026-08-03 14:03:00
2025-06-04,000858,-5.000084638595581e-05,0.003849545493721962,5.000084638595581e-05,0.0,vanilla_transformer_v10,2026-08-03 14:03:00
2025-06-04,002371,-0.00025612860918045044,0.010060486383736134,0.00025612860918045044,0.0,vanilla_transformer_v10,2026-08-03 14:03:00
2025-06-04,688012,-0.0003147050738334656,0.0032156151719391346,0.0003147050738334656,0.0,vanilla_transformer_v10,2026-08-03 14:03:00
2025-06-04,300782,-0.0003378763794898987,0.00493999570608139,0.0003378763794898987,0.0,vanilla_transformer_v10,2026-08-03 14:03:00
2025-06-04,600519,-0.00046812742948532104,0.0026721132453531027,0.00046812742948532104,0.0,vanilla_transformer_v10,2026-08-03 14:03:00
2025-06-04,688981,-0.0005796104669570923,0.014441977255046368,0.0005796104669570923,0.0,vanilla_transformer_v10,2026-08-03 14:03:00
2025-06-04,002230,-0.0008024647831916809,0.01283112820237875,0.0008024647831916809,0.0,vanilla_transformer_v10,2026-08-03 14:03:00
2025-06-04,600887,-0.0008310899138450623,-0.012827805243432522,0.0008310899138450623,0.0,vanilla_transformer_v10,2026-08-03 14:03:00
2025-06-04,600036,-0.0013874992728233337,0.00701544526964426,0.0013874992728233337,0.0,vanilla_transformer_v10,2026-08-03 14:03:00
2025-06-05,601138,0.0037742629647254944,-0.012213249690830708,0.0037742629647254944,1.0,vanilla_transformer_v10,2026-08-03 14:03:00
2025-06-05,002465,0.0026349276304244995,-0.027468718588352203,0.0026349276304244995,1.0,vanilla_transformer_v10,2026-08-03 14:03:00
2025-06-05,300308,0.0014518946409225464,0.005524223204702139,0.0014518946409225464,1.0,vanilla_transformer_v10,2026-08-03 14:03:00
2025-06-05,603501,0.0006743296980857849,-0.0014887108700349927,0.0006743296980857849,1.0,vanilla_transformer_v10,2026-08-03 14:03:00
2025-06-05,300454,0.00047641247510910034,0.01585143432021141,0.00047641247510910034,1.0,vanilla_transformer_v10,2026-08-03 14:03:00
2025-06-05,300750,0.0004690811038017273,-0.010469330474734306,0.0004690811038017273,1.0,vanilla_transformer_v10,2026-08-03 14:03:00
2025-06-05,600584,0.00036657601594924927,-0.0024642692878842354,0.00036657601594924927,1.0,vanilla_transformer_v10,2026-08-03 14:03:00
2025-06-05,600438,0.0003540217876434326,-0.008642514236271381,0.0003540217876434326,1.0,vanilla_transformer_v10,2026-08-03 14:03:00
2025-06-05,600887,0.0003522336483001709,-0.011106905527412891,0.0003522336483001709,1.0,vanilla_transformer_v10,2026-08-03 14:03:00
2025-06-05,000977,0.0003503859043121338,0.010258478112518787,0.0003503859043121338,1.0,vanilla_transformer_v10,2026-08-03 14:03:00
2025-06-05,002594,0.0002830326557159424,-0.002192631596699357,0.0002830326557159424,1.0,vanilla_transformer_v10,2026-08-03 14:03:00
2025-06-05,601318,0.00024363398551940918,-0.010816292837262154,0.00024363398551940918,1.0,vanilla_transformer_v10,2026-08-03 14:03:00
2025-06-05,000568,4.354119300842285e-05,-0.0009472692618146539,4.354119300842285e-05,1.0,vanilla_transformer_v10,2026-08-03 14:03:00
2025-06-05,688981,-4.112720489501953e-06,0.0020124304573982954,4.112720489501953e-06,0.0,vanilla_transformer_v10,2026-08-03 14:03:00
2025-06-05,002230,-0.00011393427848815918,0.0032915130723267794,0.00011393427848815918,0.0,vanilla_transformer_v10,2026-08-03 14:03:00
2025-06-05,002371,-0.00011657923460006714,0.001998061081394553,0.00011657923460006714,0.0,vanilla_transformer_v10,2026-08-03 14:03:00
2025-06-05,000858,-0.00013108551502227783,0.00048015289939939976,0.00013108551502227783,0.0,vanilla_transformer_v10,2026-08-03 14:03:00
2025-06-05,688012,-0.0001591891050338745,5.535106538445689e-05,0.0001591891050338745,0.0,vanilla_transformer_v10,2026-08-03 14:03:00
2025-06-05,300782,-0.0002052411437034607,-0.0030946561601012945,0.0002052411437034607,0.0,vanilla_transformer_v10,2026-08-03 14:03:00
2025-06-05,601012,-0.0002805367112159729,-0.002064851112663746,0.0002805367112159729,0.0,vanilla_transformer_v10,2026-08-03 14:03:00
2025-06-05,600519,-0.0006014928221702576,-0.0050389389507472515,0.0006014928221702576,0.0,vanilla_transformer_v10,2026-08-03 14:03:00
2025-06-05,600036,-0.00097762793302536,0.0022414769046008587,0.00097762793302536,0.0,vanilla_transformer_v10,2026-08-03 14:03:00
2025-06-06,002465,0.003788292407989502,0.012289761565625668,0.003788292407989502,1.0,vanilla_transformer_v10,2026-08-03 14:03:00
2025-06-06,600438,0.0014137253165245056,0.01115388609468937,0.0014137253165245056,1.0,vanilla_transformer_v10,2026-08-03 14:03:00
2025-06-06,600887,0.001399889588356018,0.004876594990491867,0.001399889588356018,1.0,vanilla_transformer_v10,2026-08-03 14:03:00
2025-06-06,300750,0.0013098642230033875,-0.013365112245082855,0.0013098642230033875,1.0,vanilla_transformer_v10,2026-08-03 14:03:00
2025-06-06,601138,0.001238897442817688,0.005914676934480667,0.001238897442817688,1.0,vanilla_transformer_v10,2026-08-03 14:03:00
2025-06-06,300308,0.0010823756456375122,0.0481242910027504,0.0010823756456375122,1.0,vanilla_transformer_v10,2026-08-03 14:03:00
2025-06-06,300454,0.0007575377821922302,0.011600472964346409,0.0007575377821922302,1.0,vanilla_transformer_v10,2026-08-03 14:03:00
2025-06-06,601318,0.0005550533533096313,0.005795672535896301,0.0005550533533096313,1.0,vanilla_transformer_v10,2026-08-03 14:03:00
2025-06-06,002594,0.00032051652669906616,-0.03339676558971405,0.00032051652669906616,1.0,vanilla_transformer_v10,2026-08-03 14:03:00
2025-06-06,601012,0.00024242699146270752,0.0007004272774793208,0.00024242699146270752,1.0,vanilla_transformer_v10,2026-08-03 14:03:00
2025-06-06,000568,2.5503337383270264e-05,0.0009472692618146539,2.5503337383270264e-05,1.0,vanilla_transformer_v10,2026-08-03 14:03:00
2025-06-06,000977,-1.2971460819244385e-05,0.009774427860975266,1.2971460819244385e-05,0.0,vanilla_transformer_v10,2026-08-03 14:03:00
2025-06-06,300782,-2.981722354888916e-05,0.016587994992733,2.981722354888916e-05,0.0,vanilla_transformer_v10,2026-08-03 14:03:00
2025-06-06,603501,-0.00015754997730255127,-0.01826433092355728,0.00015754997730255127,0.0,vanilla_transformer_v10,2026-08-03 14:03:00
2025-06-06,688012,-0.000172346830368042,-0.006719821132719517,0.000172346830368042,0.0,vanilla_transformer_v10,2026-08-03 14:03:00
2025-06-06,002371,-0.0002000555396080017,-0.0015786245930939913,0.0002000555396080017,0.0,vanilla_transformer_v10,2026-08-03 14:03:00
2025-06-06,600584,-0.0002765059471130371,0.0006577324820682406,0.0002765059471130371,0.0,vanilla_transformer_v10,2026-08-03 14:03:00
2025-06-06,600519,-0.00038583576679229736,-0.013553948141634464,0.00038583576679229736,0.0,vanilla_transformer_v10,2026-08-03 14:03:00
2025-06-06,002230,-0.00043080002069473267,0.0010244976729154587,0.00043080002069473267,0.0,vanilla_transformer_v10,2026-08-03 14:03:00
2025-06-06,688981,-0.0004332885146141052,-0.0015385529259219766,0.0004332885146141052,0.0,vanilla_transformer_v10,2026-08-03 14:03:00
2025-06-06,600036,-0.0004662349820137024,0.0029236015398055315,0.0004662349820137024,0.0,vanilla_transformer_v10,2026-08-03 14:03:00
2025-06-06,000858,-0.0006338879466056824,-0.0010422245832160115,0.0006338879466056824,0.0,vanilla_transformer_v10,2026-08-03 14:03:00
2025-06-09,002465,0.003529280424118042,-0.029424982145428658,0.003529280424118042,1.0,vanilla_transformer_v10,2026-08-03 14:03:00
2025-06-09,601012,0.002365522086620331,-0.012541557662189007,0.002365522086620331,1.0,vanilla_transformer_v10,2026-08-03 14:03:00
2025-06-09,300750,0.001324765384197235,-0.009970342740416527,0.001324765384197235,1.0,vanilla_transformer_v10,2026-08-03 14:03:00
2025-06-09,300308,0.0012143328785896301,-0.007213330827653408,0.0012143328785896301,1.0,vanilla_transformer_v10,2026-08-03 14:03:00
2025-06-09,600438,0.0011608600616455078,-0.01924651488661766,0.0011608600616455078,1.0,vanilla_transformer_v10,2026-08-03 14:03:00
2025-06-09,601138,0.0009280666708946228,-0.013571031391620636,0.0009280666708946228,1.0,vanilla_transformer_v10,2026-08-03 14:03:00
2025-06-09,002594,0.0007519200444221497,0.014235311187803745,0.0007519200444221497,1.0,vanilla_transformer_v10,2026-08-03 14:03:00
2025-06-09,600887,0.0003961026668548584,-0.008720031008124352,0.0003961026668548584,1.0,vanilla_transformer_v10,2026-08-03 14:03:00
2025-06-09,601318,0.00026010721921920776,-0.0054207430221140385,0.00026010721921920776,1.0,vanilla_transformer_v10,2026-08-03 14:03:00
2025-06-09,600519,-4.3392181396484375e-05,-0.007497506216168404,4.3392181396484375e-05,0.0,vanilla_transformer_v10,2026-08-03 14:03:00
2025-06-09,300454,-6.00963830947876e-05,-0.058971188962459564,6.00963830947876e-05,0.0,vanilla_transformer_v10,2026-08-03 14:03:00
2025-06-09,688012,-0.0001946091651916504,-0.042864926159381866,0.0001946091651916504,0.0,vanilla_transformer_v10,2026-08-03 14:03:00
2025-06-09,000568,-0.0002400130033493042,-0.00838061235845089,0.0002400130033493042,0.0,vanilla_transformer_v10,2026-08-03 14:03:00
2025-06-09,300782,-0.0002850070595741272,-0.022806188091635704,0.0002850070595741272,0.0,vanilla_transformer_v10,2026-08-03 14:03:00
2025-06-09,000977,-0.000308401882648468,-0.03652667626738548,0.000308401882648468,0.0,vanilla_transformer_v10,2026-08-03 14:03:00
2025-06-09,600036,-0.00034980475902557373,0.0015871997456997633,0.00034980475902557373,0.0,vanilla_transformer_v10,2026-08-03 14:03:00
2025-06-09,000858,-0.0003898143768310547,-0.0045707374811172485,0.0003898143768310547,0.0,vanilla_transformer_v10,2026-08-03 14:03:00
2025-06-09,002371,-0.00039343535900115967,-0.030261164531111717,0.00039343535900115967,0.0,vanilla_transformer_v10,2026-08-03 14:03:00
2025-06-09,603501,-0.00044367462396621704,-0.025670893490314484,0.00044367462396621704,0.0,vanilla_transformer_v10,2026-08-03 14:03:00
2025-06-09,002230,-0.0005922093987464905,-0.016932697966694832,0.0005922093987464905,0.0,vanilla_transformer_v10,2026-08-03 14:03:00
2025-06-09,600584,-0.0006019324064254761,-0.01774507574737072,0.0006019324064254761,0.0,vanilla_transformer_v10,2026-08-03 14:03:00
2025-06-09,688981,-0.0008453130722045898,-0.025308696553111076,0.0008453130722045898,0.0,vanilla_transformer_v10,2026-08-03 14:03:00
2025-06-10,002465,0.00341835618019104,0.002403584774583578,0.00341835618019104,1.0,vanilla_transformer_v10,2026-08-03 14:03:00
2025-06-10,601012,0.0017521083354949951,0.02896525338292122,0.0017521083354949951,1.0,vanilla_transformer_v10,2026-08-03 14:03:00
2025-06-10,600438,0.0015300735831260681,0.011187821626663208,0.0015300735831260681,1.0,vanilla_transformer_v10,2026-08-03 14:03:00
2025-06-10,300454,0.0011848807334899902,-0.014789680950343609,0.0011848807334899902,1.0,vanilla_transformer_v10,2026-08-03 14:03:00
2025-06-10,688012,0.001132681965827942,-0.008293471299111843,0.001132681965827942,1.0,vanilla_transformer_v10,2026-08-03 14:03:00
2025-06-10,000977,0.0011143311858177185,-0.007754123769700527,0.0011143311858177185,1.0,vanilla_transformer_v10,2026-08-03 14:03:00
2025-06-10,002594,0.0009729564189910889,0.02479376830160618,0.0009729564189910889,1.0,vanilla_transformer_v10,2026-08-03 14:03:00
2025-06-10,300750,0.0008617118000984192,0.029805529862642288,0.0008617118000984192,1.0,vanilla_transformer_v10,2026-08-03 14:03:00
2025-06-10,600887,0.0008461698889732361,-0.003862593322992325,0.0008461698889732361,1.0,vanilla_transformer_v10,2026-08-03 14:03:00
2025-06-10,000568,0.0005469992756843567,-0.0008680839673615992,0.0005469992756843567,1.0,vanilla_transformer_v10,2026-08-03 14:03:00
2025-06-10,601138,0.00023602694272994995,0.011884690262377262,0.00023602694272994995,1.0,vanilla_transformer_v10,2026-08-03 14:03:00
2025-06-10,601318,0.00010805577039718628,0.019121278077363968,0.00010805577039718628,1.0,vanilla_transformer_v10,2026-08-03 14:03:00
2025-06-10,600036,0.00010222196578979492,0.014214820228517056,0.00010222196578979492,1.0,vanilla_transformer_v10,2026-08-03 14:03:00
2025-06-10,002230,0.00010122358798980713,0.002080752281472087,0.00010122358798980713,1.0,vanilla_transformer_v10,2026-08-03 14:03:00
2025-06-10,603501,-5.97536563873291e-06,0.0025336879771202803,5.97536563873291e-06,0.0,vanilla_transformer_v10,2026-08-03 14:03:00
2025-06-10,600519,-0.000144079327583313,0.0033770950976759195,0.000144079327583313,0.0,vanilla_transformer_v10,2026-08-03 14:03:00
2025-06-10,300308,-0.00015930086374282837,0.001949345925822854,0.00015930086374282837,0.0,vanilla_transformer_v10,2026-08-03 14:03:00
2025-06-10,002371,-0.00020754337310791016,-0.0005982680595479906,0.00020754337310791016,0.0,vanilla_transformer_v10,2026-08-03 14:03:00
2025-06-10,600584,-0.00023230165243148804,-0.0025129851419478655,0.00023230165243148804,0.0,vanilla_transformer_v10,2026-08-03 14:03:00
2025-06-10,688981,-0.00026069581508636475,0.00714159058406949,0.00026069581508636475,0.0,vanilla_transformer_v10,2026-08-03 14:03:00
2025-06-10,300782,-0.00031675398349761963,0.0022827074863016605,0.00031675398349761963,0.0,vanilla_transformer_v10,2026-08-03 14:03:00
2025-06-10,000858,-0.00032438337802886963,0.0024878394324332476,0.00032438337802886963,0.0,vanilla_transformer_v10,2026-08-03 14:03:00
2025-06-11,601012,0.0028056055307388306,0.0013422127813100815,0.0028056055307388306,1.0,vanilla_transformer_v10,2026-08-03 14:03:00
2025-06-11,600438,0.0021635517477989197,-0.008690799586474895,0.0021635517477989197,1.0,vanilla_transformer_v10,2026-08-03 14:03:00
2025-06-11,300750,0.0018777623772621155,-0.0027587953954935074,0.0018777623772621155,1.0,vanilla_transformer_v10,2026-08-03 14:03:00
2025-06-11,601318,0.0014555230736732483,0.0063542709685862064,0.0014555230736732483,1.0,vanilla_transformer_v10,2026-08-03 14:03:00
2025-06-11,002594,0.001409977674484253,-0.024493660777807236,0.001409977674484253,1.0,vanilla_transformer_v10,2026-08-03 14:03:00
2025-06-11,002465,0.001277439296245575,0.0015265514375641942,0.001277439296245575,1.0,vanilla_transformer_v10,2026-08-03 14:03:00
2025-06-11,601138,0.0012579560279846191,0.012578782625496387,0.0012579560279846191,1.0,vanilla_transformer_v10,2026-08-03 14:03:00
2025-06-11,688012,0.0012483075261116028,-0.02325824275612831,0.0012483075261116028,1.0,vanilla_transformer_v10,2026-08-03 14:03:00
2025-06-11,600036,0.0008821040391921997,-0.0017764248186722398,0.0008821040391921997,1.0,vanilla_transformer_v10,2026-08-03 14:03:00
2025-06-11,000568,0.0004306212067604065,-0.017604198306798935,0.0004306212067604065,1.0,vanilla_transformer_v10,2026-08-03 14:03:00
2025-06-11,600887,0.0003160834312438965,-0.008119313046336174,0.0003160834312438965,1.0,vanilla_transformer_v10,2026-08-03 14:03:00
2025-06-11,600519,0.00013198703527450562,-0.014290492050349712,0.00013198703527450562,1.0,vanilla_transformer_v10,2026-08-03 14:03:00
2025-06-11,300454,5.778670310974121e-05,-0.008130567148327827,5.778670310974121e-05,1.0,vanilla_transformer_v10,2026-08-03 14:03:00
2025-06-11,600584,3.548711538314819e-05,-0.005550897214561701,3.548711538314819e-05,1.0,vanilla_transformer_v10,2026-08-03 14:03:00
2025-06-11,002371,-0.00018045306205749512,-0.030524326488375664,0.00018045306205749512,0.0,vanilla_transformer_v10,2026-08-03 14:03:00
2025-06-11,603501,-0.00022376328706741333,-0.011336153373122215,0.00022376328706741333,0.0,vanilla_transformer_v10,2026-08-03 14:03:00
2025-06-11,000977,-0.000462949275970459,-0.008615585044026375,0.000462949275970459,0.0,vanilla_transformer_v10,2026-08-03 14:03:00
2025-06-11,000858,-0.00048650801181793213,-0.017801135778427124,0.00048650801181793213,0.0,vanilla_transformer_v10,2026-08-03 14:03:00
2025-06-11,002230,-0.0005024746060371399,-0.003337418893352151,0.0005024746060371399,0.0,vanilla_transformer_v10,2026-08-03 14:03:00
2025-06-11,300782,-0.0006841644644737244,-0.005676101893186569,0.0006841644644737244,0.0,vanilla_transformer_v10,2026-08-03 14:03:00
2025-06-11,300308,-0.0007719248533248901,0.07164239883422852,0.0007719248533248901,0.0,vanilla_transformer_v10,2026-08-03 14:03:00
2025-06-11,688981,-0.0008346214890480042,-0.007749160751700401,0.0008346214890480042,0.0,vanilla_transformer_v10,2026-08-03 14:03:00
2025-06-12,601138,0.0031730011105537415,0.011599135585129261,0.0031730011105537415,1.0,vanilla_transformer_v10,2026-08-03 14:03:00
2025-06-12,002465,0.0030527785420417786,0.04224177449941635,0.0030527785420417786,1.0,vanilla_transformer_v10,2026-08-03 14:03:00
2025-06-12,300308,0.0020119547843933105,0.005593522451817989,0.0020119547843933105,1.0,vanilla_transformer_v10,2026-08-03 14:03:00
2025-06-12,601318,0.0015395432710647583,-0.0059865787625312805,0.0015395432710647583,1.0,vanilla_transformer_v10,2026-08-03 14:03:00
2025-06-12,688012,0.0014097169041633606,0.034397657960653305,0.0014097169041633606,1.0,vanilla_transformer_v10,2026-08-03 14:03:00
2025-06-12,600438,0.0012453868985176086,-0.004373888485133648,0.0012453868985176086,1.0,vanilla_transformer_v10,2026-08-03 14:03:00
2025-06-12,002371,0.001239486038684845,0.015562414191663265,0.001239486038684845,1.0,vanilla_transformer_v10,2026-08-03 14:03:00
2025-06-12,300454,0.0009606331586837769,-0.01281717699021101,0.0009606331586837769,1.0,vanilla_transformer_v10,2026-08-03 14:03:00
2025-06-12,000858,0.0008348375558853149,-0.027975520119071007,0.0008348375558853149,1.0,vanilla_transformer_v10,2026-08-03 14:03:00
2025-06-12,300750,0.0006190910935401917,-0.006466942373663187,0.0006190910935401917,1.0,vanilla_transformer_v10,2026-08-03 14:03:00
2025-06-12,000568,0.0005728974938392639,-0.03681033104658127,0.0005728974938392639,1.0,vanilla_transformer_v10,2026-08-03 14:03:00
2025-06-12,002594,0.0005591139197349548,-0.020698852837085724,0.0005591139197349548,1.0,vanilla_transformer_v10,2026-08-03 14:03:00
2025-06-12,600887,0.0005116090178489685,-0.007468818221241236,0.0005116090178489685,1.0,vanilla_transformer_v10,2026-08-03 14:03:00
2025-06-12,601012,0.0005089715123176575,-0.021940693259239197,0.0005089715123176575,1.0,vanilla_transformer_v10,2026-08-03 14:03:00
2025-06-12,600584,0.00022888928651809692,-0.00693977065384388,0.00022888928651809692,1.0,vanilla_transformer_v10,2026-08-03 14:03:00
2025-06-12,603501,-8.456408977508545e-06,-0.008704597130417824,8.456408977508545e-06,0.0,vanilla_transformer_v10,2026-08-03 14:03:00
2025-06-12,600519,-5.8166682720184326e-05,-0.02221207320690155,5.8166682720184326e-05,0.0,vanilla_transformer_v10,2026-08-03 14:03:00
2025-06-12,000977,-8.582323789596558e-05,-0.018680796027183533,8.582323789596558e-05,0.0,vanilla_transformer_v10,2026-08-03 14:03:00
2025-06-12,002230,-0.0001620277762413025,-0.0016728956252336502,0.0001620277762413025,0.0,vanilla_transformer_v10,2026-08-03 14:03:00
2025-06-12,300782,-0.0002479255199432373,-0.015140478499233723,0.0002479255199432373,0.0,vanilla_transformer_v10,2026-08-03 14:03:00
2025-06-12,600036,-0.00032729655504226685,-0.001101275091059506,0.00032729655504226685,0.0,vanilla_transformer_v10,2026-08-03 14:03:00
2025-06-12,688981,-0.0007003471255302429,0.006300759967416525,0.0007003471255302429,0.0,vanilla_transformer_v10,2026-08-03 14:03:00
2025-06-13,002465,0.0038178935647010803,-0.008285746909677982,0.0038178935647010803,1.0,vanilla_transformer_v10,2026-08-03 14:03:00
2025-06-13,000568,0.0024793148040771484,-0.0025703189894557,0.0024793148040771484,1.0,vanilla_transformer_v10,2026-08-03 14:03:00
2025-06-13,300454,0.001937858760356903,0.004071084316819906,0.001937858760356903,1.0,vanilla_transformer_v10,2026-08-03 14:03:00
2025-06-13,600438,0.0017089545726776123,-0.01711013726890087,0.0017089545726776123,1.0,vanilla_transformer_v10,2026-08-03 14:03:00
2025-06-13,000858,0.0014717131853103638,-0.007163593545556068,0.0014717131853103638,1.0,vanilla_transformer_v10,2026-08-03 14:03:00
2025-06-13,688012,0.0013984069228172302,0.008029387332499027,0.0013984069228172302,1.0,vanilla_transformer_v10,2026-08-03 14:03:00
2025-06-13,600887,0.0013160854578018188,0.0021390195470303297,0.0013160854578018188,1.0,vanilla_transformer_v10,2026-08-03 14:03:00
2025-06-13,002594,0.0012739300727844238,-0.004549712873995304,0.0012739300727844238,1.0,vanilla_transformer_v10,2026-08-03 14:03:00
2025-06-13,002230,0.0011628121137619019,0.000844471447635442,0.0011628121137619019,1.0,vanilla_transformer_v10,2026-08-03 14:03:00
2025-06-13,601138,0.0009042099118232727,0.015123934485018253,0.0009042099118232727,1.0,vanilla_transformer_v10,2026-08-03 14:03:00
2025-06-13,603501,0.0007248744368553162,0.01108658779412508,0.0007248744368553162,1.0,vanilla_transformer_v10,2026-08-03 14:03:00
2025-06-13,002371,0.0007026121020317078,0.0044465684331953526,0.0007026121020317078,1.0,vanilla_transformer_v10,2026-08-03 14:03:00
2025-06-13,600584,0.0006280988454818726,0.0012730746529996395,0.0006280988454818726,1.0,vanilla_transformer_v10,2026-08-03 14:03:00
2025-06-13,600519,0.0006153658032417297,-0.003271229565143585,0.0006153658032417297,1.0,vanilla_transformer_v10,2026-08-03 14:03:00
2025-06-13,601012,0.0005518868565559387,0.015142288990318775,0.0005518868565559387,1.0,vanilla_transformer_v10,2026-08-03 14:03:00
2025-06-13,300782,0.00045164674520492554,0.0010128801222890615,0.00045164674520492554,1.0,vanilla_transformer_v10,2026-08-03 14:03:00
2025-06-13,000977,0.00037707388401031494,0.012452248483896255,0.00037707388401031494,1.0,vanilla_transformer_v10,2026-08-03 14:03:00
2025-06-13,300750,0.00026722997426986694,-0.006212249863892794,0.00026722997426986694,1.0,vanilla_transformer_v10,2026-08-03 14:03:00
2025-06-13,300308,-0.00018374621868133545,0.033045992255210876,0.00018374621868133545,0.0,vanilla_transformer_v10,2026-08-03 14:03:00
2025-06-13,688981,-0.000316813588142395,0.002051282674074173,0.000316813588142395,0.0,vanilla_transformer_v10,2026-08-03 14:03:00
2025-06-13,601318,-0.0006842091679573059,-0.0029453295283019543,0.0006842091679573059,0.0,vanilla_transformer_v10,2026-08-03 14:03:00
2025-06-13,600036,-0.0014160647988319397,0.013177750632166862,0.0014160647988319397,0.0,vanilla_transformer_v10,2026-08-03 14:03:00
2025-06-16,601138,0.003726169466972351,-0.02964399941265583,0.003726169466972351,1.0,vanilla_transformer_v10,2026-08-03 14:03:00
2025-06-16,002465,0.003192998468875885,-0.02538532204926014,0.003192998468875885,1.0,vanilla_transformer_v10,2026-08-03 14:03:00
2025-06-16,300454,0.0020560920238494873,-0.005615827161818743,0.0020560920238494873,1.0,vanilla_transformer_v10,2026-08-03 14:03:00
2025-06-16,600438,0.001928970217704773,-0.004469086416065693,0.001928970217704773,1.0,vanilla_transformer_v10,2026-08-03 14:03:00
2025-06-16,000568,0.0018322393298149109,0.010786431841552258,0.0018322393298149109,1.0,vanilla_transformer_v10,2026-08-03 14:03:00
2025-06-16,300308,0.0015668049454689026,-0.010085570625960827,0.0015668049454689026,1.0,vanilla_transformer_v10,2026-08-03 14:03:00
2025-06-16,600887,0.0012361332774162292,0.000355327851139009,0.0012361332774162292,1.0,vanilla_transformer_v10,2026-08-03 14:03:00
2025-06-16,000858,0.0010547265410423279,-0.004748281557112932,0.0010547265410423279,1.0,vanilla_transformer_v10,2026-08-03 14:03:00
2025-06-16,601012,0.0007701143622398376,-0.004094384610652924,0.0007701143622398376,1.0,vanilla_transformer_v10,2026-08-03 14:03:00
2025-06-16,600584,0.0007380321621894836,-0.001527884160168469,0.0007380321621894836,1.0,vanilla_transformer_v10,2026-08-03 14:03:00
2025-06-16,002594,0.00071696937084198,-0.001988267060369253,0.00071696937084198,1.0,vanilla_transformer_v10,2026-08-03 14:03:00
2025-06-16,000977,0.0006134137511253357,-0.013677438721060753,0.0006134137511253357,1.0,vanilla_transformer_v10,2026-08-03 14:03:00
2025-06-16,601318,0.0006115585565567017,-0.0016605680575594306,0.0006115585565567017,1.0,vanilla_transformer_v10,2026-08-03 14:03:00
2025-06-16,688012,0.0005738288164138794,-0.012796561233699322,0.0005738288164138794,1.0,vanilla_transformer_v10,2026-08-03 14:03:00
2025-06-16,603501,0.0005345791578292847,-0.00716306222602725,0.0005345791578292847,1.0,vanilla_transformer_v10,2026-08-03 14:03:00
2025-06-16,600519,0.000487007200717926,0.003306147875264287,0.000487007200717926,1.0,vanilla_transformer_v10,2026-08-03 14:03:00
2025-06-16,002371,0.00047797709703445435,0.00847653578966856,0.00047797709703445435,1.0,vanilla_transformer_v10,2026-08-03 14:03:00
2025-06-16,300782,0.00038386136293411255,0.0030052203219383955,0.00038386136293411255,1.0,vanilla_transformer_v10,2026-08-03 14:03:00
2025-06-16,002230,0.00031919777393341064,-0.0056639062240719795,0.00031919777393341064,1.0,vanilla_transformer_v10,2026-08-03 14:03:00
2025-06-16,300750,0.0001619383692741394,-0.0016334153478965163,0.0001619383692741394,1.0,vanilla_transformer_v10,2026-08-03 14:03:00
2025-06-16,600036,-0.0003242120146751404,0.004382036626338959,0.0003242120146751404,0.0,vanilla_transformer_v10,2026-08-03 14:03:00
2025-06-16,688981,-0.0005349814891815186,-0.006773126777261496,0.0005349814891815186,0.0,vanilla_transformer_v10,2026-08-03 14:03:00
2025-06-17,002465,0.004097923636436462,0.00312786758877337,0.004097923636436462,1.0,vanilla_transformer_v10,2026-08-03 14:03:00
2025-06-17,601138,0.0036766603589057922,0.02680020220577717,0.0036766603589057922,1.0,vanilla_transformer_v10,2026-08-03 14:03:00
2025-06-17,603501,0.0023170635104179382,0.006234179716557264,0.0023170635104179382,1.0,vanilla_transformer_v10,2026-08-03 14:03:00
2025-06-17,300454,0.0020304247736930847,0.009232863783836365,0.0020304247736930847,1.0,vanilla_transformer_v10,2026-08-03 14:03:00
2025-06-17,000568,0.0019028112292289734,0.003088908502832055,0.0019028112292289734,1.0,vanilla_transformer_v10,2026-08-03 14:03:00
2025-06-17,600438,0.0018030181527137756,-0.012938912026584148,0.0018030181527137756,1.0,vanilla_transformer_v10,2026-08-03 14:03:00
2025-06-17,600887,0.0016478896141052246,-0.005356448702514172,0.0016478896141052246,1.0,vanilla_transformer_v10,2026-08-03 14:03:00
2025-06-17,601318,0.0015117451548576355,-0.007785987574607134,0.0015117451548576355,1.0,vanilla_transformer_v10,2026-08-03 14:03:00
2025-06-17,000858,0.0014009103178977966,0.0052558728493750095,0.0014009103178977966,1.0,vanilla_transformer_v10,2026-08-03 14:03:00
2025-06-17,688012,0.001121610403060913,0.005115100648254156,0.001121610403060913,1.0,vanilla_transformer_v10,2026-08-03 14:03:00
2025-06-17,600584,0.0009379535913467407,0.013080907054245472,0.0009379535913467407,1.0,vanilla_transformer_v10,2026-08-03 14:03:00
2025-06-17,300308,0.000933721661567688,0.04665405675768852,0.000933721661567688,1.0,vanilla_transformer_v10,2026-08-03 14:03:00
2025-06-17,002594,0.0007186532020568848,0.009291231632232666,0.0007186532020568848,1.0,vanilla_transformer_v10,2026-08-03 14:03:00
2025-06-17,000977,0.0006255507469177246,0.005135741084814072,0.0006255507469177246,1.0,vanilla_transformer_v10,2026-08-03 14:03:00
2025-06-17,601012,0.0005813911557197571,0.0006951444665901363,0.0005813911557197571,1.0,vanilla_transformer_v10,2026-08-03 14:03:00
2025-06-17,300782,0.0005571618676185608,-0.000709510175511241,0.0005571618676185608,1.0,vanilla_transformer_v10,2026-08-03 14:03:00
2025-06-17,002371,0.0005117133259773254,0.00019147242710459977,0.0005117133259773254,1.0,vanilla_transformer_v10,2026-08-03 14:03:00
2025-06-17,300750,0.0005082562565803528,-0.0028063629288226366,0.0005082562565803528,1.0,vanilla_transformer_v10,2026-08-03 14:03:00
2025-06-17,600519,0.0004405006766319275,-0.0014025390846654773,0.0004405006766319275,1.0,vanilla_transformer_v10,2026-08-03 14:03:00
2025-06-17,688981,7.269531488418579e-05,-0.004744245670735836,7.269531488418579e-05,1.0,vanilla_transformer_v10,2026-08-03 14:03:00
2025-06-17,002230,6.557255983352661e-05,0.0012648466508835554,6.557255983352661e-05,1.0,vanilla_transformer_v10,2026-08-03 14:03:00
2025-06-17,600036,-6.815046072006226e-05,-0.002835698425769806,6.815046072006226e-05,0.0,vanilla_transformer_v10,2026-08-03 14:03:00
2025-06-18,002465,0.004446946084499359,-0.04673541709780693,0.004446946084499359,1.0,vanilla_transformer_v10,2026-08-03 14:03:00
2025-06-18,601138,0.004167221486568451,-0.016407258808612823,0.004167221486568451,1.0,vanilla_transformer_v10,2026-08-03 14:03:00
2025-06-18,600887,0.0025079622864723206,-0.007551114074885845,0.0025079622864723206,1.0,vanilla_transformer_v10,2026-08-03 14:03:00
2025-06-18,300308,0.0021671652793884277,0.029580922797322273,0.0021671652793884277,1.0,vanilla_transformer_v10,2026-08-03 14:03:00
2025-06-18,600438,0.0020413845777511597,-0.02699638344347477,0.0020413845777511597,1.0,vanilla_transformer_v10,2026-08-03 14:03:00
2025-06-18,000568,0.001693524420261383,0.006233314983546734,0.001693524420261383,1.0,vanilla_transformer_v10,2026-08-03 14:03:00
2025-06-18,600584,0.0016549304127693176,-0.011213810183107853,0.0016549304127693176,1.0,vanilla_transformer_v10,2026-08-03 14:03:00
2025-06-18,002594,0.0015290230512619019,-0.01878279075026512,0.0015290230512619019,1.0,vanilla_transformer_v10,2026-08-03 14:03:00
2025-06-18,601318,0.0013941600918769836,-0.011417287401854992,0.0013941600918769836,1.0,vanilla_transformer_v10,2026-08-03 14:03:00
2025-06-18,000858,0.0013880729675292969,-0.008915136568248272,0.0013880729675292969,1.0,vanilla_transformer_v10,2026-08-03 14:03:00
2025-06-18,603501,0.0013522356748580933,0.004288867115974426,0.0013522356748580933,1.0,vanilla_transformer_v10,2026-08-03 14:03:00
2025-06-18,688012,0.0012125596404075623,0.006184454541653395,0.0012125596404075623,1.0,vanilla_transformer_v10,2026-08-03 14:03:00
2025-06-18,300454,0.0011151954531669617,-0.018886199221014977,0.0011151954531669617,1.0,vanilla_transformer_v10,2026-08-03 14:03:00
2025-06-18,300782,0.0009977743029594421,-0.015932098031044006,0.0009977743029594421,1.0,vanilla_transformer_v10,2026-08-03 14:03:00
2025-06-18,600519,0.0009404048323631287,0.0007020007469691336,0.0009404048323631287,1.0,vanilla_transformer_v10,2026-08-03 14:03:00
2025-06-18,300750,0.000680185854434967,-0.014215962029993534,0.000680185854434967,1.0,vanilla_transformer_v10,2026-08-03 14:03:00
2025-06-18,002371,0.0005340650677680969,0.018059350550174713,0.0005340650677680969,1.0,vanilla_transformer_v10,2026-08-03 14:03:00
2025-06-18,601012,0.0004522651433944702,-0.0179850235581398,0.0004522651433944702,1.0,vanilla_transformer_v10,2026-08-03 14:03:00
2025-06-18,688981,0.00043760985136032104,-0.004399371799081564,0.00043760985136032104,1.0,vanilla_transformer_v10,2026-08-03 14:03:00
2025-06-18,000977,0.000268690288066864,-0.015239326283335686,0.000268690288066864,1.0,vanilla_transformer_v10,2026-08-03 14:03:00
2025-06-18,002230,-0.0003119036555290222,-0.015425668098032475,0.0003119036555290222,0.0,vanilla_transformer_v10,2026-08-03 14:03:00
2025-06-18,600036,-0.000596068799495697,-0.0048140413127839565,0.000596068799495697,0.0,vanilla_transformer_v10,2026-08-03 14:03:00
2025-06-19,002465,0.004988417029380798,0.014451604336500168,0.004988417029380798,1.0,vanilla_transformer_v10,2026-08-03 14:03:00
2025-06-19,600438,0.0038253292441368103,0.016570983454585075,0.0038253292441368103,1.0,vanilla_transformer_v10,2026-08-03 14:03:00
2025-06-19,601138,0.0026458874344825745,-0.010810916312038898,0.0026458874344825745,1.0,vanilla_transformer_v10,2026-08-03 14:03:00
2025-06-19,300308,0.0022126436233520508,0.009313564747571945,0.0022126436233520508,1.0,vanilla_transformer_v10,2026-08-03 14:03:00
2025-06-19,601012,0.0021332204341888428,-0.006316781509667635,0.0021332204341888428,1.0,vanilla_transformer_v10,2026-08-03 14:03:00
2025-06-19,600887,0.0021120980381965637,0.007551114074885845,0.0021120980381965637,1.0,vanilla_transformer_v10,2026-08-03 14:03:00
2025-06-19,000568,0.0017502829432487488,0.027456320822238922,0.0017502829432487488,1.0,vanilla_transformer_v10,2026-08-03 14:03:00
2025-06-19,300454,0.00163954496383667,-0.008734658360481262,0.00163954496383667,1.0,vanilla_transformer_v10,2026-08-03 14:03:00
2025-06-19,603501,0.0015510320663452148,-0.01374271884560585,0.0015510320663452148,1.0,vanilla_transformer_v10,2026-08-03 14:03:00
2025-06-19,000858,0.0014728009700775146,0.019254328683018684,0.0014728009700775146,1.0,vanilla_transformer_v10,2026-08-03 14:03:00
2025-06-19,600584,0.0013836398720741272,-0.009199383668601513,0.0013836398720741272,1.0,vanilla_transformer_v10,2026-08-03 14:03:00
2025-06-19,300782,0.0013600438833236694,-0.018108781427145004,0.0013600438833236694,1.0,vanilla_transformer_v10,2026-08-03 14:03:00
2025-06-19,300750,0.0013519898056983948,-0.007630480919033289,0.0013519898056983948,1.0,vanilla_transformer_v10,2026-08-03 14:03:00
2025-06-19,601318,0.0013214722275733948,0.028515925630927086,0.0013214722275733948,1.0,vanilla_transformer_v10,2026-08-03 14:03:00
2025-06-19,002594,0.0013026222586631775,-0.000736043497454375,0.0013026222586631775,1.0,vanilla_transformer_v10,2026-08-03 14:03:00
2025-06-19,000977,0.0012943968176841736,-0.010415247641503811,0.0012943968176841736,1.0,vanilla_transformer_v10,2026-08-03 14:03:00
2025-06-19,002371,0.001230590045452118,0.007546982262283564,0.001230590045452118,1.0,vanilla_transformer_v10,2026-08-03 14:03:00
2025-06-19,688012,0.0012148693203926086,-0.007576889358460903,0.0012148693203926086,1.0,vanilla_transformer_v10,2026-08-03 14:03:00
2025-06-19,688981,0.0009052380919456482,-0.004541835747659206,0.0009052380919456482,1.0,vanilla_transformer_v10,2026-08-03 14:03:00
2025-06-19,600519,0.0007851198315620422,0.001862814649939537,0.0007851198315620422,1.0,vanilla_transformer_v10,2026-08-03 14:03:00
2025-06-19,600036,0.0007849782705307007,0.007857929915189743,0.0007849782705307007,1.0,vanilla_transformer_v10,2026-08-03 14:03:00
2025-06-19,002230,0.0006593838334083557,-0.024131152778863907,0.0006593838334083557,1.0,vanilla_transformer_v10,2026-08-03 14:03:00
2025-06-20,002465,0.004260800778865814,0.006430177483707666,0.004260800778865814,1.0,vanilla_transformer_v10,2026-08-03 14:03:00
2025-06-20,600438,0.0035822615027427673,-0.011257603764533997,0.0035822615027427673,1.0,vanilla_transformer_v10,2026-08-03 14:03:00
2025-06-20,601012,0.00329570472240448,0.0035181897692382336,0.00329570472240448,1.0,vanilla_transformer_v10,2026-08-03 14:03:00
2025-06-20,601318,0.0023324191570281982,0.006564574781805277,0.0023324191570281982,1.0,vanilla_transformer_v10,2026-08-03 14:03:00
2025-06-20,600887,0.0019204765558242798,-0.0126155661419034,0.0019204765558242798,1.0,vanilla_transformer_v10,2026-08-03 14:03:00
2025-06-20,000858,0.0015943273901939392,-0.01076047495007515,0.0015943273901939392,1.0,vanilla_transformer_v10,2026-08-03 14:03:00
2025-06-20,300454,0.0015832483768463135,-0.005865781102329493,0.0015832483768463135,1.0,vanilla_transformer_v10,2026-08-03 14:03:00
2025-06-20,002230,0.0014475956559181213,0.003905442077666521,0.0014475956559181213,1.0,vanilla_transformer_v10,2026-08-03 14:03:00
2025-06-20,300782,0.0013410896062850952,0.014329424127936363,0.0013410896062850952,1.0,vanilla_transformer_v10,2026-08-03 14:03:00
2025-06-20,000568,0.001230195164680481,-0.0029864248353987932,0.001230195164680481,1.0,vanilla_transformer_v10,2026-08-03 14:03:00
2025-06-20,300308,0.0011537745594978333,-0.018786337226629257,0.0011537745594978333,1.0,vanilla_transformer_v10,2026-08-03 14:03:00
2025-06-20,300750,0.0010575726628303528,-0.002723758341744542,0.0010575726628303528,1.0,vanilla_transformer_v10,2026-08-03 14:03:00
2025-06-20,600519,0.0007535368204116821,-0.006079305894672871,0.0007535368204116821,1.0,vanilla_transformer_v10,2026-08-03 14:03:00
2025-06-20,000977,0.0007358193397521973,0.00793539546430111,0.0007358193397521973,1.0,vanilla_transformer_v10,2026-08-03 14:03:00
2025-06-20,002594,0.0007210448384284973,-0.006021890323609114,0.0007210448384284973,1.0,vanilla_transformer_v10,2026-08-03 14:03:00
2025-06-20,600584,0.0005823299288749695,0.030008994042873383,0.0005823299288749695,1.0,vanilla_transformer_v10,2026-08-03 14:03:00
2025-06-20,603501,0.0005609616637229919,-0.006234580650925636,0.0005609616637229919,1.0,vanilla_transformer_v10,2026-08-03 14:03:00
2025-06-20,601138,0.00043589621782302856,-0.018991919234395027,0.00043589621782302856,1.0,vanilla_transformer_v10,2026-08-03 14:03:00
2025-06-20,688012,0.0004298165440559387,0.040115755051374435,0.0004298165440559387,1.0,vanilla_transformer_v10,2026-08-03 14:03:00
2025-06-20,688981,0.00016777962446212769,0.035888586193323135,0.00016777962446212769,1.0,vanilla_transformer_v10,2026-08-03 14:03:00
2025-06-20,600036,-0.0003649592399597168,0.005646214354783297,0.0003649592399597168,0.0,vanilla_transformer_v10,2026-08-03 14:03:00
2025-06-20,002371,-0.0006191879510879517,0.027273008599877357,0.0006191879510879517,0.0,vanilla_transformer_v10,2026-08-03 14:03:00
2025-06-23,002465,0.002877242863178253,0.026607174426317215,0.002877242863178253,1.0,vanilla_transformer_v10,2026-08-03 14:03:00
2025-06-23,601138,0.0021741464734077454,0.004251706879585981,0.0021741464734077454,1.0,vanilla_transformer_v10,2026-08-03 14:03:00
2025-06-23,600438,0.0021126791834831238,0.02749987691640854,0.0021126791834831238,1.0,vanilla_transformer_v10,2026-08-03 14:03:00
2025-06-23,600584,0.0016058757901191711,0.012215404771268368,0.0016058757901191711,1.0,vanilla_transformer_v10,2026-08-03 14:03:00
2025-06-23,688981,0.0013849660754203796,0.010625838302075863,0.0013849660754203796,1.0,vanilla_transformer_v10,2026-08-03 14:03:00
2025-06-23,601012,0.001203984022140503,0.01527875941246748,0.001203984022140503,1.0,vanilla_transformer_v10,2026-08-03 14:03:00
2025-06-23,601318,0.0011504292488098145,0.030253807082772255,0.0011504292488098145,1.0,vanilla_transformer_v10,2026-08-03 14:03:00
2025-06-23,300454,0.0011274740099906921,0.02248542569577694,0.0011274740099906921,1.0,vanilla_transformer_v10,2026-08-03 14:03:00
2025-06-23,688012,0.0010743513703346252,0.0029517440125346184,0.0010743513703346252,1.0,vanilla_transformer_v10,2026-08-03 14:03:00
2025-06-23,600887,0.0009910836815834045,0.003619445487856865,0.0009910836815834045,1.0,vanilla_transformer_v10,2026-08-03 14:03:00
2025-06-23,300308,0.0009401068091392517,-0.014579481445252895,0.0009401068091392517,1.0,vanilla_transformer_v10,2026-08-03 14:03:00
2025-06-23,300782,0.0006282702088356018,0.019274583086371422,0.0006282702088356018,1.0,vanilla_transformer_v10,2026-08-03 14:03:00
2025-06-23,603501,0.0005399063229560852,0.019109420478343964,0.0005399063229560852,1.0,vanilla_transformer_v10,2026-08-03 14:03:00
2025-06-23,300750,0.00042438507080078125,0.02599562704563141,0.00042438507080078125,1.0,vanilla_transformer_v10,2026-08-03 14:03:00
2025-06-23,002230,0.0003303810954093933,0.015533923171460629,0.0003303810954093933,1.0,vanilla_transformer_v10,2026-08-03 14:03:00
2025-06-23,002594,0.00021614879369735718,0.015183722600340843,0.00021614879369735718,1.0,vanilla_transformer_v10,2026-08-03 14:03:00
2025-06-23,000977,0.00013758987188339233,0.02706674300134182,0.00013758987188339233,1.0,vanilla_transformer_v10,2026-08-03 14:03:00
2025-06-23,600036,-1.782923936843872e-05,0.010747256688773632,1.782923936843872e-05,0.0,vanilla_transformer_v10,2026-08-03 14:03:00
2025-06-23,002371,-0.00015977025032043457,-0.006289479788392782,0.00015977025032043457,0.0,vanilla_transformer_v10,2026-08-03 14:03:00
2025-06-23,000858,-0.0006740689277648926,0.012351317331194878,0.0006740689277648926,0.0,vanilla_transformer_v10,2026-08-03 14:03:00
2025-06-23,600519,-0.0007031261920928955,0.012040020897984505,0.0007031261920928955,0.0,vanilla_transformer_v10,2026-08-03 14:03:00
2025-06-23,000568,-0.0008805692195892334,0.0041232630610466,0.0008805692195892334,0.0,vanilla_transformer_v10,2026-08-03 14:03:00
2025-06-24,002465,0.0044799670577049255,0.02822169102728367,0.0044799670577049255,1.0,vanilla_transformer_v10,2026-08-03 14:03:00
2025-06-24,601318,0.0024623051285743713,0.018980542197823524,0.0024623051285743713,1.0,vanilla_transformer_v10,2026-08-03 14:03:00
2025-06-24,600438,0.0020661652088165283,0.012227938510477543,0.0020661652088165283,1.0,vanilla_transformer_v10,2026-08-03 14:03:00
2025-06-24,300750,0.00164775550365448,0.035873230546712875,0.00164775550365448,1.0,vanilla_transformer_v10,2026-08-03 14:03:00
2025-06-24,601138,0.001471392810344696,0.033378150314092636,0.001471392810344696,1.0,vanilla_transformer_v10,2026-08-03 14:03:00
2025-06-24,601012,0.0014019012451171875,0.00890409667044878,0.0014019012451171875,1.0,vanilla_transformer_v10,2026-08-03 14:03:00
2025-06-24,600887,0.0011563077569007874,0.003606392303481698,0.0011563077569007874,1.0,vanilla_transformer_v10,2026-08-03 14:03:00
2025-06-24,300454,0.0011087581515312195,0.05958295613527298,0.0011087581515312195,1.0,vanilla_transformer_v10,2026-08-03 14:03:00
2025-06-24,300308,0.000844217836856842,0.003821783931925893,0.000844217836856842,1.0,vanilla_transformer_v10,2026-08-03 14:03:00
2025-06-24,002230,0.0005545616149902344,0.017184268683195114,0.0005545616149902344,1.0,vanilla_transformer_v10,2026-08-03 14:03:00
2025-06-24,002594,0.0005487799644470215,0.01700025610625744,0.0005487799644470215,1.0,vanilla_transformer_v10,2026-08-03 14:03:00
2025-06-24,603501,0.000543542206287384,0.018353348597884178,0.000543542206287384,1.0,vanilla_transformer_v10,2026-08-03 14:03:00
2025-06-24,600519,0.00042729824781417847,-0.0009336317889392376,0.00042729824781417847,1.0,vanilla_transformer_v10,2026-08-03 14:03:00
2025-06-24,000977,0.0004258081316947937,0.02198941446840763,0.0004258081316947937,1.0,vanilla_transformer_v10,2026-08-03 14:03:00
2025-06-24,300782,0.00035187602043151855,0.017515573650598526,0.00035187602043151855,1.0,vanilla_transformer_v10,2026-08-03 14:03:00
2025-06-24,600584,7.785111665725708e-05,0.009714758954942226,7.785111665725708e-05,1.0,vanilla_transformer_v10,2026-08-03 14:03:00
2025-06-24,600036,1.3425946235656738e-05,0.015927527099847794,1.3425946235656738e-05,1.0,vanilla_transformer_v10,2026-08-03 14:03:00
2025-06-24,000858,-2.2277235984802246e-06,0.003583910409361124,2.2277235984802246e-06,0.0,vanilla_transformer_v10,2026-08-03 14:03:00
2025-06-24,688981,-7.62641429901123e-05,0.03734443336725235,7.62641429901123e-05,0.0,vanilla_transformer_v10,2026-08-03 14:03:00
2025-06-24,000568,-0.00025282055139541626,-0.0046497224830091,0.00025282055139541626,0.0,vanilla_transformer_v10,2026-08-03 14:03:00
2025-06-24,002371,-0.00026626139879226685,0.013133096508681774,0.00026626139879226685,0.0,vanilla_transformer_v10,2026-08-03 14:03:00
2025-06-24,688012,-0.0002755299210548401,0.009189104661345482,0.0002755299210548401,0.0,vanilla_transformer_v10,2026-08-03 14:03:00
2025-06-25,002465,0.004487514495849609,0.0,0.004487514495849609,1.0,vanilla_transformer_v10,2026-08-03 14:03:00
2025-06-25,601138,0.0025553181767463684,0.002868266776204109,0.0025553181767463684,1.0,vanilla_transformer_v10,2026-08-03 14:03:00
2025-06-25,300454,0.0017120614647865295,-0.01480419747531414,0.0017120614647865295,1.0,vanilla_transformer_v10,2026-08-03 14:03:00
2025-06-25,601318,0.001642867922782898,-0.0052041285671293736,0.001642867922782898,1.0,vanilla_transformer_v10,2026-08-03 14:03:00
2025-06-25,600438,0.0016224905848503113,0.0,0.0016224905848503113,1.0,vanilla_transformer_v10,2026-08-03 14:03:00
2025-06-25,300750,0.0015929564833641052,-0.008320852182805538,0.0015929564833641052,1.0,vanilla_transformer_v10,2026-08-03 14:03:00
2025-06-25,601012,0.0014013499021530151,-0.011667931452393532,0.0014013499021530151,1.0,vanilla_transformer_v10,2026-08-03 14:03:00
2025-06-25,688981,0.001149006187915802,-0.01263749971985817,0.001149006187915802,1.0,vanilla_transformer_v10,2026-08-03 14:03:00
2025-06-25,600887,0.0010903552174568176,0.008251830004155636,0.0010903552174568176,1.0,vanilla_transformer_v10,2026-08-03 14:03:00
2025-06-25,300308,0.0010036155581474304,0.031089847907423973,0.0010036155581474304,1.0,vanilla_transformer_v10,2026-08-03 14:03:00
2025-06-25,603501,0.0007038787007331848,-0.017658984288573265,0.0007038787007331848,1.0,vanilla_transformer_v10,2026-08-03 14:03:00
2025-06-25,002230,0.0006745085120201111,-0.0040123057551681995,0.0006745085120201111,1.0,vanilla_transformer_v10,2026-08-03 14:03:00
2025-06-25,300782,0.0005781129002571106,-0.013508972711861134,0.0005781129002571106,1.0,vanilla_transformer_v10,2026-08-03 14:03:00
2025-06-25,600519,0.0004643946886062622,0.008302642963826656,0.0004643946886062622,1.0,vanilla_transformer_v10,2026-08-03 14:03:00
2025-06-25,000977,0.0004342272877693176,-0.0035524016711860895,0.0004342272877693176,1.0,vanilla_transformer_v10,2026-08-03 14:03:00
2025-06-25,000568,0.00034921616315841675,0.001669843913987279,0.00034921616315841675,1.0,vanilla_transformer_v10,2026-08-03 14:03:00
2025-06-25,600584,0.0003268197178840637,-0.007911627180874348,0.0003268197178840637,1.0,vanilla_transformer_v10,2026-08-03 14:03:00
2025-06-25,002594,0.0002835690975189209,-0.03443729132413864,0.0002835690975189209,1.0,vanilla_transformer_v10,2026-08-03 14:03:00
2025-06-25,688012,0.00011438876390457153,-0.010190606117248535,0.00011438876390457153,1.0,vanilla_transformer_v10,2026-08-03 14:03:00
2025-06-25,000858,-0.0001247599720954895,-0.0037544157821685076,0.0001247599720954895,0.0,vanilla_transformer_v10,2026-08-03 14:03:00
2025-06-25,600036,-0.00021719187498092651,0.007949613966047764,0.00021719187498092651,0.0,vanilla_transformer_v10,2026-08-03 14:03:00
2025-06-25,002371,-0.0002235323190689087,-0.008350063115358353,0.0002235323190689087,0.0,vanilla_transformer_v10,2026-08-03 14:03:00
2025-06-26,002465,0.00496269017457962,0.028260957449674606,0.00496269017457962,1.0,vanilla_transformer_v10,2026-08-03 14:03:00
2025-06-26,600438,0.004083573818206787,-0.0012740331003442407,0.004083573818206787,1.0,vanilla_transformer_v10,2026-08-03 14:03:00
2025-06-26,601138,0.003689296543598175,0.014622518792748451,0.003689296543598175,1.0,vanilla_transformer_v10,2026-08-03 14:03:00
2025-06-26,300308,0.00216761976480484,0.06492021679878235,0.00216761976480484,1.0,vanilla_transformer_v10,2026-08-03 14:03:00
2025-06-26,600887,0.0021642595529556274,-0.0028621016535907984,0.0021642595529556274,1.0,vanilla_transformer_v10,2026-08-03 14:03:00
2025-06-26,601012,0.00203830748796463,0.006877918262034655,0.00203830748796463,1.0,vanilla_transformer_v10,2026-08-03 14:03:00
2025-06-26,000977,0.001178063452243805,0.005717117805033922,0.001178063452243805,1.0,vanilla_transformer_v10,2026-08-03 14:03:00
2025-06-26,603501,0.0011571124196052551,0.011159161105751991,0.0011571124196052551,1.0,vanilla_transformer_v10,2026-08-03 14:03:00
2025-06-26,300454,0.0011416152119636536,-0.009778989478945732,0.0011416152119636536,1.0,vanilla_transformer_v10,2026-08-03 14:03:00
2025-06-26,300782,0.001012466847896576,0.00656113401055336,0.001012466847896576,1.0,vanilla_transformer_v10,2026-08-03 14:03:00
2025-06-26,688981,0.0009846538305282593,-0.004593485500663519,0.0009846538305282593,1.0,vanilla_transformer_v10,2026-08-03 14:03:00
2025-06-26,002594,0.0009132102131843567,-0.009525520727038383,0.0009132102131843567,1.0,vanilla_transformer_v10,2026-08-03 14:03:00
2025-06-26,600036,0.0008241832256317139,-0.03528700768947601,0.0008241832256317139,1.0,vanilla_transformer_v10,2026-08-03 14:03:00
2025-06-26,002230,0.000795312225818634,-0.0025333978701382875,0.000795312225818634,1.0,vanilla_transformer_v10,2026-08-03 14:03:00
2025-06-26,600584,0.0007019490003585815,0.01930154860019684,0.0007019490003585815,1.0,vanilla_transformer_v10,2026-08-03 14:03:00
2025-06-26,000568,0.0006977394223213196,-0.009438090026378632,0.0006977394223213196,1.0,vanilla_transformer_v10,2026-08-03 14:03:00
2025-06-26,688012,0.0006313100457191467,0.004498882684856653,0.0006313100457191467,1.0,vanilla_transformer_v10,2026-08-03 14:03:00
2025-06-26,300750,0.0005751848220825195,-0.007140070665627718,0.0005751848220825195,1.0,vanilla_transformer_v10,2026-08-03 14:03:00
2025-06-26,000858,0.0005002915859222412,-0.004604596644639969,0.0005002915859222412,1.0,vanilla_transformer_v10,2026-08-03 14:03:00
2025-06-26,601318,0.0004818663001060486,-0.010783189907670021,0.0004818663001060486,1.0,vanilla_transformer_v10,2026-08-03 14:03:00
2025-06-26,600519,0.00044261664152145386,-0.011980118229985237,0.00044261664152145386,1.0,vanilla_transformer_v10,2026-08-03 14:03:00
2025-06-26,002371,4.209578037261963e-06,-0.007793133147060871,4.209578037261963e-06,1.0,vanilla_transformer_v10,2026-08-03 14:03:00
2025-06-27,002465,0.004226662218570709,0.01953737810254097,0.004226662218570709,1.0,vanilla_transformer_v10,2026-08-03 14:03:00
2025-06-27,601138,0.0033939555287361145,0.0016116038896143436,0.0033939555287361145,1.0,vanilla_transformer_v10,2026-08-03 14:03:00
2025-06-27,600438,0.0026962384581565857,0.0679299384355545,0.0026962384581565857,1.0,vanilla_transformer_v10,2026-08-03 14:03:00
2025-06-27,601012,0.0023558661341667175,0.030428936704993248,0.0023558661341667175,1.0,vanilla_transformer_v10,2026-08-03 14:03:00
2025-06-27,300308,0.0019792690873146057,0.05249610170722008,0.0019792690873146057,1.0,vanilla_transformer_v10,2026-08-03 14:03:00
2025-06-27,600036,0.0018618926405906677,-0.005858296062797308,0.0018618926405906677,1.0,vanilla_transformer_v10,2026-08-03 14:03:00
2025-06-27,600584,0.0018294081091880798,0.002647095825523138,0.0018294081091880798,1.0,vanilla_transformer_v10,2026-08-03 14:03:00
2025-06-27,600887,0.0016566812992095947,-0.0014341284986585379,0.0016566812992095947,1.0,vanilla_transformer_v10,2026-08-03 14:03:00
2025-06-27,603501,0.0015104636549949646,-0.000514947809278965,0.0015104636549949646,1.0,vanilla_transformer_v10,2026-08-03 14:03:00
2025-06-27,300454,0.0013405978679656982,0.011786703951656818,0.0013405978679656982,1.0,vanilla_transformer_v10,2026-08-03 14:03:00
2025-06-27,002594,0.0013383328914642334,-0.007000925485044718,0.0013383328914642334,1.0,vanilla_transformer_v10,2026-08-03 14:03:00
2025-06-27,601318,0.001336418092250824,0.0021659601479768753,0.001336418092250824,1.0,vanilla_transformer_v10,2026-08-03 14:03:00
2025-06-27,300782,0.0013143420219421387,0.014114219695329666,0.0013143420219421387,1.0,vanilla_transformer_v10,2026-08-03 14:03:00
2025-06-27,300750,0.001181572675704956,0.004883177112787962,0.001181572675704956,1.0,vanilla_transformer_v10,2026-08-03 14:03:00
2025-06-27,000568,0.0008760020136833191,0.005125461146235466,0.0008760020136833191,1.0,vanilla_transformer_v10,2026-08-03 14:03:00
2025-06-27,688012,0.0008666142821311951,0.013868473470211029,0.0008666142821311951,1.0,vanilla_transformer_v10,2026-08-03 14:03:00
2025-06-27,002230,0.0007755830883979797,0.013463480398058891,0.0007755830883979797,1.0,vanilla_transformer_v10,2026-08-03 14:03:00
2025-06-27,000977,0.0007520318031311035,0.004158825613558292,0.0007520318031311035,1.0,vanilla_transformer_v10,2026-08-03 14:03:00
2025-06-27,002371,0.0006626918911933899,0.01756603643298149,0.0006626918911933899,1.0,vanilla_transformer_v10,2026-08-03 14:03:00
2025-06-27,600519,0.0005621910095214844,0.004571621771901846,0.0005621910095214844,1.0,vanilla_transformer_v10,2026-08-03 14:03:00
2025-06-27,688981,0.000456787645816803,0.01473891269415617,0.000456787645816803,1.0,vanilla_transformer_v10,2026-08-03 14:03:00
2025-06-27,000858,0.00038151443004608154,-0.0023506751749664545,0.00038151443004608154,1.0,vanilla_transformer_v10,2026-08-03 14:03:00
2025-06-30,002465,0.0039398521184921265,-0.03356802463531494,0.0039398521184921265,1.0,vanilla_transformer_v10,2026-08-03 14:03:00
2025-06-30,600438,0.003814108669757843,-0.03464861586689949,0.003814108669757843,1.0,vanilla_transformer_v10,2026-08-03 14:03:00
2025-06-30,601012,0.0027154237031936646,-0.0107225077226758,0.0027154237031936646,1.0,vanilla_transformer_v10,2026-08-03 14:03:00
2025-06-30,300308,0.0019707083702087402,-0.0038469405844807625,0.0019707083702087402,1.0,vanilla_transformer_v10,2026-08-03 14:03:00
2025-06-30,002594,0.0015958845615386963,-0.001714294427074492,0.0015958845615386963,1.0,vanilla_transformer_v10,2026-08-03 14:03:00
2025-06-30,601138,0.001552388072013855,0.0008048290037550032,0.001552388072013855,1.0,vanilla_transformer_v10,2026-08-03 14:03:00
2025-06-30,600887,0.0013362020254135132,-0.007561992388218641,0.0013362020254135132,1.0,vanilla_transformer_v10,2026-08-03 14:03:00
2025-06-30,002371,0.0011148527264595032,0.0024614697322249413,0.0011148527264595032,1.0,vanilla_transformer_v10,2026-08-03 14:03:00
2025-06-30,000568,0.000982627272605896,-0.007967335171997547,0.000982627272605896,1.0,vanilla_transformer_v10,2026-08-03 14:03:00
2025-06-30,000858,0.0009518638253211975,-0.00227016001008451,0.0009518638253211975,1.0,vanilla_transformer_v10,2026-08-03 14:03:00
2025-06-30,601318,0.0008240416646003723,0.003910244442522526,0.0008240416646003723,1.0,vanilla_transformer_v10,2026-08-03 14:03:00
2025-06-30,600036,0.0007510557770729065,0.010817188769578934,0.0007510557770729065,1.0,vanilla_transformer_v10,2026-08-03 14:03:00
2025-06-30,603501,0.00072508305311203,0.00022889842512086034,0.00072508305311203,1.0,vanilla_transformer_v10,2026-08-03 14:03:00
2025-06-30,688012,0.0006275326013565063,0.0026744550559669733,0.0006275326013565063,1.0,vanilla_transformer_v10,2026-08-03 14:03:00
2025-06-30,688981,0.0006191879510879517,-0.004660953301936388,0.0006191879510879517,1.0,vanilla_transformer_v10,2026-08-03 14:03:00
2025-06-30,300750,0.000590980052947998,-0.0028438891749829054,0.000590980052947998,1.0,vanilla_transformer_v10,2026-08-03 14:03:00
2025-06-30,300454,0.0005265325307846069,-0.01896902546286583,0.0005265325307846069,1.0,vanilla_transformer_v10,2026-08-03 14:03:00
2025-06-30,600519,0.0005053579807281494,-0.003140743589028716,0.0005053579807281494,1.0,vanilla_transformer_v10,2026-08-03 14:03:00
2025-06-30,300782,0.00048404932022094727,-0.006737092509865761,0.00048404932022094727,1.0,vanilla_transformer_v10,2026-08-03 14:03:00
2025-06-30,600584,0.00044580549001693726,0.008296816609799862,0.00044580549001693726,1.0,vanilla_transformer_v10,2026-08-03 14:03:00
2025-06-30,002230,-6.161630153656006e-05,-0.0010599811794236302,6.161630153656006e-05,0.0,vanilla_transformer_v10,2026-08-03 14:03:00
2025-06-30,000977,-0.000399857759475708,-0.008690406568348408,0.000399857759475708,0.0,vanilla_transformer_v10,2026-08-03 14:03:00
2025-07-01,002465,0.00341593474149704,-0.01873883605003357,0.00341593474149704,1.0,vanilla_transformer_v10,2026-08-03 14:03:00
2025-07-01,601138,0.003149591386318207,-0.011326981708407402,0.003149591386318207,1.0,vanilla_transformer_v10,2026-08-03 14:03:00
2025-07-01,600438,0.002288714051246643,0.09545794129371643,0.002288714051246643,1.0,vanilla_transformer_v10,2026-08-03 14:03:00
2025-07-01,600584,0.001912929117679596,-0.019656455144286156,0.001912929117679596,1.0,vanilla_transformer_v10,2026-08-03 14:03:00
2025-07-01,600887,0.001749478280544281,0.005046200938522816,0.001749478280544281,1.0,vanilla_transformer_v10,2026-08-03 14:03:00
2025-07-01,300454,0.0015571340918540955,-0.019774654880166054,0.0015571340918540955,1.0,vanilla_transformer_v10,2026-08-03 14:03:00
2025-07-01,601012,0.0015268698334693909,0.046036090701818466,0.0015268698334693909,1.0,vanilla_transformer_v10,2026-08-03 14:03:00
2025-07-01,600036,0.001423083245754242,0.009640507400035858,0.001423083245754242,1.0,vanilla_transformer_v10,2026-08-03 14:03:00
2025-07-01,002594,0.0011708438396453857,-0.002066868357360363,0.0011708438396453857,1.0,vanilla_transformer_v10,2026-08-03 14:03:00
2025-07-01,300308,0.0008327662944793701,-0.044829294085502625,0.0008327662944793701,1.0,vanilla_transformer_v10,2026-08-03 14:03:00
2025-07-01,000568,0.0007219165563583374,0.002663897117599845,0.0007219165563583374,1.0,vanilla_transformer_v10,2026-08-03 14:03:00
2025-07-01,603501,0.0006635785102844238,-0.02414918877184391,0.0006635785102844238,1.0,vanilla_transformer_v10,2026-08-03 14:03:00
2025-07-01,002230,0.0004117712378501892,-0.014522177167236805,0.0004117712378501892,1.0,vanilla_transformer_v10,2026-08-03 14:03:00
2025-07-01,300782,0.00030537694692611694,-0.014509650878608227,0.00030537694692611694,1.0,vanilla_transformer_v10,2026-08-03 14:03:00
2025-07-01,000977,0.00026295334100723267,-0.021033242344856262,0.00026295334100723267,1.0,vanilla_transformer_v10,2026-08-03 14:03:00
2025-07-01,688012,0.00025706738233566284,-0.022155769169330597,0.00025706738233566284,1.0,vanilla_transformer_v10,2026-08-03 14:03:00
2025-07-01,000858,0.00023641437292099,0.004620835185050964,0.00023641437292099,1.0,vanilla_transformer_v10,2026-08-03 14:03:00
2025-07-01,688981,0.00015389174222946167,-0.019096404314041138,0.00015389174222946167,1.0,vanilla_transformer_v10,2026-08-03 14:03:00
2025-07-01,002371,-2.705305814743042e-05,-0.014035518281161785,2.705305814743042e-05,0.0,vanilla_transformer_v10,2026-08-03 14:03:00
2025-07-01,600519,-3.144890069961548e-05,0.0031975642777979374,3.144890069961548e-05,0.0,vanilla_transformer_v10,2026-08-03 14:03:00
2025-07-01,300750,-0.0001377314329147339,-0.004187113605439663,0.0001377314329147339,0.0,vanilla_transformer_v10,2026-08-03 14:03:00
2025-07-01,601318,-0.0001468062400817871,0.0019784702453762293,0.0001468062400817871,0.0,vanilla_transformer_v10,2026-08-03 14:03:00
2025-07-02,601012,0.0041465237736701965,-0.0013040361227467656,0.0041465237736701965,1.0,vanilla_transformer_v10,2026-08-03 14:03:00
2025-07-02,600438,0.0031789615750312805,0.028774989768862724,0.0031789615750312805,1.0,vanilla_transformer_v10,2026-08-03 14:03:00
2025-07-02,002465,0.0030864179134368896,0.0030428648460656404,0.0030864179134368896,1.0,vanilla_transformer_v10,2026-08-03 14:03:00
2025-07-02,600887,0.0024961456656455994,-0.002158272545784712,0.0024961456656455994,1.0,vanilla_transformer_v10,2026-08-03 14:03:00
2025-07-02,300454,0.001791149377822876,-0.002637074328958988,0.001791149377822876,1.0,vanilla_transformer_v10,2026-08-03 14:03:00
2025-07-02,603501,0.0013968795537948608,0.0050283679738640785,0.0013968795537948608,1.0,vanilla_transformer_v10,2026-08-03 14:03:00
2025-07-02,000568,0.001328587532043457,0.0008863910916261375,0.001328587532043457,1.0,vanilla_transformer_v10,2026-08-03 14:03:00
2025-07-02,601138,0.0012272149324417114,0.09575390070676804,0.0012272149324417114,1.0,vanilla_transformer_v10,2026-08-03 14:03:00
2025-07-02,002594,0.0011283531785011292,0.011732973158359528,0.0011283531785011292,1.0,vanilla_transformer_v10,2026-08-03 14:03:00
2025-07-02,600036,0.0010471642017364502,-0.006183855701237917,0.0010471642017364502,1.0,vanilla_transformer_v10,2026-08-03 14:03:00
2025-07-02,300308,0.0010181665420532227,0.02368520386517048,0.0010181665420532227,1.0,vanilla_transformer_v10,2026-08-03 14:03:00
2025-07-02,000977,0.0009819194674491882,0.030897540971636772,0.0009819194674491882,1.0,vanilla_transformer_v10,2026-08-03 14:03:00
2025-07-02,002230,0.0008015260100364685,-0.000421154429204762,0.0008015260100364685,1.0,vanilla_transformer_v10,2026-08-03 14:03:00
2025-07-02,000858,0.0006991475820541382,0.003686375916004181,0.0006991475820541382,1.0,vanilla_transformer_v10,2026-08-03 14:03:00
2025-07-02,688981,0.0005421191453933716,0.001624695723876357,0.0005421191453933716,1.0,vanilla_transformer_v10,2026-08-03 14:03:00
2025-07-02,600584,0.000528089702129364,0.006622005719691515,0.000528089702129364,1.0,vanilla_transformer_v10,2026-08-03 14:03:00
2025-07-02,688012,0.0005076825618743896,-0.004244393669068813,0.0005076825618743896,1.0,vanilla_transformer_v10,2026-08-03 14:03:00
2025-07-02,300750,0.00031519681215286255,0.047333814203739166,0.00031519681215286255,1.0,vanilla_transformer_v10,2026-08-03 14:03:00
2025-07-02,600519,0.00027526915073394775,0.004247576463967562,0.00027526915073394775,1.0,vanilla_transformer_v10,2026-08-03 14:03:00
2025-07-02,300782,0.0002666190266609192,0.031848203390836716,0.0002666190266609192,1.0,vanilla_transformer_v10,2026-08-03 14:03:00
2025-07-02,002371,0.00015152990818023682,0.015844618901610374,0.00015152990818023682,1.0,vanilla_transformer_v10,2026-08-03 14:03:00
2025-07-02,601318,5.166977643966675e-05,-0.00017441353702452034,5.166977643966675e-05,1.0,vanilla_transformer_v10,2026-08-03 14:03:00
2025-07-03,601138,0.004197575151920319,0.022300321608781815,0.004197575151920319,1.0,vanilla_transformer_v10,2026-08-03 14:03:00
2025-07-03,601012,0.0030946508049964905,0.0019554172176867723,0.0030946508049964905,1.0,vanilla_transformer_v10,2026-08-03 14:03:00
2025-07-03,600438,0.0029469504952430725,0.0021757413633167744,0.0029469504952430725,1.0,vanilla_transformer_v10,2026-08-03 14:03:00
2025-07-03,002465,0.00283920019865036,-0.014457065612077713,0.00283920019865036,1.0,vanilla_transformer_v10,2026-08-03 14:03:00
2025-07-03,300782,0.0021008923649787903,-0.018761277198791504,0.0021008923649787903,1.0,vanilla_transformer_v10,2026-08-03 14:03:00
2025-07-03,300454,0.0018895938992500305,-0.011508370749652386,0.0018895938992500305,1.0,vanilla_transformer_v10,2026-08-03 14:03:00
2025-07-03,000977,0.001772455871105194,-0.012474337592720985,0.001772455871105194,1.0,vanilla_transformer_v10,2026-08-03 14:03:00
2025-07-03,300750,0.0017634108662605286,0.012150625698268414,0.0017634108662605286,1.0,vanilla_transformer_v10,2026-08-03 14:03:00
2025-07-03,300308,0.0016946420073509216,-0.0199451707303524,0.0016946420073509216,1.0,vanilla_transformer_v10,2026-08-03 14:03:00
2025-07-03,600887,0.0014524012804031372,0.0007184640853665769,0.0014524012804031372,1.0,vanilla_transformer_v10,2026-08-03 14:03:00
2025-07-03,002594,0.0013436898589134216,-0.01071356050670147,0.0013436898589134216,1.0,vanilla_transformer_v10,2026-08-03 14:03:00
2025-07-03,600036,0.0013269558548927307,0.009810813702642918,0.0013269558548927307,1.0,vanilla_transformer_v10,2026-08-03 14:03:00
2025-07-03,603501,0.0011476874351501465,-0.010141064412891865,0.0011476874351501465,1.0,vanilla_transformer_v10,2026-08-03 14:03:00
2025-07-03,000568,0.0010341927409172058,0.009082191623747349,0.0010341927409172058,1.0,vanilla_transformer_v10,2026-08-03 14:03:00
2025-07-03,002371,0.0009637176990509033,0.021046526730060577,0.0009637176990509033,1.0,vanilla_transformer_v10,2026-08-03 14:03:00
2025-07-03,688012,0.0008989870548248291,0.01632009632885456,0.0008989870548248291,1.0,vanilla_transformer_v10,2026-08-03 14:03:00
2025-07-03,600584,0.0008862093091011047,-0.008974471129477024,0.0008862093091011047,1.0,vanilla_transformer_v10,2026-08-03 14:03:00
2025-07-03,002230,0.0006248950958251953,-0.002342982217669487,0.0006248950958251953,1.0,vanilla_transformer_v10,2026-08-03 14:03:00
2025-07-03,688981,0.0005901828408241272,-0.005115100648254156,0.0005901828408241272,1.0,vanilla_transformer_v10,2026-08-03 14:03:00
2025-07-03,000858,0.00040378421545028687,0.0064198849722743034,0.00040378421545028687,1.0,vanilla_transformer_v10,2026-08-03 14:03:00
2025-07-03,601318,0.0004019215703010559,0.013685791753232479,0.0004019215703010559,1.0,vanilla_transformer_v10,2026-08-03 14:03:00
2025-07-03,600519,0.00027102231979370117,0.004665907006710768,0.00027102231979370117,1.0,vanilla_transformer_v10,2026-08-03 14:03:00
2025-07-04,601138,0.0032383278012275696,0.007204642053693533,0.0032383278012275696,1.0,vanilla_transformer_v10,2026-08-03 14:03:00
2025-07-04,601012,0.0031530484557151794,-0.006467440631240606,0.0031530484557151794,1.0,vanilla_transformer_v10,2026-08-03 14:03:00
2025-07-04,600438,0.0027219578623771667,-0.008731513284146786,0.0027219578623771667,1.0,vanilla_transformer_v10,2026-08-03 14:03:00
2025-07-04,002465,0.0021538883447647095,-0.0014892035396769643,0.0021538883447647095,1.0,vanilla_transformer_v10,2026-08-03 14:03:00
2025-07-04,300308,0.001798100769519806,-0.03131836652755737,0.001798100769519806,1.0,vanilla_transformer_v10,2026-08-03 14:03:00
2025-07-04,300454,0.0017298758029937744,-0.010179627686738968,0.0017298758029937744,1.0,vanilla_transformer_v10,2026-08-03 14:03:00
2025-07-04,600036,0.0016998499631881714,0.002762320451438427,0.0016998499631881714,1.0,vanilla_transformer_v10,2026-08-03 14:03:00
2025-07-04,601318,0.001645103096961975,-0.0024692078586667776,0.001645103096961975,1.0,vanilla_transformer_v10,2026-08-03 14:03:00
2025-07-04,600887,0.0011957213282585144,-0.014508767053484917,0.0011957213282585144,1.0,vanilla_transformer_v10,2026-08-03 14:03:00
2025-07-04,688012,0.0010569468140602112,-0.0022048293612897396,0.0010569468140602112,1.0,vanilla_transformer_v10,2026-08-03 14:03:00
2025-07-04,603501,0.0008647292852401733,-0.006620583590120077,0.0008647292852401733,1.0,vanilla_transformer_v10,2026-08-03 14:03:00
2025-07-04,688981,0.0006629228591918945,-0.0037365760654211044,0.0006629228591918945,1.0,vanilla_transformer_v10,2026-08-03 14:03:00
2025-07-04,002594,0.0005996823310852051,-0.0073044211603701115,0.0005996823310852051,1.0,vanilla_transformer_v10,2026-08-03 14:03:00
2025-07-04,002230,0.0005851686000823975,-0.012446954846382141,0.0005851686000823975,1.0,vanilla_transformer_v10,2026-08-03 14:03:00
2025-07-04,000568,0.0005729794502258301,-0.006164880003780127,0.0005729794502258301,1.0,vanilla_transformer_v10,2026-08-03 14:03:00
2025-07-04,002371,0.0004778727889060974,-0.007397701498121023,0.0004778727889060974,1.0,vanilla_transformer_v10,2026-08-03 14:03:00
2025-07-04,000977,0.00035294145345687866,-0.011990503408014774,0.00035294145345687866,1.0,vanilla_transformer_v10,2026-08-03 14:03:00
2025-07-04,000858,0.0002036169171333313,-0.0039982059970498085,0.0002036169171333313,1.0,vanilla_transformer_v10,2026-08-03 14:03:00
2025-07-04,300750,0.0001905187964439392,-0.018642403185367584,0.0001905187964439392,1.0,vanilla_transformer_v10,2026-08-03 14:03:00
2025-07-04,300782,0.00010072439908981323,-0.00665725814178586,0.00010072439908981323,1.0,vanilla_transformer_v10,2026-08-03 14:03:00
2025-07-04,600584,8.392333984375e-05,-0.008482229895889759,8.392333984375e-05,1.0,vanilla_transformer_v10,2026-08-03 14:03:00
2025-07-04,600519,-0.00022953003644943237,-0.008132767863571644,0.00022953003644943237,0.0,vanilla_transformer_v10,2026-08-03 14:03:00
2025-07-07,601138,0.003953292965888977,0.09544069319963455,0.003953292965888977,1.0,vanilla_transformer_v10,2026-08-03 14:03:00
2025-07-07,300308,0.00376293808221817,0.06952053308486938,0.00376293808221817,1.0,vanilla_transformer_v10,2026-08-03 14:03:00
2025-07-07,600887,0.003652699291706085,0.004376119468361139,0.003652699291706085,1.0,vanilla_transformer_v10,2026-08-03 14:03:00
2025-07-07,600438,0.002598099410533905,0.09531471133232117,0.002598099410533905,1.0,vanilla_transformer_v10,2026-08-03 14:03:00
2025-07-07,600036,0.002172507345676422,0.008844790048897266,0.002172507345676422,1.0,vanilla_transformer_v10,2026-08-03 14:03:00
2025-07-07,002465,0.002095133066177368,0.000744879012927413,0.002095133066177368,1.0,vanilla_transformer_v10,2026-08-03 14:03:00
2025-07-07,300454,0.001730203628540039,0.006276640109717846,0.001730203628540039,1.0,vanilla_transformer_v10,2026-08-03 14:03:00
2025-07-07,601012,0.001492135226726532,0.06265043467283249,0.001492135226726532,1.0,vanilla_transformer_v10,2026-08-03 14:03:00
2025-07-07,300750,0.0011839792132377625,0.009235591627657413,0.0011839792132377625,1.0,vanilla_transformer_v10,2026-08-03 14:03:00
2025-07-07,002230,0.0009084269404411316,0.010944560170173645,0.0009084269404411316,1.0,vanilla_transformer_v10,2026-08-03 14:03:00
2025-07-07,601318,0.0008399561047554016,0.00034490687539801,0.0008399561047554016,1.0,vanilla_transformer_v10,2026-08-03 14:03:00
2025-07-07,002594,0.0007649734616279602,-0.005203980952501297,0.0007649734616279602,1.0,vanilla_transformer_v10,2026-08-03 14:03:00
2025-07-07,603501,0.0005215480923652649,0.016994910314679146,0.0005215480923652649,1.0,vanilla_transformer_v10,2026-08-03 14:03:00
2025-07-07,688981,0.0004897192120552063,0.01463270839303732,0.0004897192120552063,1.0,vanilla_transformer_v10,2026-08-03 14:03:00
2025-07-07,688012,0.0004553943872451782,0.021616561338305473,0.0004553943872451782,1.0,vanilla_transformer_v10,2026-08-03 14:03:00
2025-07-07,000568,0.00040337443351745605,0.006778338924050331,0.00040337443351745605,1.0,vanilla_transformer_v10,2026-08-03 14:03:00
2025-07-07,000977,0.0003271028399467468,0.04271656274795532,0.0003271028399467468,1.0,vanilla_transformer_v10,2026-08-03 14:03:00
2025-07-07,600584,0.00028654932975769043,0.018019968643784523,0.00028654932975769043,1.0,vanilla_transformer_v10,2026-08-03 14:03:00
2025-07-07,002371,-1.786649227142334e-05,0.00387032818980515,1.786649227142334e-05,0.0,vanilla_transformer_v10,2026-08-03 14:03:00
2025-07-07,600519,-0.00015617161989212036,0.003827361622825265,0.00015617161989212036,0.0,vanilla_transformer_v10,2026-08-03 14:03:00
2025-07-07,300782,-0.00015869736671447754,0.01383073627948761,0.00015869736671447754,0.0,vanilla_transformer_v10,2026-08-03 14:03:00
2025-07-07,000858,-0.0003709718585014343,0.007230047136545181,0.0003709718585014343,0.0,vanilla_transformer_v10,2026-08-03 14:03:00
2025-07-08,601012,0.0036090314388275146,-0.0060820491053164005,0.0036090314388275146,1.0,vanilla_transformer_v10,2026-08-03 14:03:00
2025-07-08,601138,0.003109253942966461,0.008123521693050861,0.003109253942966461,1.0,vanilla_transformer_v10,2026-08-03 14:03:00
2025-07-08,300308,0.0030599310994148254,0.002887091599404812,0.0030599310994148254,1.0,vanilla_transformer_v10,2026-08-03 14:03:00
2025-07-08,600438,0.002858765423297882,0.012380016967654228,0.002858765423297882,1.0,vanilla_transformer_v10,2026-08-03 14:03:00
2025-07-08,000977,0.002322562038898468,-0.011625567451119423,0.002322562038898468,1.0,vanilla_transformer_v10,2026-08-03 14:03:00
2025-07-08,002465,0.0018463134765625,-0.008438868448138237,0.0018463134765625,1.0,vanilla_transformer_v10,2026-08-03 14:03:00
2025-07-08,600887,0.0015716180205345154,0.007251242641359568,0.0015716180205345154,1.0,vanilla_transformer_v10,2026-08-03 14:03:00
2025-07-08,300454,0.001434318721294403,-0.003693965030834079,0.001434318721294403,1.0,vanilla_transformer_v10,2026-08-03 14:03:00
2025-07-08,600036,0.0010800287127494812,-0.01030624471604824,0.0010800287127494812,1.0,vanilla_transformer_v10,2026-08-03 14:03:00
2025-07-08,688981,0.000899776816368103,-0.010313550941646099,0.000899776816368103,1.0,vanilla_transformer_v10,2026-08-03 14:03:00
2025-07-08,600584,0.0008547380566596985,-0.011082014068961143,0.0008547380566596985,1.0,vanilla_transformer_v10,2026-08-03 14:03:00
2025-07-08,603501,0.0008440464735031128,-0.0143887372687459,0.0008440464735031128,1.0,vanilla_transformer_v10,2026-08-03 14:03:00
2025-07-08,002594,0.0008121803402900696,-0.0033069595228880644,0.0008121803402900696,1.0,vanilla_transformer_v10,2026-08-03 14:03:00
2025-07-08,002230,0.0007903873920440674,-0.00042295551975257695,0.0007903873920440674,1.0,vanilla_transformer_v10,2026-08-03 14:03:00
2025-07-08,601318,0.00046560168266296387,-0.009760682471096516,0.00046560168266296387,1.0,vanilla_transformer_v10,2026-08-03 14:03:00
2025-07-08,300750,0.00044327229261398315,0.028036292642354965,0.00044327229261398315,1.0,vanilla_transformer_v10,2026-08-03 14:03:00
2025-07-08,688012,0.00041332095861434937,-0.011678251437842846,0.00041332095861434937,1.0,vanilla_transformer_v10,2026-08-03 14:03:00
2025-07-08,300782,0.0003823712468147278,-0.006314233411103487,0.0003823712468147278,1.0,vanilla_transformer_v10,2026-08-03 14:03:00
2025-07-08,000568,0.0003748387098312378,0.003152585821226239,0.0003748387098312378,1.0,vanilla_transformer_v10,2026-08-03 14:03:00
2025-07-08,002371,1.2882053852081299e-05,-0.008475652895867825,1.2882053852081299e-05,1.0,vanilla_transformer_v10,2026-08-03 14:03:00
2025-07-08,000858,-0.00020457059144973755,0.006768366321921349,0.00020457059144973755,0.0,vanilla_transformer_v10,2026-08-03 14:03:00
2025-07-08,600519,-0.0004456937313079834,0.0019536474719643593,0.0004456937313079834,0.0,vanilla_transformer_v10,2026-08-03 14:03:00
2025-07-09,600438,0.003294333815574646,0.026316145434975624,0.003294333815574646,1.0,vanilla_transformer_v10,2026-08-03 14:03:00
2025-07-09,002465,0.0032051652669906616,0.0,0.0032051652669906616,1.0,vanilla_transformer_v10,2026-08-03 14:03:00
2025-07-09,601012,0.0031927824020385742,0.00546626653522253,0.0031927824020385742,1.0,vanilla_transformer_v10,2026-08-03 14:03:00
2025-07-09,601138,0.002683676779270172,-0.016642576083540916,0.002683676779270172,1.0,vanilla_transformer_v10,2026-08-03 14:03:00
2025-07-09,600887,0.002673536539077759,-0.0010854528518393636,0.002673536539077759,1.0,vanilla_transformer_v10,2026-08-03 14:03:00
2025-07-09,300308,0.0021620914340019226,0.008839399553835392,0.0021620914340019226,1.0,vanilla_transformer_v10,2026-08-03 14:03:00
2025-07-09,300454,0.001836530864238739,-0.009578078053891659,0.001836530864238739,1.0,vanilla_transformer_v10,2026-08-03 14:03:00
2025-07-09,600036,0.0013183727860450745,0.023249857127666473,0.0013183727860450745,1.0,vanilla_transformer_v10,2026-08-03 14:03:00
2025-07-09,300750,0.0011077076196670532,0.004430667497217655,0.0011077076196670532,1.0,vanilla_transformer_v10,2026-08-03 14:03:00
2025-07-09,000568,0.0009729191660881042,0.019911980256438255,0.0009729191660881042,1.0,vanilla_transformer_v10,2026-08-03 14:03:00
2025-07-09,000858,0.0008208304643630981,0.008026759140193462,0.0008208304643630981,1.0,vanilla_transformer_v10,2026-08-03 14:03:00
2025-07-09,002594,0.0006996914744377136,-0.01414787769317627,0.0006996914744377136,1.0,vanilla_transformer_v10,2026-08-03 14:03:00
2025-07-09,603501,0.0006510913372039795,-0.0008285004878416657,0.0006510913372039795,1.0,vanilla_transformer_v10,2026-08-03 14:03:00
2025-07-09,601318,0.0006135329604148865,0.02175808511674404,0.0006135329604148865,1.0,vanilla_transformer_v10,2026-08-03 14:03:00
2025-07-09,002230,0.000599205493927002,-0.00021938071586191654,0.000599205493927002,1.0,vanilla_transformer_v10,2026-08-03 14:03:00
2025-07-09,688981,0.0002682432532310486,-0.002098881406709552,0.0002682432532310486,1.0,vanilla_transformer_v10,2026-08-03 14:03:00
2025-07-09,600584,0.0002255365252494812,-0.003014136105775833,0.0002255365252494812,1.0,vanilla_transformer_v10,2026-08-03 14:03:00
2025-07-09,002371,0.0002231299877166748,-0.0039972406812012196,0.0002231299877166748,1.0,vanilla_transformer_v10,2026-08-03 14:03:00
2025-07-09,000977,0.00012041628360748291,0.002948138164356351,0.00012041628360748291,1.0,vanilla_transformer_v10,2026-08-03 14:03:00
2025-07-09,600519,0.00010002404451370239,0.005356739740818739,0.00010002404451370239,1.0,vanilla_transformer_v10,2026-08-03 14:03:00
2025-07-09,688012,2.4959444999694824e-06,-0.008118975907564163,2.4959444999694824e-06,1.0,vanilla_transformer_v10,2026-08-03 14:03:00
2025-07-09,300782,-5.6937336921691895e-05,0.0018234478775411844,5.6937336921691895e-05,0.0,vanilla_transformer_v10,2026-08-03 14:03:00
2025-07-10,601012,0.0033726319670677185,-0.012832610867917538,0.0033726319670677185,1.0,vanilla_transformer_v10,2026-08-03 14:03:00
2025-07-10,600438,0.0031083375215530396,-0.020383263006806374,0.0031083375215530396,1.0,vanilla_transformer_v10,2026-08-03 14:03:00
2025-07-10,600036,0.0030362531542778015,-0.01306424755603075,0.0030362531542778015,1.0,vanilla_transformer_v10,2026-08-03 14:03:00
2025-07-10,601138,0.002441994845867157,-0.005940611474215984,0.002441994845867157,1.0,vanilla_transformer_v10,2026-08-03 14:03:00
2025-07-10,300308,0.0021689236164093018,-0.008975199423730373,0.0021689236164093018,1.0,vanilla_transformer_v10,2026-08-03 14:03:00
2025-07-10,601318,0.0021337345242500305,0.01011393778026104,0.0021337345242500305,1.0,vanilla_transformer_v10,2026-08-03 14:03:00
2025-07-10,002465,0.0019089952111244202,-0.003869308391585946,0.0019089952111244202,1.0,vanilla_transformer_v10,2026-08-03 14:03:00
2025-07-10,600887,0.0016727074980735779,0.0010854528518393636,0.0016727074980735779,1.0,vanilla_transformer_v10,2026-08-03 14:03:00
2025-07-10,300454,0.001521192491054535,0.01661839336156845,0.001521192491054535,1.0,vanilla_transformer_v10,2026-08-03 14:03:00
2025-07-10,000568,0.0009542256593704224,0.02070094458758831,0.0009542256593704224,1.0,vanilla_transformer_v10,2026-08-03 14:03:00
2025-07-10,002230,0.0006139948964118958,0.003629256971180439,0.0006139948964118958,1.0,vanilla_transformer_v10,2026-08-03 14:03:00
2025-07-10,002594,0.0006003901362419128,0.00833425298333168,0.0006003901362419128,1.0,vanilla_transformer_v10,2026-08-03 14:03:00
2025-07-10,603501,0.0005731135606765747,0.003073833417147398,0.0005731135606765747,1.0,vanilla_transformer_v10,2026-08-03 14:03:00
2025-07-10,000977,0.00034614652395248413,0.015413007698953152,0.00034614652395248413,1.0,vanilla_transformer_v10,2026-08-03 14:03:00
2025-07-10,002371,0.0002935156226158142,0.0030286856926977634,0.0002935156226158142,1.0,vanilla_transformer_v10,2026-08-03 14:03:00
2025-07-10,688012,0.0002767220139503479,0.0207687821239233,0.0002767220139503479,1.0,vanilla_transformer_v10,2026-08-03 14:03:00
2025-07-10,600584,0.00025556981563568115,0.01288876123726368,0.00025556981563568115,1.0,vanilla_transformer_v10,2026-08-03 14:03:00
2025-07-10,688981,0.00020907074213027954,0.028650639578700066,0.00020907074213027954,1.0,vanilla_transformer_v10,2026-08-03 14:03:00
2025-07-10,000858,0.00015168637037277222,0.013932286761701107,0.00015168637037277222,1.0,vanilla_transformer_v10,2026-08-03 14:03:00
2025-07-10,600519,0.0001497417688369751,0.0003501363971736282,0.0001497417688369751,1.0,vanilla_transformer_v10,2026-08-03 14:03:00
2025-07-10,300750,6.809085607528687e-05,-0.001846935716457665,6.809085607528687e-05,1.0,vanilla_transformer_v10,2026-08-03 14:03:00
2025-07-10,300782,-0.0001062154769897461,0.009810796007514,0.0001062154769897461,0.0,vanilla_transformer_v10,2026-08-03 14:03:00
2025-07-11,601318,0.0023274943232536316,-0.002420286647975445,0.0023274943232536316,1.0,vanilla_transformer_v10,2026-08-03 14:03:00
2025-07-11,002230,0.0019816532731056213,-0.013060986995697021,0.0019816532731056213,1.0,vanilla_transformer_v10,2026-08-03 14:03:00
2025-07-11,688981,0.0017194822430610657,-0.007286006584763527,0.0017194822430610657,1.0,vanilla_transformer_v10,2026-08-03 14:03:00
2025-07-11,600887,0.0015837624669075012,-0.007251242641359568,0.0015837624669075012,1.0,vanilla_transformer_v10,2026-08-03 14:03:00
2025-07-11,300454,0.0015288814902305603,0.0061060418374836445,0.0015288814902305603,1.0,vanilla_transformer_v10,2026-08-03 14:03:00
2025-07-11,601138,0.0013429448008537292,-0.0033156529534608126,0.0013429448008537292,1.0,vanilla_transformer_v10,2026-08-03 14:03:00
2025-07-11,002465,0.0012172386050224304,-0.019574353471398354,0.0012172386050224304,1.0,vanilla_transformer_v10,2026-08-03 14:03:00
2025-07-11,601012,0.001143716275691986,-0.005537060555070639,0.001143716275691986,1.0,vanilla_transformer_v10,2026-08-03 14:03:00
2025-07-11,603501,0.0009174272418022156,0.000177048597834073,0.0009174272418022156,1.0,vanilla_transformer_v10,2026-08-03 14:03:00
2025-07-11,600036,0.0008958205580711365,-0.0015292983734980226,0.0008958205580711365,1.0,vanilla_transformer_v10,2026-08-03 14:03:00
2025-07-11,000568,0.0008825212717056274,0.007276467513293028,0.0008825212717056274,1.0,vanilla_transformer_v10,2026-08-03 14:03:00
2025-07-11,002594,0.0008583292365074158,-0.01688981056213379,0.0008583292365074158,1.0,vanilla_transformer_v10,2026-08-03 14:03:00
2025-07-11,300308,0.0007917359471321106,0.030768176540732384,0.0007917359471321106,1.0,vanilla_transformer_v10,2026-08-03 14:03:00
2025-07-11,600584,0.0007410719990730286,-0.0033076549880206585,0.0007410719990730286,1.0,vanilla_transformer_v10,2026-08-03 14:03:00
2025-07-11,000977,0.0006915703415870667,-0.002482291078194976,0.0006915703415870667,1.0,vanilla_transformer_v10,2026-08-03 14:03:00
2025-07-11,688012,0.0006822645664215088,-0.029565276578068733,0.0006822645664215088,1.0,vanilla_transformer_v10,2026-08-03 14:03:00
2025-07-11,600438,0.0005531609058380127,0.011673284694552422,0.0005531609058380127,1.0,vanilla_transformer_v10,2026-08-03 14:03:00
2025-07-11,000858,0.00046002864837646484,0.008892666548490524,0.00046002864837646484,1.0,vanilla_transformer_v10,2026-08-03 14:03:00
2025-07-11,300782,0.0004217401146888733,-0.0036411515902727842,0.0004217401146888733,1.0,vanilla_transformer_v10,2026-08-03 14:03:00
2025-07-11,002371,0.00041563063859939575,-0.020277515053749084,0.00041563063859939575,1.0,vanilla_transformer_v10,2026-08-03 14:03:00
2025-07-11,600519,0.00039167702198028564,-0.0023858279455453157,0.00039167702198028564,1.0,vanilla_transformer_v10,2026-08-03 14:03:00
2025-07-11,300750,-0.0005304738879203796,-0.011114883236587048,0.0005304738879203796,0.0,vanilla_transformer_v10,2026-08-03 14:03:00
2025-07-14,002465,0.0026129111647605896,-0.006279282737523317,0.0026129111647605896,1.0,vanilla_transformer_v10,2026-08-03 14:03:00
2025-07-14,300308,0.002609819173812866,0.15426933765411377,0.002609819173812866,1.0,vanilla_transformer_v10,2026-08-03 14:03:00
2025-07-14,600438,0.00223483145236969,-0.02303450182080269,0.00223483145236969,1.0,vanilla_transformer_v10,2026-08-03 14:03:00
2025-07-14,601138,0.0020857229828834534,0.05019671097397804,0.0020857229828834534,1.0,vanilla_transformer_v10,2026-08-03 14:03:00
2025-07-14,600887,0.0019559189677238464,-0.004007338080555201,0.0019559189677238464,1.0,vanilla_transformer_v10,2026-08-03 14:03:00
2025-07-14,601012,0.0016985759139060974,-0.00872735120356083,0.0016985759139060974,1.0,vanilla_transformer_v10,2026-08-03 14:03:00
2025-07-14,600036,0.0012103021144866943,-0.007681771647185087,0.0012103021144866943,1.0,vanilla_transformer_v10,2026-08-03 14:03:00
2025-07-14,688012,0.0010009035468101501,0.005430880468338728,0.0010009035468101501,1.0,vanilla_transformer_v10,2026-08-03 14:03:00
2025-07-14,002594,0.0007695704698562622,0.01420892309397459,0.0007695704698562622,1.0,vanilla_transformer_v10,2026-08-03 14:03:00
2025-07-14,002371,0.000658862292766571,-0.002683589467778802,0.000658862292766571,1.0,vanilla_transformer_v10,2026-08-03 14:03:00
2025-07-14,000568,0.0003554895520210266,-0.008538582362234592,0.0003554895520210266,1.0,vanilla_transformer_v10,2026-08-03 14:03:00
2025-07-14,000858,0.00020901113748550415,-0.0032756486907601357,0.00020901113748550415,1.0,vanilla_transformer_v10,2026-08-03 14:03:00
2025-07-14,002230,0.0001977682113647461,0.018589003011584282,0.0001977682113647461,1.0,vanilla_transformer_v10,2026-08-03 14:03:00
2025-07-14,300454,0.00018509477376937866,0.04522622749209404,0.00018509477376937866,1.0,vanilla_transformer_v10,2026-08-03 14:03:00
2025-07-14,603501,0.0001398324966430664,-0.007284820079803467,0.0001398324966430664,1.0,vanilla_transformer_v10,2026-08-03 14:03:00
2025-07-14,688981,2.79843807220459e-05,0.004218693822622299,2.79843807220459e-05,1.0,vanilla_transformer_v10,2026-08-03 14:03:00
2025-07-14,600584,1.6160309314727783e-05,0.00716618075966835,1.6160309314727783e-05,1.0,vanilla_transformer_v10,2026-08-03 14:03:00
2025-07-14,601318,-5.6274235248565674e-05,-0.008204883895814419,5.6274235248565674e-05,0.0,vanilla_transformer_v10,2026-08-03 14:03:00
2025-07-14,300782,-0.00023461133241653442,-0.006303607951849699,0.00023461133241653442,0.0,vanilla_transformer_v10,2026-08-03 14:03:00
2025-07-14,000977,-0.000255487859249115,0.06841915845870972,0.000255487859249115,0.0,vanilla_transformer_v10,2026-08-03 14:03:00
2025-07-14,300750,-0.00030744820833206177,-0.0027883686125278473,0.00030744820833206177,0.0,vanilla_transformer_v10,2026-08-03 14:03:00
2025-07-14,600519,-0.00032198429107666016,-0.008889415301382542,0.00032198429107666016,0.0,vanilla_transformer_v10,2026-08-03 14:03:00
2025-07-15,601138,0.004012636840343475,-0.01945524662733078,0.004012636840343475,1.0,vanilla_transformer_v10,2026-08-03 14:03:00
2025-07-15,300308,0.0032122954726219177,-0.02343623898923397,0.0032122954726219177,1.0,vanilla_transformer_v10,2026-08-03 14:03:00
2025-07-15,000977,0.0022784993052482605,-0.023008618503808975,0.0022784993052482605,1.0,vanilla_transformer_v10,2026-08-03 14:03:00
2025-07-15,600887,0.0019421875476837158,0.0050995005294680595,0.0019421875476837158,1.0,vanilla_transformer_v10,2026-08-03 14:03:00
2025-07-15,601012,0.0018406584858894348,-0.006890556775033474,0.0018406584858894348,1.0,vanilla_transformer_v10,2026-08-03 14:03:00
2025-07-15,600438,0.0017814934253692627,0.02303450182080269,0.0017814934253692627,1.0,vanilla_transformer_v10,2026-08-03 14:03:00
2025-07-15,002230,0.0016580596566200256,-0.003406628267839551,0.0016580596566200256,1.0,vanilla_transformer_v10,2026-08-03 14:03:00
2025-07-15,002465,0.001649707555770874,-0.005651923827826977,0.001649707555770874,1.0,vanilla_transformer_v10,2026-08-03 14:03:00
2025-07-15,300454,0.0015688613057136536,0.009580533020198345,0.0015688613057136536,1.0,vanilla_transformer_v10,2026-08-03 14:03:00
2025-07-15,600036,0.0015492811799049377,-0.002438133582472801,0.0015492811799049377,1.0,vanilla_transformer_v10,2026-08-03 14:03:00
2025-07-15,603501,0.0013005509972572327,-0.0010110322618857026,0.0013005509972572327,1.0,vanilla_transformer_v10,2026-08-03 14:03:00
2025-07-15,002594,0.0012988746166229248,0.0020857551135122776,0.0012988746166229248,1.0,vanilla_transformer_v10,2026-08-03 14:03:00
2025-07-15,002371,0.001287318766117096,-0.007640433497726917,0.001287318766117096,1.0,vanilla_transformer_v10,2026-08-03 14:03:00
2025-07-15,688012,0.0011750832200050354,-0.009439794346690178,0.0011750832200050354,1.0,vanilla_transformer_v10,2026-08-03 14:03:00
2025-07-15,600584,0.0010465309023857117,-0.0014452029718086123,0.0010465309023857117,1.0,vanilla_transformer_v10,2026-08-03 14:03:00
2025-07-15,601318,0.0007668882608413696,-0.004727064166218042,0.0007668882608413696,1.0,vanilla_transformer_v10,2026-08-03 14:03:00
2025-07-15,300782,0.0007188469171524048,0.015368555672466755,0.0007188469171524048,1.0,vanilla_transformer_v10,2026-08-03 14:03:00
2025-07-15,688981,0.0006620809435844421,-0.008799553848803043,0.0006620809435844421,1.0,vanilla_transformer_v10,2026-08-03 14:03:00
2025-07-15,000568,0.0005399659276008606,0.014524492435157299,0.0005399659276008606,1.0,vanilla_transformer_v10,2026-08-03 14:03:00
2025-07-15,600519,0.00042254477739334106,2.1165487851249054e-05,0.00042254477739334106,1.0,vanilla_transformer_v10,2026-08-03 14:03:00
2025-07-15,300750,0.0002965480089187622,-0.012595342472195625,0.0002965480089187622,1.0,vanilla_transformer_v10,2026-08-03 14:03:00
2025-07-15,000858,0.00025922805070877075,0.0022360854782164097,0.00025922805070877075,1.0,vanilla_transformer_v10,2026-08-03 14:03:00
2025-07-16,600438,0.0034244656562805176,0.007750788703560829,0.0034244656562805176,1.0,vanilla_transformer_v10,2026-08-03 14:03:00
2025-07-16,300308,0.002707257866859436,0.03503737598657608,0.002707257866859436,1.0,vanilla_transformer_v10,2026-08-03 14:03:00
2025-07-16,601138,0.002465061843395233,0.028573373332619667,0.002465061843395233,1.0,vanilla_transformer_v10,2026-08-03 14:03:00
2025-07-16,600887,0.0017229244112968445,0.02085627056658268,0.0017229244112968445,1.0,vanilla_transformer_v10,2026-08-03 14:03:00
2025-07-16,601012,0.0017173513770103455,0.0186874121427536,0.0017173513770103455,1.0,vanilla_transformer_v10,2026-08-03 14:03:00
2025-07-16,002465,0.0013947412371635437,0.03075145184993744,0.0013947412371635437,1.0,vanilla_transformer_v10,2026-08-03 14:03:00
2025-07-16,300782,0.001241348683834076,0.013913678005337715,0.001241348683834076,1.0,vanilla_transformer_v10,2026-08-03 14:03:00
2025-07-16,300454,0.0011557862162590027,0.002197918016463518,0.0011557862162590027,1.0,vanilla_transformer_v10,2026-08-03 14:03:00
2025-07-16,000568,0.000974699854850769,-0.00033276784233748913,0.000974699854850769,1.0,vanilla_transformer_v10,2026-08-03 14:03:00
2025-07-16,688012,0.0009378418326377869,-0.0006138907046988606,0.0009378418326377869,1.0,vanilla_transformer_v10,2026-08-03 14:03:00
2025-07-16,601318,0.0008526816964149475,-0.00039969166391529143,0.0008526816964149475,1.0,vanilla_transformer_v10,2026-08-03 14:03:00
2025-07-16,002230,0.0008468031883239746,0.010986993089318275,0.0008468031883239746,1.0,vanilla_transformer_v10,2026-08-03 14:03:00
2025-07-16,002371,0.0008388534188270569,-0.007067133206874132,0.0008388534188270569,1.0,vanilla_transformer_v10,2026-08-03 14:03:00
2025-07-16,603501,0.000826023519039154,-0.002323296619579196,0.000826023519039154,1.0,vanilla_transformer_v10,2026-08-03 14:03:00
2025-07-16,600584,0.0007149800658226013,0.010947410017251968,0.0007149800658226013,1.0,vanilla_transformer_v10,2026-08-03 14:03:00
2025-07-16,002594,0.0004396364092826843,0.013188044540584087,0.0004396364092826843,1.0,vanilla_transformer_v10,2026-08-03 14:03:00
2025-07-16,000977,0.00042510777711868286,0.014545843005180359,0.00042510777711868286,1.0,vanilla_transformer_v10,2026-08-03 14:03:00
2025-07-16,600036,0.0003829002380371094,-0.0024440926499664783,0.0003829002380371094,1.0,vanilla_transformer_v10,2026-08-03 14:03:00
2025-07-16,000858,0.0003434121608734131,0.004299744963645935,0.0003434121608734131,1.0,vanilla_transformer_v10,2026-08-03 14:03:00
2025-07-16,688981,0.0002816691994667053,0.01898755319416523,0.0002816691994667053,1.0,vanilla_transformer_v10,2026-08-03 14:03:00
2025-07-16,300750,0.0002086833119392395,0.004143897444009781,0.0002086833119392395,1.0,vanilla_transformer_v10,2026-08-03 14:03:00
2025-07-16,600519,0.00011968612670898438,0.003763213288038969,0.00011968612670898438,1.0,vanilla_transformer_v10,2026-08-03 14:03:00
2025-07-17,601138,0.0024180784821510315,-0.014184635132551193,0.0024180784821510315,1.0,vanilla_transformer_v10,2026-08-03 14:03:00
2025-07-17,601012,0.002134948968887329,-0.008668940514326096,0.002134948968887329,1.0,vanilla_transformer_v10,2026-08-03 14:03:00
2025-07-17,600438,0.002077855169773102,-0.020937403663992882,0.002077855169773102,1.0,vanilla_transformer_v10,2026-08-03 14:03:00
2025-07-17,002465,0.001965448260307312,0.009225553832948208,0.001965448260307312,1.0,vanilla_transformer_v10,2026-08-03 14:03:00
2025-07-17,600887,0.0018441155552864075,-0.001069607911631465,0.0018441155552864075,1.0,vanilla_transformer_v10,2026-08-03 14:03:00
2025-07-17,300308,0.0015628412365913391,0.0210934579372406,0.0015628412365913391,1.0,vanilla_transformer_v10,2026-08-03 14:03:00
2025-07-17,002371,0.0014236494898796082,0.020472455769777298,0.0014236494898796082,1.0,vanilla_transformer_v10,2026-08-03 14:03:00
2025-07-17,688012,0.0011243894696235657,0.02257581800222397,0.0011243894696235657,1.0,vanilla_transformer_v10,2026-08-03 14:03:00
2025-07-17,600584,0.0009525716304779053,-0.0008745776722207665,0.0009525716304779053,1.0,vanilla_transformer_v10,2026-08-03 14:03:00
2025-07-17,688981,0.0009115263819694519,-0.0031584911048412323,0.0009115263819694519,1.0,vanilla_transformer_v10,2026-08-03 14:03:00
2025-07-17,603501,0.000825740396976471,0.0259036086499691,0.000825740396976471,1.0,vanilla_transformer_v10,2026-08-03 14:03:00
2025-07-17,002230,0.0005969926714897156,0.0012629569973796606,0.0005969926714897156,1.0,vanilla_transformer_v10,2026-08-03 14:03:00
2025-07-17,000977,0.0002110898494720459,-0.0007204870926216245,0.0002110898494720459,1.0,vanilla_transformer_v10,2026-08-03 14:03:00
2025-07-17,300782,0.00015635788440704346,-0.005217856727540493,0.00015635788440704346,1.0,vanilla_transformer_v10,2026-08-03 14:03:00
2025-07-17,002594,0.00011085718870162964,0.003313931869342923,0.00011085718870162964,1.0,vanilla_transformer_v10,2026-08-03 14:03:00
2025-07-17,000568,8.673965930938721e-05,0.03381834179162979,8.673965930938721e-05,1.0,vanilla_transformer_v10,2026-08-03 14:03:00
2025-07-17,300750,7.095187902450562e-05,0.0212564617395401,7.095187902450562e-05,1.0,vanilla_transformer_v10,2026-08-03 14:03:00
2025-07-17,300454,4.552304744720459e-06,0.07984163612127304,4.552304744720459e-06,1.0,vanilla_transformer_v10,2026-08-03 14:03:00
2025-07-17,000858,-8.711963891983032e-05,0.009173570200800896,8.711963891983032e-05,0.0,vanilla_transformer_v10,2026-08-03 14:03:00
2025-07-17,600519,-9.665638208389282e-05,0.014474582858383656,9.665638208389282e-05,0.0,vanilla_transformer_v10,2026-08-03 14:03:00
2025-07-17,601318,-0.00022554397583007812,0.004615261219441891,0.00022554397583007812,0.0,vanilla_transformer_v10,2026-08-03 14:03:00
2025-07-17,600036,-0.0002347603440284729,0.0011005810229107738,0.0002347603440284729,0.0,vanilla_transformer_v10,2026-08-03 14:03:00
2025-07-18,300308,0.0022505000233650208,0.0397835411131382,0.0022505000233650208,1.0,vanilla_transformer_v10,2026-08-03 14:03:00
2025-07-18,601138,0.001542791724205017,-0.003498174948617816,0.001542791724205017,1.0,vanilla_transformer_v10,2026-08-03 14:03:00
2025-07-18,600438,0.0015074536204338074,0.008339296095073223,0.0015074536204338074,1.0,vanilla_transformer_v10,2026-08-03 14:03:00
2025-07-18,002465,0.001337103545665741,-0.0007477434701286256,0.001337103545665741,1.0,vanilla_transformer_v10,2026-08-03 14:03:00
2025-07-18,601012,0.0010292604565620422,0.014810910448431969,0.0010292604565620422,1.0,vanilla_transformer_v10,2026-08-03 14:03:00
2025-07-18,603501,0.0008154883980751038,-0.004835289437323809,0.0008154883980751038,1.0,vanilla_transformer_v10,2026-08-03 14:03:00
2025-07-18,600887,0.0007133781909942627,0.0042672171257436275,0.0007133781909942627,1.0,vanilla_transformer_v10,2026-08-03 14:03:00
2025-07-18,000568,0.0006961449980735779,-0.008450091816484928,0.0006961449980735779,1.0,vanilla_transformer_v10,2026-08-03 14:03:00
2025-07-18,600036,0.0006337389349937439,-0.004450531210750341,0.0006337389349937439,1.0,vanilla_transformer_v10,2026-08-03 14:03:00
2025-07-18,002371,0.0006278529763221741,-0.015932900831103325,0.0006278529763221741,1.0,vanilla_transformer_v10,2026-08-03 14:03:00
2025-07-18,002230,0.0005335360765457153,0.005449353717267513,0.0005335360765457153,1.0,vanilla_transformer_v10,2026-08-03 14:03:00
2025-07-18,601318,0.0002563595771789551,0.002101139398291707,0.0002563595771789551,1.0,vanilla_transformer_v10,2026-08-03 14:03:00
2025-07-18,300750,0.00021276623010635376,0.030714992433786392,0.00021276623010635376,1.0,vanilla_transformer_v10,2026-08-03 14:03:00
2025-07-18,688012,1.735985279083252e-06,0.00793698150664568,1.735985279083252e-06,1.0,vanilla_transformer_v10,2026-08-03 14:03:00
2025-07-18,000858,-3.077089786529541e-06,-0.009904035367071629,3.077089786529541e-06,0.0,vanilla_transformer_v10,2026-08-03 14:03:00
2025-07-18,300454,-2.5570392608642578e-05,-0.011357691138982773,2.5570392608642578e-05,0.0,vanilla_transformer_v10,2026-08-03 14:03:00
2025-07-18,600519,-7.199496030807495e-05,0.00416675116866827,7.199496030807495e-05,0.0,vanilla_transformer_v10,2026-08-03 14:03:00
2025-07-18,000977,-0.00028342753648757935,-0.009814118966460228,0.00028342753648757935,0.0,vanilla_transformer_v10,2026-08-03 14:03:00
2025-07-18,600584,-0.000300087034702301,0.0041276453994214535,0.000300087034702301,0.0,vanilla_transformer_v10,2026-08-03 14:03:00
2025-07-18,688981,-0.0003099516034126282,0.005745523609220982,0.0003099516034126282,0.0,vanilla_transformer_v10,2026-08-03 14:03:00
2025-07-18,002594,-0.0005967170000076294,0.015109977684915066,0.0005967170000076294,0.0,vanilla_transformer_v10,2026-08-03 14:03:00
2025-07-18,300782,-0.0007209405303001404,0.0,0.0007209405303001404,0.0,vanilla_transformer_v10,2026-08-03 14:03:00
2025-07-21,300308,0.0024888142943382263,-0.018854256719350815,0.0024888142943382263,1.0,vanilla_transformer_v10,2026-08-03 14:03:00
2025-07-21,600438,0.001465916633605957,0.05403932183980942,0.001465916633605957,1.0,vanilla_transformer_v10,2026-08-03 14:03:00
2025-07-21,601012,0.0013484954833984375,0.015819260850548744,0.0013484954833984375,1.0,vanilla_transformer_v10,2026-08-03 14:03:00
2025-07-21,601138,0.0011464431881904602,-0.0022324996534734964,0.0011464431881904602,1.0,vanilla_transformer_v10,2026-08-03 14:03:00
2025-07-21,002371,0.0010433048009872437,0.00651135016232729,0.0010433048009872437,1.0,vanilla_transformer_v10,2026-08-03 14:03:00
2025-07-21,002465,0.0009577721357345581,-0.0038543944247066975,0.0009577721357345581,1.0,vanilla_transformer_v10,2026-08-03 14:03:00
2025-07-21,300750,0.000903204083442688,0.024724073708057404,0.000903204083442688,1.0,vanilla_transformer_v10,2026-08-03 14:03:00
2025-07-21,601318,0.0005554035305976868,-0.008602816611528397,0.0005554035305976868,1.0,vanilla_transformer_v10,2026-08-03 14:03:00
2025-07-21,600036,0.0005331486463546753,0.0020031484309583902,0.0005331486463546753,1.0,vanilla_transformer_v10,2026-08-03 14:03:00
2025-07-21,600887,0.00033489614725112915,0.006364706438034773,0.00033489614725112915,1.0,vanilla_transformer_v10,2026-08-03 14:03:00
2025-07-21,688012,0.0002827197313308716,0.020473409444093704,0.0002827197313308716,1.0,vanilla_transformer_v10,2026-08-03 14:03:00
2025-07-21,688981,0.00022170692682266235,0.0006737788207828999,0.00022170692682266235,1.0,vanilla_transformer_v10,2026-08-03 14:03:00
2025-07-21,002230,0.0002048388123512268,-0.00839359313249588,0.0002048388123512268,1.0,vanilla_transformer_v10,2026-08-03 14:03:00
2025-07-21,603501,0.00014179199934005737,0.00040869947406463325,0.00014179199934005737,1.0,vanilla_transformer_v10,2026-08-03 14:03:00
2025-07-21,300454,-3.7103891372680664e-06,0.0073923105373978615,3.7103891372680664e-06,0.0,vanilla_transformer_v10,2026-08-03 14:03:00
2025-07-21,000977,-7.659196853637695e-06,-0.011750844307243824,7.659196853637695e-06,0.0,vanilla_transformer_v10,2026-08-03 14:03:00
2025-07-21,600584,-6.458908319473267e-05,0.005214517470449209,6.458908319473267e-05,0.0,vanilla_transformer_v10,2026-08-03 14:03:00
2025-07-21,000858,-0.00021374225616455078,0.02393992990255356,0.00021374225616455078,0.0,vanilla_transformer_v10,2026-08-03 14:03:00
2025-07-21,002594,-0.0003697201609611511,0.02241453528404236,0.0003697201609611511,0.0,vanilla_transformer_v10,2026-08-03 14:03:00
2025-07-21,300782,-0.0004846230149269104,0.005217856727540493,0.0004846230149269104,0.0,vanilla_transformer_v10,2026-08-03 14:03:00
2025-07-21,000568,-0.0005841180682182312,0.04449295252561569,0.0005841180682182312,0.0,vanilla_transformer_v10,2026-08-03 14:03:00
2025-07-21,600519,-0.0007552951574325562,0.015116727910935879,0.0007552951574325562,0.0,vanilla_transformer_v10,2026-08-03 14:03:00
2025-07-22,600438,0.003765203058719635,-0.022858137264847755,0.003765203058719635,1.0,vanilla_transformer_v10,2026-08-03 14:03:00
2025-07-22,601138,0.0027973875403404236,-0.014148145914077759,0.0027973875403404236,1.0,vanilla_transformer_v10,2026-08-03 14:03:00
2025-07-22,300308,0.002661481499671936,0.009394124150276184,0.002661481499671936,1.0,vanilla_transformer_v10,2026-08-03 14:03:00
2025-07-22,601012,0.0018006041646003723,-0.012746870517730713,0.0018006041646003723,1.0,vanilla_transformer_v10,2026-08-03 14:03:00
2025-07-22,600036,0.0012635141611099243,0.003994299098849297,0.0012635141611099243,1.0,vanilla_transformer_v10,2026-08-03 14:03:00
2025-07-22,000568,0.001056484878063202,-0.007761465385556221,0.001056484878063202,1.0,vanilla_transformer_v10,2026-08-03 14:03:00
2025-07-22,601318,0.0009649023413658142,0.02262924052774906,0.0009649023413658142,1.0,vanilla_transformer_v10,2026-08-03 14:03:00
2025-07-22,002465,0.0007307082414627075,-0.014805478975176811,0.0007307082414627075,1.0,vanilla_transformer_v10,2026-08-03 14:03:00
2025-07-22,000858,0.0006971284747123718,-0.002628748305141926,0.0006971284747123718,1.0,vanilla_transformer_v10,2026-08-03 14:03:00
2025-07-22,600887,0.0006745010614395142,-0.0028247255831956863,0.0006745010614395142,1.0,vanilla_transformer_v10,2026-08-03 14:03:00
2025-07-22,300750,0.0006498321890830994,0.001257644034922123,0.0006498321890830994,1.0,vanilla_transformer_v10,2026-08-03 14:03:00
2025-07-22,002371,0.0006149709224700928,0.02864270657300949,0.0006149709224700928,1.0,vanilla_transformer_v10,2026-08-03 14:03:00
2025-07-22,688012,0.0003955662250518799,0.05706704407930374,0.0003955662250518799,1.0,vanilla_transformer_v10,2026-08-03 14:03:00
2025-07-22,688981,0.0002979487180709839,0.0034739766269922256,0.0002979487180709839,1.0,vanilla_transformer_v10,2026-08-03 14:03:00
2025-07-22,002230,4.651397466659546e-05,0.0037904514465481043,4.651397466659546e-05,1.0,vanilla_transformer_v10,2026-08-03 14:03:00
2025-07-22,600584,6.1765313148498535e-06,-0.006720721255987883,6.1765313148498535e-06,1.0,vanilla_transformer_v10,2026-08-03 14:03:00
2025-07-22,600519,-9.913742542266846e-05,0.0071557085029780865,9.913742542266846e-05,0.0,vanilla_transformer_v10,2026-08-03 14:03:00
2025-07-22,603501,-0.00012443959712982178,-0.0019281901186332107,0.00012443959712982178,0.0,vanilla_transformer_v10,2026-08-03 14:03:00
2025-07-22,000977,-0.00013243407011032104,-0.004650484304875135,0.00013243407011032104,0.0,vanilla_transformer_v10,2026-08-03 14:03:00
2025-07-22,300454,-0.00019100308418273926,-0.009835985489189625,0.00019100308418273926,0.0,vanilla_transformer_v10,2026-08-03 14:03:00
2025-07-22,300782,-0.000365331768989563,0.008189120329916477,0.000365331768989563,0.0,vanilla_transformer_v10,2026-08-03 14:03:00
2025-07-22,002594,-0.0006677582859992981,-0.010659812018275261,0.0006677582859992981,0.0,vanilla_transformer_v10,2026-08-03 14:03:00
2025-07-23,600438,0.004686504602432251,0.03206442669034004,0.004686504602432251,1.0,vanilla_transformer_v10,2026-08-03 14:03:00
2025-07-23,601318,0.0024936795234680176,0.01101479772478342,0.0024936795234680176,1.0,vanilla_transformer_v10,2026-08-03 14:03:00
2025-07-23,300308,0.00232774019241333,-0.005279989913105965,0.00232774019241333,1.0,vanilla_transformer_v10,2026-08-03 14:03:00
2025-07-23,600036,0.0021555349230766296,-0.005342917051166296,0.0021555349230766296,1.0,vanilla_transformer_v10,2026-08-03 14:03:00
2025-07-23,601012,0.0021211057901382446,0.03129735216498375,0.0021211057901382446,1.0,vanilla_transformer_v10,2026-08-03 14:03:00
2025-07-23,601138,0.0020417943596839905,0.06791283935308456,0.0020417943596839905,1.0,vanilla_transformer_v10,2026-08-03 14:03:00
2025-07-23,002371,0.0019824430346488953,0.021335819736123085,0.0019824430346488953,1.0,vanilla_transformer_v10,2026-08-03 14:03:00
2025-07-23,002465,0.0014709532260894775,0.023244347423315048,0.0014709532260894775,1.0,vanilla_transformer_v10,2026-08-03 14:03:00
2025-07-23,002230,0.0011159628629684448,0.01145316194742918,0.0011159628629684448,1.0,vanilla_transformer_v10,2026-08-03 14:03:00
2025-07-23,688012,0.0009477436542510986,0.0025522345677018166,0.0009477436542510986,1.0,vanilla_transformer_v10,2026-08-03 14:03:00
2025-07-23,688981,0.0007830783724784851,0.02605866827070713,0.0007830783724784851,1.0,vanilla_transformer_v10,2026-08-03 14:03:00
2025-07-23,600887,0.0007818341255187988,-0.0017684240592643619,0.0007818341255187988,1.0,vanilla_transformer_v10,2026-08-03 14:03:00
2025-07-23,600584,0.0006882920861244202,0.019794849678874016,0.0006882920861244202,1.0,vanilla_transformer_v10,2026-08-03 14:03:00
2025-07-23,000977,0.0005538091063499451,0.009609263390302658,0.0005538091063499451,1.0,vanilla_transformer_v10,2026-08-03 14:03:00
2025-07-23,603501,0.0002745911478996277,0.006993850693106651,0.0002745911478996277,1.0,vanilla_transformer_v10,2026-08-03 14:03:00
2025-07-23,300782,0.00026760995388031006,0.03716280311346054,0.00026760995388031006,1.0,vanilla_transformer_v10,2026-08-03 14:03:00
2025-07-23,300454,-0.00020691007375717163,0.01803947612643242,0.00020691007375717163,0.0,vanilla_transformer_v10,2026-08-03 14:03:00
2025-07-23,000858,-0.0002180337905883789,0.0027919416315853596,0.0002180337905883789,0.0,vanilla_transformer_v10,2026-08-03 14:03:00
2025-07-23,600519,-0.000498451292514801,0.010785006918013096,0.000498451292514801,0.0,vanilla_transformer_v10,2026-08-03 14:03:00
2025-07-23,000568,-0.0006689950823783875,-0.001481233281083405,0.0006689950823783875,0.0,vanilla_transformer_v10,2026-08-03 14:03:00
2025-07-23,002594,-0.0006874427199363708,0.013672668486833572,0.0006874427199363708,0.0,vanilla_transformer_v10,2026-08-03 14:03:00
2025-07-23,300750,-0.0011137351393699646,-0.006377421319484711,0.0011137351393699646,0.0,vanilla_transformer_v10,2026-08-03 14:03:00
2025-07-24,601138,0.00407053530216217,0.007535830605775118,0.00407053530216217,1.0,vanilla_transformer_v10,2026-08-03 14:03:00
2025-07-24,600438,0.0031208619475364685,-0.03442215919494629,0.0031208619475364685,1.0,vanilla_transformer_v10,2026-08-03 14:03:00
2025-07-24,300308,0.002029307186603546,0.00010652899800334126,0.002029307186603546,1.0,vanilla_transformer_v10,2026-08-03 14:03:00
2025-07-24,601012,0.0020240768790245056,-0.02155321277678013,0.0020240768790245056,1.0,vanilla_transformer_v10,2026-08-03 14:03:00
2025-07-24,002465,0.001548968255519867,-0.0045844740234315395,0.001548968255519867,1.0,vanilla_transformer_v10,2026-08-03 14:03:00
2025-07-24,688981,0.001257084310054779,0.018573042005300522,0.001257084310054779,1.0,vanilla_transformer_v10,2026-08-03 14:03:00
2025-07-24,601318,0.0010892674326896667,-0.009617329575121403,0.0010892674326896667,1.0,vanilla_transformer_v10,2026-08-03 14:03:00
2025-07-24,600036,0.0009714290499687195,-0.0011047690641134977,0.0009714290499687195,1.0,vanilla_transformer_v10,2026-08-03 14:03:00
2025-07-24,002230,0.0007311254739761353,0.03942711651325226,0.0007311254739761353,1.0,vanilla_transformer_v10,2026-08-03 14:03:00
2025-07-24,600584,0.0006179511547088623,0.0034939281176775694,0.0006179511547088623,1.0,vanilla_transformer_v10,2026-08-03 14:03:00
2025-07-24,600887,0.00042081624269485474,-0.014623803086578846,0.00042081624269485474,1.0,vanilla_transformer_v10,2026-08-03 14:03:00
2025-07-24,002371,0.0002171844244003296,0.009729978628456593,0.0002171844244003296,1.0,vanilla_transformer_v10,2026-08-03 14:03:00
2025-07-24,603501,0.0002003014087677002,0.00706062326207757,0.0002003014087677002,1.0,vanilla_transformer_v10,2026-08-03 14:03:00
2025-07-24,000977,0.00016964972019195557,0.00951780378818512,0.00016964972019195557,1.0,vanilla_transformer_v10,2026-08-03 14:03:00
2025-07-24,300782,0.00014971941709518433,0.0034010682720690966,0.00014971941709518433,1.0,vanilla_transformer_v10,2026-08-03 14:03:00
2025-07-24,300750,-1.087784767150879e-06,-0.008449899032711983,1.087784767150879e-06,0.0,vanilla_transformer_v10,2026-08-03 14:03:00
2025-07-24,300454,-0.00011279433965682983,0.0020164200104773045,0.00011279433965682983,0.0,vanilla_transformer_v10,2026-08-03 14:03:00
2025-07-24,002594,-0.000522904098033905,-0.014071779325604439,0.000522904098033905,0.0,vanilla_transformer_v10,2026-08-03 14:03:00
2025-07-24,000858,-0.0006217882037162781,-0.016139844432473183,0.0006217882037162781,0.0,vanilla_transformer_v10,2026-08-03 14:03:00
2025-07-24,600519,-0.0006843060255050659,-0.024776600301265717,0.0006843060255050659,0.0,vanilla_transformer_v10,2026-08-03 14:03:00
2025-07-24,000568,-0.0007140263915061951,-0.026558874174952507,0.0007140263915061951,0.0,vanilla_transformer_v10,2026-08-03 14:03:00
2025-07-24,688012,-0.0007617846131324768,0.004338834434747696,0.0007617846131324768,0.0,vanilla_transformer_v10,2026-08-03 14:03:00
2025-07-25,002230,0.002319224178791046,-0.018096905201673508,0.002319224178791046,1.0,vanilla_transformer_v10,2026-08-03 14:03:00
2025-07-25,600438,0.0021365731954574585,-0.025427861139178276,0.0021365731954574585,1.0,vanilla_transformer_v10,2026-08-03 14:03:00
2025-07-25,601012,0.0015588924288749695,-0.0066811623983085155,0.0015588924288749695,1.0,vanilla_transformer_v10,2026-08-03 14:03:00
2025-07-25,300308,0.0013847723603248596,0.03527694195508957,0.0013847723603248596,1.0,vanilla_transformer_v10,2026-08-03 14:03:00
2025-07-25,600036,0.0013830363750457764,-0.008717160671949387,0.0013830363750457764,1.0,vanilla_transformer_v10,2026-08-03 14:03:00
2025-07-25,601138,0.0012562945485115051,0.031044621020555496,0.0012562945485115051,1.0,vanilla_transformer_v10,2026-08-03 14:03:00
2025-07-25,600887,0.0011490359902381897,-0.0036030325572937727,0.0011490359902381897,1.0,vanilla_transformer_v10,2026-08-03 14:03:00
2025-07-25,002465,0.0011308789253234863,0.022088084369897842,0.0011308789253234863,1.0,vanilla_transformer_v10,2026-08-03 14:03:00
2025-07-25,688981,0.0008638128638267517,-0.013897341676056385,0.0008638128638267517,1.0,vanilla_transformer_v10,2026-08-03 14:03:00
2025-07-25,603501,0.0008116587996482849,-0.011659403331577778,0.0008116587996482849,1.0,vanilla_transformer_v10,2026-08-03 14:03:00
2025-07-25,601318,0.0007127970457077026,0.03399278596043587,0.0007127970457077026,1.0,vanilla_transformer_v10,2026-08-03 14:03:00
2025-07-25,600584,0.0006712675094604492,0.005410850513726473,0.0006712675094604492,1.0,vanilla_transformer_v10,2026-08-03 14:03:00
2025-07-25,000977,0.0004513785243034363,-0.005276481155306101,0.0004513785243034363,1.0,vanilla_transformer_v10,2026-08-03 14:03:00
2025-07-25,000568,0.0004163607954978943,-0.006350288633257151,0.0004163607954978943,1.0,vanilla_transformer_v10,2026-08-03 14:03:00
2025-07-25,002371,0.00035028159618377686,0.004928866866976023,0.00035028159618377686,1.0,vanilla_transformer_v10,2026-08-03 14:03:00
2025-07-25,300454,6.608664989471436e-05,-0.008573820814490318,6.608664989471436e-05,1.0,vanilla_transformer_v10,2026-08-03 14:03:00
2025-07-25,300782,-2.3730099201202393e-05,-0.011415592394769192,2.3730099201202393e-05,0.0,vanilla_transformer_v10,2026-08-03 14:03:00
2025-07-25,000858,-0.00015620142221450806,0.004198647104203701,0.00015620142221450806,0.0,vanilla_transformer_v10,2026-08-03 14:03:00
2025-07-25,002594,-0.00027555227279663086,-0.002769649960100651,0.00027555227279663086,0.0,vanilla_transformer_v10,2026-08-03 14:03:00
2025-07-25,600519,-0.00027876347303390503,-0.011293872259557247,0.00027876347303390503,0.0,vanilla_transformer_v10,2026-08-03 14:03:00
2025-07-25,300750,-0.0005152150988578796,0.012310448102653027,0.0005152150988578796,0.0,vanilla_transformer_v10,2026-08-03 14:03:00
2025-07-25,688012,-0.0005319193005561829,0.0008953442447818816,0.0005319193005561829,0.0,vanilla_transformer_v10,2026-08-03 14:03:00
2025-07-28,300308,0.002740919589996338,0.08995223790407181,0.002740919589996338,1.0,vanilla_transformer_v10,2026-08-03 14:03:00
2025-07-28,600438,0.002197951078414917,0.03388981148600578,0.002197951078414917,1.0,vanilla_transformer_v10,2026-08-03 14:03:00
2025-07-28,601318,0.0020515769720077515,-0.010038882493972778,0.0020515769720077515,1.0,vanilla_transformer_v10,2026-08-03 14:03:00
2025-07-28,601138,0.0017535686492919922,0.053561463952064514,0.0017535686492919922,1.0,vanilla_transformer_v10,2026-08-03 14:03:00
2025-07-28,002465,0.0016615316271781921,0.0029224527534097433,0.0016615316271781921,1.0,vanilla_transformer_v10,2026-08-03 14:03:00
2025-07-28,600036,0.0012027621269226074,-0.006795981898903847,0.0012027621269226074,1.0,vanilla_transformer_v10,2026-08-03 14:03:00
2025-07-28,601012,0.0009914413094520569,0.009102433919906616,0.0009914413094520569,1.0,vanilla_transformer_v10,2026-08-03 14:03:00
2025-07-28,600887,0.0008924975991249084,-0.0075986008159816265,0.0008924975991249084,1.0,vanilla_transformer_v10,2026-08-03 14:03:00
2025-07-28,002230,0.0008242055773735046,-0.0057015931233763695,0.0008242055773735046,1.0,vanilla_transformer_v10,2026-08-03 14:03:00
2025-07-28,603501,0.0007628649473190308,-0.0009923820616677403,0.0007628649473190308,1.0,vanilla_transformer_v10,2026-08-03 14:03:00
2025-07-28,300750,0.0005955919623374939,0.019100220873951912,0.0005955919623374939,1.0,vanilla_transformer_v10,2026-08-03 14:03:00
2025-07-28,600584,0.00057249516248703,0.022335799410939217,0.00057249516248703,1.0,vanilla_transformer_v10,2026-08-03 14:03:00
2025-07-28,000977,0.0003959536552429199,0.010019687004387379,0.0003959536552429199,1.0,vanilla_transformer_v10,2026-08-03 14:03:00
2025-07-28,000568,0.00037219375371932983,0.002093364717438817,0.00037219375371932983,1.0,vanilla_transformer_v10,2026-08-03 14:03:00
2025-07-28,300454,0.00011817365884780884,-0.004168894607573748,0.00011817365884780884,1.0,vanilla_transformer_v10,2026-08-03 14:03:00
2025-07-28,688981,8.90493392944336e-05,-0.00010848928650375456,8.90493392944336e-05,1.0,vanilla_transformer_v10,2026-08-03 14:03:00
2025-07-28,002371,4.762411117553711e-05,0.003311395412310958,4.762411117553711e-05,1.0,vanilla_transformer_v10,2026-08-03 14:03:00
2025-07-28,600519,-5.829334259033203e-05,0.00023681088350713253,5.829334259033203e-05,0.0,vanilla_transformer_v10,2026-08-03 14:03:00
2025-07-28,000858,-8.697062730789185e-05,-0.00435975706204772,8.697062730789185e-05,0.0,vanilla_transformer_v10,2026-08-03 14:03:00
2025-07-28,300782,-0.00031047314405441284,0.00355329061858356,0.00031047314405441284,0.0,vanilla_transformer_v10,2026-08-03 14:03:00
2025-07-28,002594,-0.0005180016160011292,0.003681668546050787,0.0005180016160011292,0.0,vanilla_transformer_v10,2026-08-03 14:03:00
2025-07-28,688012,-0.0008027330040931702,0.03113168105483055,0.0008027330040931702,0.0,vanilla_transformer_v10,2026-08-03 14:03:00
2025-07-29,600887,0.0034172311425209045,0.012996084988117218,0.0034172311425209045,1.0,vanilla_transformer_v10,2026-08-03 14:03:00
2025-07-29,300308,0.0025605186820030212,0.003190394025295973,0.0025605186820030212,1.0,vanilla_transformer_v10,2026-08-03 14:03:00
2025-07-29,600438,0.0023102834820747375,0.02500603161752224,0.0023102834820747375,1.0,vanilla_transformer_v10,2026-08-03 14:03:00
2025-07-29,601138,0.002199597656726837,0.06464198976755142,0.002199597656726837,1.0,vanilla_transformer_v10,2026-08-03 14:03:00
2025-07-29,600036,0.0013573169708251953,0.00634159566834569,0.0013573169708251953,1.0,vanilla_transformer_v10,2026-08-03 14:03:00
2025-07-29,601012,0.0009428262710571289,-0.01095766481012106,0.0009428262710571289,1.0,vanilla_transformer_v10,2026-08-03 14:03:00
2025-07-29,600584,0.0007532015442848206,-0.007339343428611755,0.0007532015442848206,1.0,vanilla_transformer_v10,2026-08-03 14:03:00
2025-07-29,603501,0.0005663782358169556,-0.009270735085010529,0.0005663782358169556,1.0,vanilla_transformer_v10,2026-08-03 14:03:00
2025-07-29,002371,0.0003922507166862488,0.01270690094679594,0.0003922507166862488,1.0,vanilla_transformer_v10,2026-08-03 14:03:00
2025-07-29,000977,0.00036910921335220337,-0.0030750888399779797,0.00036910921335220337,1.0,vanilla_transformer_v10,2026-08-03 14:03:00
2025-07-29,002230,0.0003381595015525818,-0.012319618836045265,0.0003381595015525818,1.0,vanilla_transformer_v10,2026-08-03 14:03:00
2025-07-29,000568,0.0003123432397842407,0.022198032587766647,0.0003123432397842407,1.0,vanilla_transformer_v10,2026-08-03 14:03:00
2025-07-29,002594,0.0002751871943473816,-0.024716828018426895,0.0002751871943473816,1.0,vanilla_transformer_v10,2026-08-03 14:03:00
2025-07-29,000858,0.0002668127417564392,0.008061476983129978,0.0002668127417564392,1.0,vanilla_transformer_v10,2026-08-03 14:03:00
2025-07-29,300750,0.00014445185661315918,-0.05180543661117554,0.00014445185661315918,1.0,vanilla_transformer_v10,2026-08-03 14:03:00
2025-07-29,002465,8.37966799736023e-05,-0.008267536759376526,8.37966799736023e-05,1.0,vanilla_transformer_v10,2026-08-03 14:03:00
2025-07-29,601318,4.87789511680603e-05,0.020352128893136978,4.87789511680603e-05,1.0,vanilla_transformer_v10,2026-08-03 14:03:00
2025-07-29,688981,3.737211227416992e-05,-0.019833005964756012,3.737211227416992e-05,1.0,vanilla_transformer_v10,2026-08-03 14:03:00
2025-07-29,600519,1.5057623386383057e-05,0.007229172624647617,1.5057623386383057e-05,1.0,vanilla_transformer_v10,2026-08-03 14:03:00
2025-07-29,688012,-1.2703239917755127e-05,-0.012658704072237015,1.2703239917755127e-05,0.0,vanilla_transformer_v10,2026-08-03 14:03:00
2025-07-29,300454,-7.8640878200531e-05,-0.011432046070694923,7.8640878200531e-05,0.0,vanilla_transformer_v10,2026-08-03 14:03:00
2025-07-29,300782,-0.0002867504954338074,-0.006993473507463932,0.0002867504954338074,0.0,vanilla_transformer_v10,2026-08-03 14:03:00
2025-07-30,600438,0.0028258338570594788,-0.06716236472129822,0.0028258338570594788,1.0,vanilla_transformer_v10,2026-08-03 14:03:00
2025-07-30,601138,0.0026683658361434937,0.05876659229397774,0.0026683658361434937,1.0,vanilla_transformer_v10,2026-08-03 14:03:00
2025-07-30,600887,0.0016205161809921265,-0.017003530636429787,0.0016205161809921265,1.0,vanilla_transformer_v10,2026-08-03 14:03:00
2025-07-30,300750,0.0013194382190704346,-0.04604482650756836,0.0013194382190704346,1.0,vanilla_transformer_v10,2026-08-03 14:03:00
2025-07-30,600036,0.0008127838373184204,0.0013212768826633692,0.0008127838373184204,1.0,vanilla_transformer_v10,2026-08-03 14:03:00
2025-07-30,300308,0.0007579252123832703,0.03273821249604225,0.0007579252123832703,1.0,vanilla_transformer_v10,2026-08-03 14:03:00
2025-07-30,000568,0.0006544366478919983,-0.033522531390190125,0.0006544366478919983,1.0,vanilla_transformer_v10,2026-08-03 14:03:00
2025-07-30,002594,0.000515080988407135,-0.03234607353806496,0.000515080988407135,1.0,vanilla_transformer_v10,2026-08-03 14:03:00
2025-07-30,300454,0.00040290504693984985,0.06533051282167435,0.00040290504693984985,1.0,vanilla_transformer_v10,2026-08-03 14:03:00
2025-07-30,601012,0.0002802908420562744,-0.0385858379304409,0.0002802908420562744,1.0,vanilla_transformer_v10,2026-08-03 14:03:00
2025-07-30,601318,0.0002750381827354431,-0.033859170973300934,0.0002750381827354431,1.0,vanilla_transformer_v10,2026-08-03 14:03:00
2025-07-30,000858,0.00022114813327789307,-0.027435798197984695,0.00022114813327789307,1.0,vanilla_transformer_v10,2026-08-03 14:03:00
2025-07-30,603501,0.00012778490781784058,-0.02163051627576351,0.00012778490781784058,1.0,vanilla_transformer_v10,2026-08-03 14:03:00
2025-07-30,002465,9.251385927200317e-05,0.0007353327819146216,9.251385927200317e-05,1.0,vanilla_transformer_v10,2026-08-03 14:03:00
2025-07-30,002371,2.553313970565796e-05,-0.040913838893175125,2.553313970565796e-05,1.0,vanilla_transformer_v10,2026-08-03 14:03:00
2025-07-30,000977,-5.687028169631958e-05,0.014246382750570774,5.687028169631958e-05,0.0,vanilla_transformer_v10,2026-08-03 14:03:00
2025-07-30,688981,-8.238852024078369e-05,-0.009563066065311432,8.238852024078369e-05,0.0,vanilla_transformer_v10,2026-08-03 14:03:00
2025-07-30,002230,-8.321553468704224e-05,0.007623541634529829,8.321553468704224e-05,0.0,vanilla_transformer_v10,2026-08-03 14:03:00
2025-07-30,600584,-0.0001547113060951233,-0.013301931321620941,0.0001547113060951233,0.0,vanilla_transformer_v10,2026-08-03 14:03:00
2025-07-30,300782,-0.00022108107805252075,-0.01679219678044319,0.00022108107805252075,0.0,vanilla_transformer_v10,2026-08-03 14:03:00
2025-07-30,600519,-0.00024046748876571655,-0.019345182925462723,0.00024046748876571655,0.0,vanilla_transformer_v10,2026-08-03 14:03:00
2025-07-30,688012,-0.0009327307343482971,-0.03072895109653473,0.0009327307343482971,0.0,vanilla_transformer_v10,2026-08-03 14:03:00
2025-07-31,600438,0.004355370998382568,0.00729752704501152,0.004355370998382568,1.0,vanilla_transformer_v10,2026-08-03 14:03:00
2025-07-31,601138,0.003976605832576752,-0.04770538583397865,0.003976605832576752,1.0,vanilla_transformer_v10,2026-08-03 14:03:00
2025-07-31,601012,0.0026735737919807434,0.01011338084936142,0.0026735737919807434,1.0,vanilla_transformer_v10,2026-08-03 14:03:00
2025-07-31,300750,0.0025364458560943604,-0.005865351762622595,0.0025364458560943604,1.0,vanilla_transformer_v10,2026-08-03 14:03:00
2025-07-31,300308,0.002467893064022064,-0.03260129690170288,0.002467893064022064,1.0,vanilla_transformer_v10,2026-08-03 14:03:00
2025-07-31,300454,0.0014545619487762451,0.03126528859138489,0.0014545619487762451,1.0,vanilla_transformer_v10,2026-08-03 14:03:00
2025-07-31,002594,0.0014396905899047852,0.005324201658368111,0.0014396905899047852,1.0,vanilla_transformer_v10,2026-08-03 14:03:00
2025-07-31,000977,0.0012105777859687805,-0.030391082167625427,0.0012105777859687805,1.0,vanilla_transformer_v10,2026-08-03 14:03:00
2025-07-31,600887,0.0011438354849815369,0.0036450165789574385,0.0011438354849815369,1.0,vanilla_transformer_v10,2026-08-03 14:03:00
2025-07-31,603501,0.001077018678188324,-0.014501361176371574,0.001077018678188324,1.0,vanilla_transformer_v10,2026-08-03 14:03:00
2025-07-31,688981,0.0010461211204528809,-0.01361177396029234,0.0010461211204528809,1.0,vanilla_transformer_v10,2026-08-03 14:03:00
2025-07-31,600036,0.0009623542428016663,-0.0013212768826633692,0.0009623542428016663,1.0,vanilla_transformer_v10,2026-08-03 14:03:00
2025-07-31,002371,0.000961795449256897,-0.01624196395277977,0.000961795449256897,1.0,vanilla_transformer_v10,2026-08-03 14:03:00
2025-07-31,601318,0.0008650049567222595,-0.008382185362279415,0.0008650049567222595,1.0,vanilla_transformer_v10,2026-08-03 14:03:00
2025-07-31,000858,0.0007461979985237122,-0.0012424974702298641,0.0007461979985237122,1.0,vanilla_transformer_v10,2026-08-03 14:03:00
2025-07-31,600584,0.0007031112909317017,-0.015198803506791592,0.0007031112909317017,1.0,vanilla_transformer_v10,2026-08-03 14:03:00
2025-07-31,000568,0.0007003098726272583,0.001300238654948771,0.0007003098726272583,1.0,vanilla_transformer_v10,2026-08-03 14:03:00
2025-07-31,002230,0.0005981847643852234,-0.0032838277984410524,0.0005981847643852234,1.0,vanilla_transformer_v10,2026-08-03 14:03:00
2025-07-31,002465,0.0005598366260528564,-0.0037874847184866667,0.0005598366260528564,1.0,vanilla_transformer_v10,2026-08-03 14:03:00
2025-07-31,300782,0.0005048736929893494,0.0014825420221313834,0.0005048736929893494,1.0,vanilla_transformer_v10,2026-08-03 14:03:00
2025-07-31,688012,0.00015582889318466187,-0.02621128037571907,0.00015582889318466187,1.0,vanilla_transformer_v10,2026-08-03 14:03:00
2025-07-31,600519,-0.0002546235918998718,-0.003290115389972925,0.0002546235918998718,0.0,vanilla_transformer_v10,2026-08-03 14:03:00
2025-08-01,600438,0.003940656781196594,-0.02507716603577137,0.003940656781196594,1.0,vanilla_transformer_v10,2026-08-03 14:03:00
2025-08-01,601138,0.0027260184288024902,-0.0010238034883514047,0.0027260184288024902,1.0,vanilla_transformer_v10,2026-08-03 14:03:00
2025-08-01,300750,0.0019384771585464478,0.012874358333647251,0.0019384771585464478,1.0,vanilla_transformer_v10,2026-08-03 14:03:00
2025-08-01,300308,0.0019127801060676575,-0.010546771809458733,0.0019127801060676575,1.0,vanilla_transformer_v10,2026-08-03 14:03:00
2025-08-01,601012,0.0018238648772239685,-0.008827537298202515,0.0018238648772239685,1.0,vanilla_transformer_v10,2026-08-03 14:03:00
2025-08-01,002594,0.0010575875639915466,-0.008738153614103794,0.0010575875639915466,1.0,vanilla_transformer_v10,2026-08-03 14:03:00
2025-08-01,600036,0.0009705051779747009,0.01072605699300766,0.0009705051779747009,1.0,vanilla_transformer_v10,2026-08-03 14:03:00
2025-08-01,000977,0.000814296305179596,-0.0005524963489733636,0.000814296305179596,1.0,vanilla_transformer_v10,2026-08-03 14:03:00
2025-08-01,600887,0.000785432755947113,-0.001092558610253036,0.000785432755947113,1.0,vanilla_transformer_v10,2026-08-03 14:03:00
2025-08-01,603501,0.0007476732134819031,0.0006720635574311018,0.0007476732134819031,1.0,vanilla_transformer_v10,2026-08-03 14:03:00
2025-08-01,000568,0.0004463866353034973,0.008011824451386929,0.0004463866353034973,1.0,vanilla_transformer_v10,2026-08-03 14:03:00
2025-08-01,002371,0.0004358142614364624,-0.004683364182710648,0.0004358142614364624,1.0,vanilla_transformer_v10,2026-08-03 14:03:00
2025-08-01,002230,0.0004001706838607788,0.009206550195813179,0.0004001706838607788,1.0,vanilla_transformer_v10,2026-08-03 14:03:00
2025-08-01,688981,0.0003950148820877075,0.019960295408964157,0.0003950148820877075,1.0,vanilla_transformer_v10,2026-08-03 14:03:00
2025-08-01,000858,0.00036388635635375977,-0.0006581335328519344,0.00036388635635375977,1.0,vanilla_transformer_v10,2026-08-03 14:03:00
2025-08-01,002465,0.00023040175437927246,0.04523513838648796,0.00023040175437927246,1.0,vanilla_transformer_v10,2026-08-03 14:03:00
2025-08-01,601318,0.000196896493434906,0.00016721941938158125,0.000196896493434906,1.0,vanilla_transformer_v10,2026-08-03 14:03:00
2025-08-01,600519,9.038299322128296e-05,0.0014101451961323619,9.038299322128296e-05,1.0,vanilla_transformer_v10,2026-08-03 14:03:00
2025-08-01,688012,-0.00011477619409561157,0.016957808285951614,0.00011477619409561157,0.0,vanilla_transformer_v10,2026-08-03 14:03:00
2025-08-01,300454,-0.0002520829439163208,-0.018187230452895164,0.0002520829439163208,0.0,vanilla_transformer_v10,2026-08-03 14:03:00
2025-08-01,600584,-0.0003652125597000122,0.005221536848694086,0.0003652125597000122,0.0,vanilla_transformer_v10,2026-08-03 14:03:00
2025-08-01,300782,-0.0005864575505256653,0.007354564964771271,0.0005864575505256653,0.0,vanilla_transformer_v10,2026-08-03 14:03:00
2025-08-04,600438,0.003147408366203308,0.02362191490828991,0.003147408366203308,1.0,vanilla_transformer_v10,2026-08-03 14:03:00
2025-08-04,002465,0.001958794891834259,0.015098022297024727,0.001958794891834259,1.0,vanilla_transformer_v10,2026-08-03 14:03:00
2025-08-04,300750,0.0015495717525482178,-0.0029275694396346807,0.0015495717525482178,1.0,vanilla_transformer_v10,2026-08-03 14:03:00
2025-08-04,601012,0.0014203712344169617,0.008827537298202515,0.0014203712344169617,1.0,vanilla_transformer_v10,2026-08-03 14:03:00
2025-08-04,601138,0.0014114752411842346,0.06133236363530159,0.0014114752411842346,1.0,vanilla_transformer_v10,2026-08-03 14:03:00
2025-08-04,300308,0.0013784542679786682,0.011922094970941544,0.0013784542679786682,1.0,vanilla_transformer_v10,2026-08-03 14:03:00
2025-08-04,002594,0.001078389585018158,-0.00021186762023717165,0.001078389585018158,1.0,vanilla_transformer_v10,2026-08-03 14:03:00
2025-08-04,688981,0.0007028132677078247,-0.0007774754776619375,0.0007028132677078247,1.0,vanilla_transformer_v10,2026-08-03 14:03:00
2025-08-04,600036,0.0005718693137168884,0.007777070626616478,0.0005718693137168884,1.0,vanilla_transformer_v10,2026-08-03 14:03:00
2025-08-04,002371,0.0005698353052139282,0.0007310131331905723,0.0005698353052139282,1.0,vanilla_transformer_v10,2026-08-03 14:03:00
2025-08-04,603501,0.00041328370571136475,0.017196912318468094,0.00041328370571136475,1.0,vanilla_transformer_v10,2026-08-03 14:03:00
2025-08-04,688012,0.00024606287479400635,-0.0031545767560601234,0.00024606287479400635,1.0,vanilla_transformer_v10,2026-08-03 14:03:00
2025-08-04,600887,0.0002154707908630371,0.0025414908304810524,0.0002154707908630371,1.0,vanilla_transformer_v10,2026-08-03 14:03:00
2025-08-04,000568,5.429983139038086e-05,0.02358117513358593,5.429983139038086e-05,1.0,vanilla_transformer_v10,2026-08-03 14:03:00
2025-08-04,000977,-1.5951693058013916e-05,0.02049446292221546,1.5951693058013916e-05,0.0,vanilla_transformer_v10,2026-08-03 14:03:00
2025-08-04,002230,-5.38751482963562e-05,-0.0022450059186667204,5.38751482963562e-05,0.0,vanilla_transformer_v10,2026-08-03 14:03:00
2025-08-04,601318,-0.00013131648302078247,0.015869399532675743,0.00013131648302078247,0.0,vanilla_transformer_v10,2026-08-03 14:03:00
2025-08-04,000858,-0.00023193657398223877,0.008478936739265919,0.00023193657398223877,0.0,vanilla_transformer_v10,2026-08-03 14:03:00
2025-08-04,300782,-0.00024302303791046143,0.002658734330907464,0.00024302303791046143,0.0,vanilla_transformer_v10,2026-08-03 14:03:00
2025-08-04,600584,-0.0004449412226676941,0.000543963978998363,0.0004449412226676941,0.0,vanilla_transformer_v10,2026-08-03 14:03:00
2025-08-04,600519,-0.0006173774600028992,0.006140049546957016,0.0006173774600028992,0.0,vanilla_transformer_v10,2026-08-03 14:03:00
2025-08-04,300454,-0.0007890984416007996,-0.004279542248696089,0.0007890984416007996,0.0,vanilla_transformer_v10,2026-08-03 14:03:00
2025-08-05,601138,0.0036844387650489807,-0.021668529137969017,0.0036844387650489807,1.0,vanilla_transformer_v10,2026-08-03 14:03:00
2025-08-05,300308,0.0027403980493545532,-0.001894260523840785,0.0027403980493545532,1.0,vanilla_transformer_v10,2026-08-03 14:03:00
2025-08-05,600438,0.002507440745830536,-0.006330675911158323,0.002507440745830536,1.0,vanilla_transformer_v10,2026-08-03 14:03:00
2025-08-05,300750,0.0015569701790809631,-0.002640187507495284,0.0015569701790809631,1.0,vanilla_transformer_v10,2026-08-03 14:03:00
2025-08-05,002465,0.0015292540192604065,0.0014874314656481147,0.0015292540192604065,1.0,vanilla_transformer_v10,2026-08-03 14:03:00
2025-08-05,002594,0.0010002627968788147,-0.004854967817664146,0.0010002627968788147,1.0,vanilla_transformer_v10,2026-08-03 14:03:00
2025-08-05,601012,0.0009810030460357666,0.0012729126028716564,0.0009810030460357666,1.0,vanilla_transformer_v10,2026-08-03 14:03:00
2025-08-05,000977,0.0009005069732666016,0.0018031668150797486,0.0009005069732666016,1.0,vanilla_transformer_v10,2026-08-03 14:03:00
2025-08-05,600036,0.0008693858981132507,-0.0028838948346674442,0.0008693858981132507,1.0,vanilla_transformer_v10,2026-08-03 14:03:00
2025-08-05,000568,0.000761076807975769,0.004478262737393379,0.000761076807975769,1.0,vanilla_transformer_v10,2026-08-03 14:03:00
2025-08-05,600887,0.0007600262761116028,0.000728145067114383,0.0007600262761116028,1.0,vanilla_transformer_v10,2026-08-03 14:03:00
2025-08-05,002371,0.0005656108260154724,0.009333428926765919,0.0005656108260154724,1.0,vanilla_transformer_v10,2026-08-03 14:03:00
2025-08-05,000858,0.0005050376057624817,0.0017216949490830302,0.0005050376057624817,1.0,vanilla_transformer_v10,2026-08-03 14:03:00
2025-08-05,002230,0.0003889501094818115,0.0016318712150678039,0.0003889501094818115,1.0,vanilla_transformer_v10,2026-08-03 14:03:00
2025-08-05,603501,0.00038004666566848755,-0.0020432700403034687,0.00038004666566848755,1.0,vanilla_transformer_v10,2026-08-03 14:03:00
2025-08-05,601318,0.0003163442015647888,-0.0013723823940381408,0.0003163442015647888,1.0,vanilla_transformer_v10,2026-08-03 14:03:00
2025-08-05,300454,6.888061761856079e-05,0.003916038200259209,6.888061761856079e-05,1.0,vanilla_transformer_v10,2026-08-03 14:03:00
2025-08-05,600519,-4.649907350540161e-05,-0.00270677893422544,4.649907350540161e-05,0.0,vanilla_transformer_v10,2026-08-03 14:03:00
2025-08-05,688981,-0.00013146549463272095,0.008629326708614826,0.00013146549463272095,0.0,vanilla_transformer_v10,2026-08-03 14:03:00
2025-08-05,688012,-0.00027186423540115356,0.004474508110433817,0.00027186423540115356,0.0,vanilla_transformer_v10,2026-08-03 14:03:00
2025-08-05,300782,-0.0004867240786552429,0.006879807449877262,0.0004867240786552429,0.0,vanilla_transformer_v10,2026-08-03 14:03:00
2025-08-05,600584,-0.0006349310278892517,0.00635021086782217,0.0006349310278892517,0.0,vanilla_transformer_v10,2026-08-03 14:03:00
2025-08-06,300308,0.0024047493934631348,-0.009831239469349384,0.0024047493934631348,1.0,vanilla_transformer_v10,2026-08-03 14:03:00
2025-08-06,600438,0.0022980645298957825,-0.013817994855344296,0.0022980645298957825,1.0,vanilla_transformer_v10,2026-08-03 14:03:00
2025-08-06,601138,0.0022979825735092163,0.03862415999174118,0.0022979825735092163,1.0,vanilla_transformer_v10,2026-08-03 14:03:00
2025-08-06,002465,0.0022106319665908813,-0.006461576092988253,0.0022106319665908813,1.0,vanilla_transformer_v10,2026-08-03 14:03:00
2025-08-06,300750,0.00127507746219635,-0.0073860990814864635,0.00127507746219635,1.0,vanilla_transformer_v10,2026-08-03 14:03:00
2025-08-06,000977,0.0011811405420303345,-0.010722409933805466,0.0011811405420303345,1.0,vanilla_transformer_v10,2026-08-03 14:03:00
2025-08-06,601012,0.0010279640555381775,-0.006316817831248045,0.0010279640555381775,1.0,vanilla_transformer_v10,2026-08-03 14:03:00
2025-08-06,002594,0.0009587034583091736,0.009355057962238789,0.0009587034583091736,1.0,vanilla_transformer_v10,2026-08-03 14:03:00
2025-08-06,688981,0.0007667317986488342,-0.002095165429636836,0.0007667317986488342,1.0,vanilla_transformer_v10,2026-08-03 14:03:00
2025-08-06,600887,0.0007156580686569214,0.0,0.0007156580686569214,1.0,vanilla_transformer_v10,2026-08-03 14:03:00
2025-08-06,600584,0.0006905272603034973,0.006233426742255688,0.0006905272603034973,1.0,vanilla_transformer_v10,2026-08-03 14:03:00
2025-08-06,002230,0.0006814971566200256,-0.00326640997081995,0.0006814971566200256,1.0,vanilla_transformer_v10,2026-08-03 14:03:00
2025-08-06,002371,0.0006635263562202454,0.0038831380661576986,0.0006635263562202454,1.0,vanilla_transformer_v10,2026-08-03 14:03:00
2025-08-06,300454,0.0005716755986213684,-0.01603405922651291,0.0005716755986213684,1.0,vanilla_transformer_v10,2026-08-03 14:03:00
2025-08-06,601318,0.0004195794463157654,-0.0030809883028268814,0.0004195794463157654,1.0,vanilla_transformer_v10,2026-08-03 14:03:00
2025-08-06,600036,0.0002937689423561096,0.000650618108920753,0.0002937689423561096,1.0,vanilla_transformer_v10,2026-08-03 14:03:00
2025-08-06,603501,0.0002773180603981018,-0.0027107633650302887,0.0002773180603981018,1.0,vanilla_transformer_v10,2026-08-03 14:03:00
2025-08-06,688012,0.00021413713693618774,0.0008620908483862877,0.00021413713693618774,1.0,vanilla_transformer_v10,2026-08-03 14:03:00
2025-08-06,000858,0.00020977109670639038,0.0031861786264926195,0.00020977109670639038,1.0,vanilla_transformer_v10,2026-08-03 14:03:00
2025-08-06,300782,9.196996688842773e-05,0.028398972004652023,9.196996688842773e-05,1.0,vanilla_transformer_v10,2026-08-03 14:03:00
2025-08-06,000568,8.538365364074707e-05,0.0064064087346196175,8.538365364074707e-05,1.0,vanilla_transformer_v10,2026-08-03 14:03:00
2025-08-06,600519,-0.0004023611545562744,-0.0010750314686447382,0.0004023611545562744,0.0,vanilla_transformer_v10,2026-08-03 14:03:00
2025-08-07,300308,0.004019029438495636,0.004018068313598633,0.004019029438495636,1.0,vanilla_transformer_v10,2026-08-03 14:03:00
2025-08-07,601138,0.00363854318857193,0.02594512701034546,0.00363854318857193,1.0,vanilla_transformer_v10,2026-08-03 14:03:00
2025-08-07,600438,0.002404026687145233,0.0004951943992637098,0.002404026687145233,1.0,vanilla_transformer_v10,2026-08-03 14:03:00
2025-08-07,300454,0.0014323070645332336,-0.040429532527923584,0.0014323070645332336,1.0,vanilla_transformer_v10,2026-08-03 14:03:00
2025-08-07,000977,0.001378767192363739,-0.01863716170191765,0.001378767192363739,1.0,vanilla_transformer_v10,2026-08-03 14:03:00
2025-08-07,300782,0.0010522529482841492,-0.028122752904891968,0.0010522529482841492,1.0,vanilla_transformer_v10,2026-08-03 14:03:00
2025-08-07,002465,0.0009048506617546082,0.006461576092988253,0.0009048506617546082,1.0,vanilla_transformer_v10,2026-08-03 14:03:00
2025-08-07,600584,0.0008936598896980286,-0.0166315957903862,0.0008936598896980286,1.0,vanilla_transformer_v10,2026-08-03 14:03:00
2025-08-07,688981,0.000867888331413269,-0.04435141384601593,0.000867888331413269,1.0,vanilla_transformer_v10,2026-08-03 14:03:00
2025-08-07,300750,0.0008604526519775391,0.001628438476473093,0.0008604526519775391,1.0,vanilla_transformer_v10,2026-08-03 14:03:00
2025-08-07,002594,0.0007014796137809753,-0.013408767990767956,0.0007014796137809753,1.0,vanilla_transformer_v10,2026-08-03 14:03:00
2025-08-07,600036,0.0005820915102958679,-0.0137938866391778,0.0005820915102958679,1.0,vanilla_transformer_v10,2026-08-03 14:03:00
2025-08-07,600887,0.0005280971527099609,-0.009841155260801315,0.0005280971527099609,1.0,vanilla_transformer_v10,2026-08-03 14:03:00
2025-08-07,002371,0.00042548030614852905,-0.011421957984566689,0.00042548030614852905,1.0,vanilla_transformer_v10,2026-08-03 14:03:00
2025-08-07,688012,0.0003786832094192505,-0.0015218387125059962,0.0003786832094192505,1.0,vanilla_transformer_v10,2026-08-03 14:03:00
2025-08-07,601012,0.00037310272455215454,-0.0012489393120631576,0.00037310272455215454,1.0,vanilla_transformer_v10,2026-08-03 14:03:00
2025-08-07,002230,0.0003474131226539612,-0.013599278405308723,0.0003474131226539612,1.0,vanilla_transformer_v10,2026-08-03 14:03:00
2025-08-07,000568,0.0002917647361755371,-0.01349637657403946,0.0002917647361755371,1.0,vanilla_transformer_v10,2026-08-03 14:03:00
2025-08-07,603501,0.0002293214201927185,-0.013848617672920227,0.0002293214201927185,1.0,vanilla_transformer_v10,2026-08-03 14:03:00
2025-08-07,000858,0.00012060999870300293,-0.002692757174372673,0.00012060999870300293,1.0,vanilla_transformer_v10,2026-08-03 14:03:00
2025-08-07,601318,0.00011363625526428223,-0.005747142247855663,0.00011363625526428223,1.0,vanilla_transformer_v10,2026-08-03 14:03:00
2025-08-07,600519,-0.00019612163305282593,-0.0009710968006402254,0.00019612163305282593,0.0,vanilla_transformer_v10,2026-08-03 14:03:00
2025-08-08,601138,0.0034724995493888855,-0.006481504067778587,0.0034724995493888855,1.0,vanilla_transformer_v10,2026-08-03 14:03:00
2025-08-08,300308,0.0031261518597602844,0.02570640668272972,0.0031261518597602844,1.0,vanilla_transformer_v10,2026-08-03 14:03:00
2025-08-08,600438,0.0027063488960266113,0.035589370876550674,0.0027063488960266113,1.0,vanilla_transformer_v10,2026-08-03 14:03:00
2025-08-08,300454,0.0020083263516426086,0.007377985864877701,0.0020083263516426086,1.0,vanilla_transformer_v10,2026-08-03 14:03:00
2025-08-08,688981,0.0016508251428604126,0.003455826546996832,0.0016508251428604126,1.0,vanilla_transformer_v10,2026-08-03 14:03:00
2025-08-08,300750,0.0012666061520576477,0.0006942584877833724,0.0012666061520576477,1.0,vanilla_transformer_v10,2026-08-03 14:03:00
2025-08-08,601012,0.0011759623885154724,0.011944909580051899,0.0011759623885154724,1.0,vanilla_transformer_v10,2026-08-03 14:03:00
2025-08-08,000977,0.001103043556213379,0.011106510646641254,0.001103043556213379,1.0,vanilla_transformer_v10,2026-08-03 14:03:00
2025-08-08,600887,0.0007832571864128113,0.009841155260801315,0.0007832571864128113,1.0,vanilla_transformer_v10,2026-08-03 14:03:00
2025-08-08,002230,0.0005442500114440918,0.0172844547778368,0.0005442500114440918,1.0,vanilla_transformer_v10,2026-08-03 14:03:00
2025-08-08,002594,0.00044936686754226685,0.015185100957751274,0.00044936686754226685,1.0,vanilla_transformer_v10,2026-08-03 14:03:00
2025-08-08,000568,0.0004044771194458008,0.0316644087433815,0.0004044771194458008,1.0,vanilla_transformer_v10,2026-08-03 14:03:00
2025-08-08,002465,0.0003998950123786926,0.0071090348064899445,0.0003998950123786926,1.0,vanilla_transformer_v10,2026-08-03 14:03:00
2025-08-08,603501,0.0002518296241760254,0.005611139349639416,0.0002518296241760254,1.0,vanilla_transformer_v10,2026-08-03 14:03:00
2025-08-08,688012,0.00020539015531539917,-0.013030000030994415,0.00020539015531539917,1.0,vanilla_transformer_v10,2026-08-03 14:03:00
2025-08-08,600036,0.00018616020679473877,-0.009732739068567753,0.00018616020679473877,1.0,vanilla_transformer_v10,2026-08-03 14:03:00
2025-08-08,002371,-9.432435035705566e-06,-0.007287907879799604,9.432435035705566e-06,0.0,vanilla_transformer_v10,2026-08-03 14:03:00
2025-08-08,600584,-0.00020509213209152222,0.004902161192148924,0.00020509213209152222,0.0,vanilla_transformer_v10,2026-08-03 14:03:00
2025-08-08,300782,-0.0003182217478752136,0.006182361394166946,0.0003182217478752136,0.0,vanilla_transformer_v10,2026-08-03 14:03:00
2025-08-08,000858,-0.00039073824882507324,0.013972938060760498,0.00039073824882507324,0.0,vanilla_transformer_v10,2026-08-03 14:03:00
2025-08-08,601318,-0.00041753053665161133,-0.0012199857737869024,0.00041753053665161133,0.0,vanilla_transformer_v10,2026-08-03 14:03:00
2025-08-08,600519,-0.0006716474890708923,0.016769811511039734,0.0006716474890708923,0.0,vanilla_transformer_v10,2026-08-03 14:03:00
2025-08-11,601138,0.0034491047263145447,0.08840381354093552,0.0034491047263145447,1.0,vanilla_transformer_v10,2026-08-03 14:03:00
2025-08-11,600438,0.003375314176082611,-0.02524653635919094,0.003375314176082611,1.0,vanilla_transformer_v10,2026-08-03 14:03:00
2025-08-11,300308,0.002938993275165558,0.049645956605672836,0.002938993275165558,1.0,vanilla_transformer_v10,2026-08-03 14:03:00
2025-08-11,601012,0.0016354098916053772,-0.010695969685912132,0.0016354098916053772,1.0,vanilla_transformer_v10,2026-08-03 14:03:00
2025-08-11,300454,0.0015910416841506958,-0.009110587649047375,0.0015910416841506958,1.0,vanilla_transformer_v10,2026-08-03 14:03:00
2025-08-11,300750,0.001527734100818634,-0.0015677250921726227,0.001527734100818634,1.0,vanilla_transformer_v10,2026-08-03 14:03:00
2025-08-11,688981,0.0015221759676933289,0.017780272290110588,0.0015221759676933289,1.0,vanilla_transformer_v10,2026-08-03 14:03:00
2025-08-11,002465,0.0014051645994186401,-0.02945353463292122,0.0014051645994186401,1.0,vanilla_transformer_v10,2026-08-03 14:03:00
2025-08-11,002230,0.001135110855102539,-0.006962290965020657,0.001135110855102539,1.0,vanilla_transformer_v10,2026-08-03 14:03:00
2025-08-11,600887,0.0011159256100654602,-0.003632593434303999,0.0011159256100654602,1.0,vanilla_transformer_v10,2026-08-03 14:03:00
2025-08-11,002594,0.0010730624198913574,0.0014428282156586647,0.0010730624198913574,1.0,vanilla_transformer_v10,2026-08-03 14:03:00
2025-08-11,601318,0.0008245110511779785,0.004760595969855785,0.0008245110511779785,1.0,vanilla_transformer_v10,2026-08-03 14:03:00
2025-08-11,000568,0.0007950589060783386,-0.005168296862393618,0.0007950589060783386,1.0,vanilla_transformer_v10,2026-08-03 14:03:00
2025-08-11,000977,0.000784166157245636,0.03547084704041481,0.000784166157245636,1.0,vanilla_transformer_v10,2026-08-03 14:03:00
2025-08-11,000858,0.0006850138306617737,-0.006068361923098564,0.0006850138306617737,1.0,vanilla_transformer_v10,2026-08-03 14:03:00
2025-08-11,002371,0.0006631910800933838,0.016847094520926476,0.0006631910800933838,1.0,vanilla_transformer_v10,2026-08-03 14:03:00
2025-08-11,603501,0.0006528273224830627,0.0054588597267866135,0.0006528273224830627,1.0,vanilla_transformer_v10,2026-08-03 14:03:00
2025-08-11,600036,0.0005810931324958801,-0.002249907236546278,0.0005810931324958801,1.0,vanilla_transformer_v10,2026-08-03 14:03:00
2025-08-11,688012,0.0004335939884185791,-0.0038132581394165754,0.0004335939884185791,1.0,vanilla_transformer_v10,2026-08-03 14:03:00
2025-08-11,600584,0.00010474026203155518,0.009425286203622818,0.00010474026203155518,1.0,vanilla_transformer_v10,2026-08-03 14:03:00
2025-08-11,600519,0.00010272860527038574,-0.005524110980331898,0.00010272860527038574,1.0,vanilla_transformer_v10,2026-08-03 14:03:00
2025-08-11,300782,-0.000327281653881073,0.012645527720451355,0.000327281653881073,0.0,vanilla_transformer_v10,2026-08-03 14:03:00
2025-08-12,601138,0.004091411828994751,0.09523287415504456,0.004091411828994751,1.0,vanilla_transformer_v10,2026-08-03 14:03:00
2025-08-12,300308,0.002860717475414276,0.11031132191419601,0.002860717475414276,1.0,vanilla_transformer_v10,2026-08-03 14:03:00
2025-08-12,600438,0.0021400973200798035,-0.00885872170329094,0.0021400973200798035,1.0,vanilla_transformer_v10,2026-08-03 14:03:00
2025-08-12,688981,0.0019340366125106812,0.0015803141286596656,0.0019340366125106812,1.0,vanilla_transformer_v10,2026-08-03 14:03:00
2025-08-12,000977,0.0017593726515769958,0.0373309962451458,0.0017593726515769958,1.0,vanilla_transformer_v10,2026-08-03 14:03:00
2025-08-12,300454,0.0015706047415733337,0.01899002678692341,0.0015706047415733337,1.0,vanilla_transformer_v10,2026-08-03 14:03:00
2025-08-12,300750,0.0012092441320419312,0.038569699972867966,0.0012092441320419312,1.0,vanilla_transformer_v10,2026-08-03 14:03:00
2025-08-12,002465,0.0009455680847167969,0.003641149029135704,0.0009455680847167969,1.0,vanilla_transformer_v10,2026-08-03 14:03:00
2025-08-12,601012,0.0009352713823318481,-0.0006082627805881202,0.0009352713823318481,1.0,vanilla_transformer_v10,2026-08-03 14:03:00
2025-08-12,000568,0.0008983835577964783,0.0026287229266017675,0.0008983835577964783,1.0,vanilla_transformer_v10,2026-08-03 14:03:00
2025-08-12,600036,0.0007961317896842957,-0.010524868033826351,0.0007961317896842957,1.0,vanilla_transformer_v10,2026-08-03 14:03:00
2025-08-12,688012,0.0007158219814300537,-0.000826403615064919,0.0007158219814300537,1.0,vanilla_transformer_v10,2026-08-03 14:03:00
2025-08-12,002371,0.0006913095712661743,-0.002833398524671793,0.0006913095712661743,1.0,vanilla_transformer_v10,2026-08-03 14:03:00
2025-08-12,600584,0.0006741955876350403,0.013366630300879478,0.0006741955876350403,1.0,vanilla_transformer_v10,2026-08-03 14:03:00
2025-08-12,603501,0.0006070807576179504,0.029678598046302795,0.0006070807576179504,1.0,vanilla_transformer_v10,2026-08-03 14:03:00
2025-08-12,002230,0.00039883702993392944,0.0038922543171793222,0.00039883702993392944,1.0,vanilla_transformer_v10,2026-08-03 14:03:00
2025-08-12,002594,0.0003496631979942322,0.01090393029153347,0.0003496631979942322,1.0,vanilla_transformer_v10,2026-08-03 14:03:00
2025-08-12,601318,0.00030488520860671997,-0.0023774649016559124,0.00030488520860671997,1.0,vanilla_transformer_v10,2026-08-03 14:03:00
2025-08-12,300782,0.00019848346710205078,0.0023379733320325613,0.00019848346710205078,1.0,vanilla_transformer_v10,2026-08-03 14:03:00
2025-08-12,000858,0.0001569315791130066,0.0,0.0001569315791130066,1.0,vanilla_transformer_v10,2026-08-03 14:03:00
2025-08-12,600887,-5.400925874710083e-05,0.0003629577113315463,5.400925874710083e-05,0.0,vanilla_transformer_v10,2026-08-03 14:03:00
2025-08-12,600519,-0.0005052238702774048,-0.011893623508512974,0.0005052238702774048,0.0,vanilla_transformer_v10,2026-08-03 14:03:00
2025-08-13,601138,0.00347764790058136,-0.010491644963622093,0.00347764790058136,1.0,vanilla_transformer_v10,2026-08-03 14:03:00
2025-08-13,300308,0.003148704767227173,-0.051001712679862976,0.003148704767227173,1.0,vanilla_transformer_v10,2026-08-03 14:03:00
2025-08-13,600438,0.0019945725798606873,-0.03122115693986416,0.0019945725798606873,1.0,vanilla_transformer_v10,2026-08-03 14:03:00
2025-08-13,300454,0.001979418098926544,-0.02149798534810543,0.001979418098926544,1.0,vanilla_transformer_v10,2026-08-03 14:03:00
2025-08-13,300750,0.0013724491000175476,0.02272760681807995,0.0013724491000175476,1.0,vanilla_transformer_v10,2026-08-03 14:03:00
2025-08-13,600036,0.0013310536742210388,0.005506876390427351,0.0013310536742210388,1.0,vanilla_transformer_v10,2026-08-03 14:03:00
2025-08-13,601012,0.001119665801525116,-0.0172159094363451,0.001119665801525116,1.0,vanilla_transformer_v10,2026-08-03 14:03:00
2025-08-13,688012,0.0009396672248840332,-0.0023797217290848494,0.0009396672248840332,1.0,vanilla_transformer_v10,2026-08-03 14:03:00
2025-08-13,601318,0.000822409987449646,0.017123518511652946,0.000822409987449646,1.0,vanilla_transformer_v10,2026-08-03 14:03:00
2025-08-13,688981,0.0006507709622383118,0.008982768282294273,0.0006507709622383118,1.0,vanilla_transformer_v10,2026-08-03 14:03:00
2025-08-13,603501,0.0005504712462425232,-0.010922618210315704,0.0005504712462425232,1.0,vanilla_transformer_v10,2026-08-03 14:03:00
2025-08-13,600887,0.0005404278635978699,-0.010240104049444199,0.0005404278635978699,1.0,vanilla_transformer_v10,2026-08-03 14:03:00
2025-08-13,002465,0.000532492995262146,0.0014124296139925718,0.000532492995262146,1.0,vanilla_transformer_v10,2026-08-03 14:03:00
2025-08-13,000977,0.0005107223987579346,0.0024194521829485893,0.0005107223987579346,1.0,vanilla_transformer_v10,2026-08-03 14:03:00
2025-08-13,002594,0.00047797709703445435,-0.00431747455149889,0.00047797709703445435,1.0,vanilla_transformer_v10,2026-08-03 14:03:00
2025-08-13,002230,0.00033480674028396606,-0.007799717132002115,0.00033480674028396606,1.0,vanilla_transformer_v10,2026-08-03 14:03:00
2025-08-13,000568,0.0001993998885154724,-0.00862488429993391,0.0001993998885154724,1.0,vanilla_transformer_v10,2026-08-03 14:03:00
2025-08-13,002371,0.00019668787717819214,0.0307616014033556,0.00019668787717819214,1.0,vanilla_transformer_v10,2026-08-03 14:03:00
2025-08-13,600584,0.0001705661416053772,-0.008227990940213203,0.0001705661416053772,1.0,vanilla_transformer_v10,2026-08-03 14:03:00
2025-08-13,600519,0.0001521185040473938,0.004875851329416037,0.0001521185040473938,1.0,vanilla_transformer_v10,2026-08-03 14:03:00
2025-08-13,000858,1.0117888450622559e-05,-0.002845507115125656,1.0117888450622559e-05,1.0,vanilla_transformer_v10,2026-08-03 14:03:00
2025-08-13,300782,-0.0003307908773422241,0.005662265699356794,0.0003307908773422241,0.0,vanilla_transformer_v10,2026-08-03 14:03:00
2025-08-14,600438,0.0030486732721328735,0.06197647377848625,0.0030486732721328735,1.0,vanilla_transformer_v10,2026-08-03 14:03:00
2025-08-14,601138,0.0026713982224464417,0.037190407514572144,0.0026713982224464417,1.0,vanilla_transformer_v10,2026-08-03 14:03:00
2025-08-14,300454,0.0019716396927833557,-0.004064653068780899,0.0019716396927833557,1.0,vanilla_transformer_v10,2026-08-03 14:03:00
2025-08-14,601012,0.0018582195043563843,0.03784891963005066,0.0018582195043563843,1.0,vanilla_transformer_v10,2026-08-03 14:03:00
2025-08-14,002465,0.0016625002026557922,0.000705467420630157,0.0016625002026557922,1.0,vanilla_transformer_v10,2026-08-03 14:03:00
2025-08-14,600887,0.0016211718320846558,-0.001472117262892425,0.0016211718320846558,1.0,vanilla_transformer_v10,2026-08-03 14:03:00
2025-08-14,688981,0.0015739724040031433,0.02625633403658867,0.0015739724040031433,1.0,vanilla_transformer_v10,2026-08-03 14:03:00
2025-08-14,601318,0.0014624521136283875,0.0029884018003940582,0.0014624521136283875,1.0,vanilla_transformer_v10,2026-08-03 14:03:00
2025-08-14,688012,0.0014092251658439636,0.011176753789186478,0.0014092251658439636,1.0,vanilla_transformer_v10,2026-08-03 14:03:00
2025-08-14,600036,0.0011744201183319092,-0.011044247075915337,0.0011744201183319092,1.0,vanilla_transformer_v10,2026-08-03 14:03:00
2025-08-14,002230,0.001085728406906128,0.011064121499657631,0.001085728406906128,1.0,vanilla_transformer_v10,2026-08-03 14:03:00
2025-08-14,300308,0.0008682906627655029,-0.005949825514107943,0.0008682906627655029,1.0,vanilla_transformer_v10,2026-08-03 14:03:00
2025-08-14,000568,0.0008622705936431885,0.00016080870409496129,0.0008622705936431885,1.0,vanilla_transformer_v10,2026-08-03 14:03:00
2025-08-14,000858,0.0008158013224601746,0.002113491529598832,0.0008158013224601746,1.0,vanilla_transformer_v10,2026-08-03 14:03:00
2025-08-14,000977,0.0007921606302261353,0.0025494175497442484,0.0007921606302261353,1.0,vanilla_transformer_v10,2026-08-03 14:03:00
2025-08-14,600584,0.00070200115442276,0.016313575208187103,0.00070200115442276,1.0,vanilla_transformer_v10,2026-08-03 14:03:00
2025-08-14,300782,0.0006927847862243652,0.02600807696580887,0.0006927847862243652,1.0,vanilla_transformer_v10,2026-08-03 14:03:00
2025-08-14,300750,0.0006680041551589966,0.0027793599292635918,0.0006680041551589966,1.0,vanilla_transformer_v10,2026-08-03 14:03:00
2025-08-14,002371,0.0005062445998191833,0.001082773320376873,0.0005062445998191833,1.0,vanilla_transformer_v10,2026-08-03 14:03:00
2025-08-14,600519,0.0003406405448913574,-0.0034467759542167187,0.0003406405448913574,1.0,vanilla_transformer_v10,2026-08-03 14:03:00
2025-08-14,603501,0.0001546218991279602,0.007628884632140398,0.0001546218991279602,1.0,vanilla_transformer_v10,2026-08-03 14:03:00
2025-08-14,002594,8.393824100494385e-05,-0.002808906603604555,8.393824100494385e-05,1.0,vanilla_transformer_v10,2026-08-03 14:03:00
2025-08-15,600438,0.004094339907169342,-0.000959190889261663,0.004094339907169342,1.0,vanilla_transformer_v10,2026-08-03 14:03:00
2025-08-15,601012,0.003081180155277252,0.009211475029587746,0.003081180155277252,1.0,vanilla_transformer_v10,2026-08-03 14:03:00
2025-08-15,601138,0.003075994551181793,-0.008883906528353691,0.003075994551181793,1.0,vanilla_transformer_v10,2026-08-03 14:03:00
2025-08-15,300454,0.002238757908344269,0.029901448637247086,0.002238757908344269,1.0,vanilla_transformer_v10,2026-08-03 14:03:00
2025-08-15,600887,0.0014979615807533264,0.001472117262892425,0.0014979615807533264,1.0,vanilla_transformer_v10,2026-08-03 14:03:00
2025-08-15,600036,0.0014555379748344421,0.00486269174143672,0.0014555379748344421,1.0,vanilla_transformer_v10,2026-08-03 14:03:00
2025-08-15,688012,0.001407921314239502,0.0013308083871379495,0.001407921314239502,1.0,vanilla_transformer_v10,2026-08-03 14:03:00
2025-08-15,688981,0.0011986568570137024,0.005104545503854752,0.0011986568570137024,1.0,vanilla_transformer_v10,2026-08-03 14:03:00
2025-08-15,300308,0.0011458620429039001,0.08820343762636185,0.0011458620429039001,1.0,vanilla_transformer_v10,2026-08-03 14:03:00
2025-08-15,601318,0.0011399760842323303,-0.007733822334557772,0.0011399760842323303,1.0,vanilla_transformer_v10,2026-08-03 14:03:00
2025-08-15,002230,0.0008398070931434631,0.01497182808816433,0.0008398070931434631,1.0,vanilla_transformer_v10,2026-08-03 14:03:00
2025-08-15,000568,0.0005492940545082092,0.0010418572928756475,0.0005492940545082092,1.0,vanilla_transformer_v10,2026-08-03 14:03:00
2025-08-15,002594,0.0005303248763084412,0.021433621644973755,0.0005303248763084412,1.0,vanilla_transformer_v10,2026-08-03 14:03:00
2025-08-15,002465,0.00043451786041259766,0.01797172985970974,0.00043451786041259766,1.0,vanilla_transformer_v10,2026-08-03 14:03:00
2025-08-15,000858,0.0004234686493873596,0.005268998444080353,0.0004234686493873596,1.0,vanilla_transformer_v10,2026-08-03 14:03:00
2025-08-15,300750,0.00037188827991485596,0.008273554965853691,0.00037188827991485596,1.0,vanilla_transformer_v10,2026-08-03 14:03:00
2025-08-15,600584,0.00017445534467697144,0.028563832864165306,0.00017445534467697144,1.0,vanilla_transformer_v10,2026-08-03 14:03:00
2025-08-15,600519,0.00010211020708084106,0.004504059441387653,0.00010211020708084106,1.0,vanilla_transformer_v10,2026-08-03 14:03:00
2025-08-15,300782,1.1943280696868896e-05,0.004253859166055918,1.1943280696868896e-05,1.0,vanilla_transformer_v10,2026-08-03 14:03:00
2025-08-15,603501,6.683170795440674e-06,0.03672737255692482,6.683170795440674e-06,1.0,vanilla_transformer_v10,2026-08-03 14:03:00
2025-08-15,002371,-0.00019918382167816162,0.015059300698339939,0.00019918382167816162,0.0,vanilla_transformer_v10,2026-08-03 14:03:00
2025-08-15,000977,-0.0004943236708641052,0.03993077576160431,0.0004943236708641052,0.0,vanilla_transformer_v10,2026-08-03 14:03:00
2025-08-18,300308,0.003186918795108795,0.05790174752473831,0.003186918795108795,1.0,vanilla_transformer_v10,2026-08-03 14:03:00
2025-08-18,601138,0.002047508955001831,0.09536195546388626,0.002047508955001831,1.0,vanilla_transformer_v10,2026-08-03 14:03:00
2025-08-18,600438,0.0015127882361412048,-0.00871837418526411,0.0015127882361412048,1.0,vanilla_transformer_v10,2026-08-03 14:03:00
2025-08-18,300454,0.001488707959651947,-0.015555658377707005,0.001488707959651947,1.0,vanilla_transformer_v10,2026-08-03 14:03:00
2025-08-18,601012,0.0012992992997169495,-0.021044811233878136,0.0012992992997169495,1.0,vanilla_transformer_v10,2026-08-03 14:03:00
2025-08-18,600887,0.0012501850724220276,0.00036655980511568487,0.0012501850724220276,1.0,vanilla_transformer_v10,2026-08-03 14:03:00
2025-08-18,600036,0.0011100471019744873,-0.0025341061409562826,0.0011100471019744873,1.0,vanilla_transformer_v10,2026-08-03 14:03:00
2025-08-18,688012,0.0008368715643882751,-0.014789128676056862,0.0008368715643882751,1.0,vanilla_transformer_v10,2026-08-03 14:03:00
2025-08-18,000568,0.0006710514426231384,0.012497668154537678,0.0006710514426231384,1.0,vanilla_transformer_v10,2026-08-03 14:03:00
2025-08-18,688981,0.000571325421333313,-0.032591234892606735,0.000571325421333313,1.0,vanilla_transformer_v10,2026-08-03 14:03:00
2025-08-18,601318,0.000556260347366333,-0.019377348944544792,0.000556260347366333,1.0,vanilla_transformer_v10,2026-08-03 14:03:00
2025-08-18,603501,0.0004284605383872986,-0.021119866520166397,0.0004284605383872986,1.0,vanilla_transformer_v10,2026-08-03 14:03:00
2025-08-18,002594,0.00039799511432647705,-0.006847831886261702,0.00039799511432647705,1.0,vanilla_transformer_v10,2026-08-03 14:03:00
2025-08-18,000858,0.0003943219780921936,0.005316664464771748,0.0003943219780921936,1.0,vanilla_transformer_v10,2026-08-03 14:03:00
2025-08-18,002230,0.0003180652856826782,-0.0028169655706733465,0.0003180652856826782,1.0,vanilla_transformer_v10,2026-08-03 14:03:00
2025-08-18,002465,0.00019135326147079468,0.024629861116409302,0.00019135326147079468,1.0,vanilla_transformer_v10,2026-08-03 14:03:00
2025-08-18,600584,9.01445746421814e-05,-0.015553330071270466,9.01445746421814e-05,1.0,vanilla_transformer_v10,2026-08-03 14:03:00
2025-08-18,300750,-0.0001619085669517517,-0.018552716821432114,0.0001619085669517517,0.0,vanilla_transformer_v10,2026-08-03 14:03:00
2025-08-18,600519,-0.00019773095846176147,0.006628129631280899,0.00019773095846176147,0.0,vanilla_transformer_v10,2026-08-03 14:03:00
2025-08-18,000977,-0.00034996122121810913,-0.018535815179347992,0.00034996122121810913,0.0,vanilla_transformer_v10,2026-08-03 14:03:00
2025-08-18,002371,-0.0003735870122909546,-0.0211316104978323,0.0003735870122909546,0.0,vanilla_transformer_v10,2026-08-03 14:03:00
2025-08-18,300782,-0.000578366219997406,0.013870958238840103,0.000578366219997406,0.0,vanilla_transformer_v10,2026-08-03 14:03:00
2025-08-19,601138,0.0042314305901527405,-0.02075233682990074,0.0042314305901527405,1.0,vanilla_transformer_v10,2026-08-03 14:03:00
2025-08-19,300308,0.002929680049419403,-0.028384489938616753,0.002929680049419403,1.0,vanilla_transformer_v10,2026-08-03 14:03:00
2025-08-19,601012,0.0020502209663391113,0.014277176931500435,0.0020502209663391113,1.0,vanilla_transformer_v10,2026-08-03 14:03:00
2025-08-19,600887,0.0020171627402305603,0.009143013507127762,0.0020171627402305603,1.0,vanilla_transformer_v10,2026-08-03 14:03:00
2025-08-19,002465,0.0018581226468086243,-0.010481462813913822,0.0018581226468086243,1.0,vanilla_transformer_v10,2026-08-03 14:03:00
2025-08-19,601318,0.0017293021082878113,0.017023568972945213,0.0017293021082878113,1.0,vanilla_transformer_v10,2026-08-03 14:03:00
2025-08-19,600438,0.0014901161193847656,0.007758263032883406,0.0014901161193847656,1.0,vanilla_transformer_v10,2026-08-03 14:03:00
2025-08-19,000568,0.0014579817652702332,0.03046470507979393,0.0014579817652702332,1.0,vanilla_transformer_v10,2026-08-03 14:03:00
2025-08-19,300454,0.0012864917516708374,-0.006810251157730818,0.0012864917516708374,1.0,vanilla_transformer_v10,2026-08-03 14:03:00
2025-08-19,688981,0.0012640580534934998,0.03226619213819504,0.0012640580534934998,1.0,vanilla_transformer_v10,2026-08-03 14:03:00
2025-08-19,000858,0.0011874958872795105,0.010954231955111027,0.0011874958872795105,1.0,vanilla_transformer_v10,2026-08-03 14:03:00
2025-08-19,688012,0.0009225159883499146,0.032885272055864334,0.0009225159883499146,1.0,vanilla_transformer_v10,2026-08-03 14:03:00
2025-08-19,600036,0.0009089857339859009,0.0011411425657570362,0.0009089857339859009,1.0,vanilla_transformer_v10,2026-08-03 14:03:00
2025-08-19,300750,0.00023478269577026367,0.00863859336823225,0.00023478269577026367,1.0,vanilla_transformer_v10,2026-08-03 14:03:00
2025-08-19,600519,0.00015249103307724,0.00831045862287283,0.00015249103307724,1.0,vanilla_transformer_v10,2026-08-03 14:03:00
2025-08-19,300782,0.00013928115367889404,-0.0015916116535663605,0.00013928115367889404,1.0,vanilla_transformer_v10,2026-08-03 14:03:00
2025-08-19,600584,2.1666288375854492e-05,0.0370439738035202,2.1666288375854492e-05,1.0,vanilla_transformer_v10,2026-08-03 14:03:00
2025-08-19,002594,-3.269314765930176e-05,0.005734213627874851,3.269314765930176e-05,0.0,vanilla_transformer_v10,2026-08-03 14:03:00
2025-08-19,002230,-0.00022814422845840454,0.01656610332429409,0.00022814422845840454,0.0,vanilla_transformer_v10,2026-08-03 14:03:00
2025-08-19,002371,-0.00024781376123428345,0.030503258109092712,0.00024781376123428345,0.0,vanilla_transformer_v10,2026-08-03 14:03:00
2025-08-19,603501,-0.00029613077640533447,0.027234362438321114,0.00029613077640533447,0.0,vanilla_transformer_v10,2026-08-03 14:03:00
2025-08-19,000977,-0.0005487948656082153,0.09539174288511276,0.0005487948656082153,0.0,vanilla_transformer_v10,2026-08-03 14:03:00
2025-08-20,601138,0.0021632984280586243,-0.05617418885231018,0.0021632984280586243,1.0,vanilla_transformer_v10,2026-08-03 14:03:00
2025-08-20,600438,0.0017863214015960693,-0.005341051146388054,0.0017863214015960693,1.0,vanilla_transformer_v10,2026-08-03 14:03:00
2025-08-20,601012,0.0014582648873329163,0.0,0.0014582648873329163,1.0,vanilla_transformer_v10,2026-08-03 14:03:00
2025-08-20,300454,0.001419253647327423,0.007288102991878986,0.001419253647327423,1.0,vanilla_transformer_v10,2026-08-03 14:03:00
2025-08-20,300308,0.001330450177192688,-0.0096414964646101,0.001330450177192688,1.0,vanilla_transformer_v10,2026-08-03 14:03:00
2025-08-20,000568,0.0011636540293693542,-0.005077429115772247,0.0011636540293693542,1.0,vanilla_transformer_v10,2026-08-03 14:03:00
2025-08-20,600887,0.0011063218116760254,0.006533371284604073,0.0011063218116760254,1.0,vanilla_transformer_v10,2026-08-03 14:03:00
2025-08-20,000858,0.001062825322151184,-0.0026281713508069515,0.001062825322151184,1.0,vanilla_transformer_v10,2026-08-03 14:03:00
2025-08-20,688981,0.0010009929537773132,-0.013418626971542835,0.0010009929537773132,1.0,vanilla_transformer_v10,2026-08-03 14:03:00
2025-08-20,002465,0.0007478371262550354,-0.027797427028417587,0.0007478371262550354,1.0,vanilla_transformer_v10,2026-08-03 14:03:00
2025-08-20,688012,0.0006841495633125305,0.021960342302918434,0.0006841495633125305,1.0,vanilla_transformer_v10,2026-08-03 14:03:00
2025-08-20,600036,0.0004959553480148315,0.0004645368317142129,0.0004959553480148315,1.0,vanilla_transformer_v10,2026-08-03 14:03:00
2025-08-20,000977,0.00046965479850769043,-0.007458648178726435,0.00046965479850769043,1.0,vanilla_transformer_v10,2026-08-03 14:03:00
2025-08-20,601318,0.00045793503522872925,0.007099199574440718,0.00045793503522872925,1.0,vanilla_transformer_v10,2026-08-03 14:03:00
2025-08-20,002230,0.00026817619800567627,0.009469972923398018,0.00026817619800567627,1.0,vanilla_transformer_v10,2026-08-03 14:03:00
2025-08-20,600584,5.56260347366333e-05,-0.030158882960677147,5.56260347366333e-05,1.0,vanilla_transformer_v10,2026-08-03 14:03:00
2025-08-20,600519,7.830560207366943e-06,-0.001207492547109723,7.830560207366943e-06,1.0,vanilla_transformer_v10,2026-08-03 14:03:00
2025-08-20,300750,-9.398162364959717e-05,-0.0007279310957528651,9.398162364959717e-05,0.0,vanilla_transformer_v10,2026-08-03 14:03:00
2025-08-20,002371,-0.0001396462321281433,0.02949303388595581,0.0001396462321281433,0.0,vanilla_transformer_v10,2026-08-03 14:03:00
2025-08-20,002594,-0.00017345696687698364,-0.010671326890587807,0.00017345696687698364,0.0,vanilla_transformer_v10,2026-08-03 14:03:00
2025-08-20,603501,-0.0005403906106948853,0.004898520652204752,0.0005403906106948853,0.0,vanilla_transformer_v10,2026-08-03 14:03:00
2025-08-20,300782,-0.0007744580507278442,-0.014392131939530373,0.0007744580507278442,0.0,vanilla_transformer_v10,2026-08-03 14:03:00
2025-08-21,300308,0.002029009163379669,0.05029594525694847,0.002029009163379669,1.0,vanilla_transformer_v10,2026-08-03 14:03:00
2025-08-21,601138,0.0019712895154953003,0.011858578771352768,0.0019712895154953003,1.0,vanilla_transformer_v10,2026-08-03 14:03:00
2025-08-21,300454,0.001579776406288147,0.1412646472454071,0.001579776406288147,1.0,vanilla_transformer_v10,2026-08-03 14:03:00
2025-08-21,600438,0.0015388056635856628,0.017751172184944153,0.0015388056635856628,1.0,vanilla_transformer_v10,2026-08-03 14:03:00
2025-08-21,600036,0.001299545168876648,-0.004824793431907892,0.001299545168876648,1.0,vanilla_transformer_v10,2026-08-03 14:03:00
2025-08-21,002465,0.0012608468532562256,0.024279050529003143,0.0012608468532562256,1.0,vanilla_transformer_v10,2026-08-03 14:03:00
2025-08-21,600887,0.0010391473770141602,0.001811227877624333,0.0010391473770141602,1.0,vanilla_transformer_v10,2026-08-03 14:03:00
2025-08-21,601012,0.0008166879415512085,0.019584165886044502,0.0008166879415512085,1.0,vanilla_transformer_v10,2026-08-03 14:03:00
2025-08-21,000977,0.0005866885185241699,0.041022833436727524,0.0005866885185241699,1.0,vanilla_transformer_v10,2026-08-03 14:03:00
2025-08-21,002230,0.00046241283416748047,0.024027656763792038,0.00046241283416748047,1.0,vanilla_transformer_v10,2026-08-03 14:03:00
2025-08-21,688981,0.0004252418875694275,0.1326935887336731,0.0004252418875694275,1.0,vanilla_transformer_v10,2026-08-03 14:03:00
2025-08-21,600584,0.00029240548610687256,0.05992130562663078,0.00029240548610687256,1.0,vanilla_transformer_v10,2026-08-03 14:03:00
2025-08-21,601318,8.448958396911621e-05,0.014639019034802914,8.448958396911621e-05,1.0,vanilla_transformer_v10,2026-08-03 14:03:00
2025-08-21,000858,6.768107414245605e-05,0.002707282081246376,6.768107414245605e-05,1.0,vanilla_transformer_v10,2026-08-03 14:03:00
2025-08-21,000568,-5.035102367401123e-05,0.007988824509084225,5.035102367401123e-05,0.0,vanilla_transformer_v10,2026-08-03 14:03:00
2025-08-21,688012,-0.00010595470666885376,0.06405004858970642,0.00010595470666885376,0.0,vanilla_transformer_v10,2026-08-03 14:03:00
2025-08-21,002594,-0.00025906413793563843,0.03271142765879631,0.00025906413793563843,0.0,vanilla_transformer_v10,2026-08-03 14:03:00
2025-08-21,002371,-0.0006593987345695496,0.060253821313381195,0.0006593987345695496,0.0,vanilla_transformer_v10,2026-08-03 14:03:00
2025-08-21,300782,-0.000683121383190155,0.05719669908285141,0.000683121383190155,0.0,vanilla_transformer_v10,2026-08-03 14:03:00
2025-08-21,300750,-0.0008095875382423401,0.028911245986819267,0.0008095875382423401,0.0,vanilla_transformer_v10,2026-08-03 14:03:00
2025-08-21,600519,-0.0008254572749137878,0.010781918652355671,0.0008254572749137878,0.0,vanilla_transformer_v10,2026-08-03 14:03:00
2025-08-21,603501,-0.0011276677250862122,0.05251698940992355,0.0011276677250862122,0.0,vanilla_transformer_v10,2026-08-03 14:03:00
2025-08-22,601138,0.0021620169281959534,0.0462520569562912,0.0021620169281959534,1.0,vanilla_transformer_v10,2026-08-03 14:03:00
2025-08-22,300308,0.0018822625279426575,0.1374661922454834,0.0018822625279426575,1.0,vanilla_transformer_v10,2026-08-03 14:03:00
2025-08-22,600584,0.0015638023614883423,0.0040914034470915794,0.0015638023614883423,1.0,vanilla_transformer_v10,2026-08-03 14:03:00
2025-08-22,300454,0.0014459788799285889,0.019552089273929596,0.0014459788799285889,1.0,vanilla_transformer_v10,2026-08-03 14:03:00
2025-08-22,688981,0.0012939795851707458,-0.007724282797425985,0.0012939795851707458,1.0,vanilla_transformer_v10,2026-08-03 14:03:00
2025-08-22,002230,0.001077793538570404,-0.000379370670998469,0.001077793538570404,1.0,vanilla_transformer_v10,2026-08-03 14:03:00
2025-08-22,601012,0.0010501816868782043,0.01501497719436884,0.0010501816868782043,1.0,vanilla_transformer_v10,2026-08-03 14:03:00
2025-08-22,600438,0.0010325834155082703,0.025377102196216583,0.0010325834155082703,1.0,vanilla_transformer_v10,2026-08-03 14:03:00
2025-08-22,000977,0.0009043589234352112,0.013836936093866825,0.0009043589234352112,1.0,vanilla_transformer_v10,2026-08-03 14:03:00
2025-08-22,600036,0.0006758719682693481,0.013986831530928612,0.0006758719682693481,1.0,vanilla_transformer_v10,2026-08-03 14:03:00
2025-08-22,002465,0.0004918947815895081,0.030468998476862907,0.0004918947815895081,1.0,vanilla_transformer_v10,2026-08-03 14:03:00
2025-08-22,000568,0.0004322528839111328,0.06157522648572922,0.0004322528839111328,1.0,vanilla_transformer_v10,2026-08-03 14:03:00
2025-08-22,601318,0.0003939196467399597,0.008224345743656158,0.0003939196467399597,1.0,vanilla_transformer_v10,2026-08-03 14:03:00
2025-08-22,300782,0.0003748014569282532,-0.003327116835862398,0.0003748014569282532,1.0,vanilla_transformer_v10,2026-08-03 14:03:00
2025-08-22,600887,0.00030799955129623413,0.017182674258947372,0.00030799955129623413,1.0,vanilla_transformer_v10,2026-08-03 14:03:00
2025-08-22,002594,9.258091449737549e-05,0.008539615198969841,9.258091449737549e-05,1.0,vanilla_transformer_v10,2026-08-03 14:03:00
2025-08-22,000858,8.437782526016235e-05,0.03237888962030411,8.437782526016235e-05,1.0,vanilla_transformer_v10,2026-08-03 14:03:00
2025-08-22,688012,-4.758685827255249e-05,-0.02246761880815029,4.758685827255249e-05,0.0,vanilla_transformer_v10,2026-08-03 14:03:00
2025-08-22,300750,-0.00010994076728820801,0.01073523424565792,0.00010994076728820801,0.0,vanilla_transformer_v10,2026-08-03 14:03:00
2025-08-22,603501,-0.00030809640884399414,0.0018103406764566898,0.00030809640884399414,0.0,vanilla_transformer_v10,2026-08-03 14:03:00
2025-08-22,002371,-0.0003313720226287842,-0.008694137446582317,0.0003313720226287842,0.0,vanilla_transformer_v10,2026-08-03 14:03:00
2025-08-22,600519,-0.0005118176341056824,0.017859414219856262,0.0005118176341056824,0.0,vanilla_transformer_v10,2026-08-03 14:03:00
2025-08-25,601138,0.002617448568344116,-0.05401837080717087,0.002617448568344116,1.0,vanilla_transformer_v10,2026-08-03 14:03:00
2025-08-25,300308,0.0022804513573646545,-0.018926439806818962,0.0022804513573646545,1.0,vanilla_transformer_v10,2026-08-03 14:03:00
2025-08-25,601012,0.00157986581325531,0.00476478599011898,0.00157986581325531,1.0,vanilla_transformer_v10,2026-08-03 14:03:00
2025-08-25,600438,0.001396678388118744,-0.011671802960336208,0.001396678388118744,1.0,vanilla_transformer_v10,2026-08-03 14:03:00
2025-08-25,600887,0.0011511296033859253,0.005665465723723173,0.0011511296033859253,1.0,vanilla_transformer_v10,2026-08-03 14:03:00
2025-08-25,002465,0.001124367117881775,-0.007530658505856991,0.001124367117881775,1.0,vanilla_transformer_v10,2026-08-03 14:03:00
2025-08-25,600036,0.0009616389870643616,-0.008022724650800228,0.0009616389870643616,1.0,vanilla_transformer_v10,2026-08-03 14:03:00
2025-08-25,000568,0.000826813280582428,0.01315060630440712,0.000826813280582428,1.0,vanilla_transformer_v10,2026-08-03 14:03:00
2025-08-25,000858,0.0008184686303138733,-0.0014607296325266361,0.0008184686303138733,1.0,vanilla_transformer_v10,2026-08-03 14:03:00
2025-08-25,600584,0.0008176639676094055,-0.00020763401698786765,0.0008176639676094055,1.0,vanilla_transformer_v10,2026-08-03 14:03:00
2025-08-25,002230,0.0005927160382270813,-0.0028851113747805357,0.0005927160382270813,1.0,vanilla_transformer_v10,2026-08-03 14:03:00
2025-08-25,688981,0.0004619210958480835,-0.02195090614259243,0.0004619210958480835,1.0,vanilla_transformer_v10,2026-08-03 14:03:00
2025-08-25,000977,0.00043067336082458496,-0.009174243547022343,0.00043067336082458496,1.0,vanilla_transformer_v10,2026-08-03 14:03:00
2025-08-25,688012,2.7492642402648926e-05,0.014043202623724937,2.7492642402648926e-05,1.0,vanilla_transformer_v10,2026-08-03 14:03:00
2025-08-25,300454,-5.704909563064575e-05,0.006163847632706165,5.704909563064575e-05,0.0,vanilla_transformer_v10,2026-08-03 14:03:00
2025-08-25,600519,-6.686151027679443e-05,-0.005867680534720421,6.686151027679443e-05,0.0,vanilla_transformer_v10,2026-08-03 14:03:00
2025-08-25,300750,-0.00026795268058776855,-0.0026955162174999714,0.00026795268058776855,0.0,vanilla_transformer_v10,2026-08-03 14:03:00
2025-08-25,601318,-0.0003226622939109802,-0.00790264643728733,0.0003226622939109802,0.0,vanilla_transformer_v10,2026-08-03 14:03:00
2025-08-25,300782,-0.00039881467819213867,-0.002728391671553254,0.00039881467819213867,0.0,vanilla_transformer_v10,2026-08-03 14:03:00
2025-08-25,002371,-0.000592157244682312,0.007651426363736391,0.000592157244682312,0.0,vanilla_transformer_v10,2026-08-03 14:03:00
2025-08-25,603501,-0.0006007477641105652,0.03948052600026131,0.0006007477641105652,0.0,vanilla_transformer_v10,2026-08-03 14:03:00
2025-08-25,002594,-0.0006258860230445862,0.01898648589849472,0.0006258860230445862,0.0,vanilla_transformer_v10,2026-08-03 14:03:00
2025-08-26,601138,0.0030685439705848694,0.005368892103433609,0.0030685439705848694,1.0,vanilla_transformer_v10,2026-08-03 14:03:00
2025-08-26,300308,0.0022023022174835205,0.0347367487847805,0.0022023022174835205,1.0,vanilla_transformer_v10,2026-08-03 14:03:00
2025-08-26,601012,0.0020832568407058716,-0.017970917746424675,0.0020832568407058716,1.0,vanilla_transformer_v10,2026-08-03 14:03:00
2025-08-26,600438,0.0017503276467323303,-0.019891107454895973,0.0017503276467323303,1.0,vanilla_transformer_v10,2026-08-03 14:03:00
2025-08-26,600036,0.001636214554309845,-0.012006677687168121,0.001636214554309845,1.0,vanilla_transformer_v10,2026-08-03 14:03:00
2025-08-26,600887,0.001499362289905548,-0.018526926636695862,0.001499362289905548,1.0,vanilla_transformer_v10,2026-08-03 14:03:00
2025-08-26,000977,0.001493215560913086,-0.033225059509277344,0.001493215560913086,1.0,vanilla_transformer_v10,2026-08-03 14:03:00
2025-08-26,600584,0.0014750659465789795,-0.01008739322423935,0.0014750659465789795,1.0,vanilla_transformer_v10,2026-08-03 14:03:00
2025-08-26,002465,0.001367911696434021,-0.0385281965136528,0.001367911696434021,1.0,vanilla_transformer_v10,2026-08-03 14:03:00
2025-08-26,000568,0.0011184439063072205,-0.05105778947472572,0.0011184439063072205,1.0,vanilla_transformer_v10,2026-08-03 14:03:00
2025-08-26,000858,0.0009883865714073181,-0.024341324344277382,0.0009883865714073181,1.0,vanilla_transformer_v10,2026-08-03 14:03:00
2025-08-26,300454,0.0009354576468467712,0.006768760737031698,0.0009354576468467712,1.0,vanilla_transformer_v10,2026-08-03 14:03:00
2025-08-26,002594,0.0008283108472824097,-0.02735401876270771,0.0008283108472824097,1.0,vanilla_transformer_v10,2026-08-03 14:03:00
2025-08-26,688012,0.0008282884955406189,-0.033079613000154495,0.0008282884955406189,1.0,vanilla_transformer_v10,2026-08-03 14:03:00
2025-08-26,002230,0.0007462576031684875,0.01203407533466816,0.0007462576031684875,1.0,vanilla_transformer_v10,2026-08-03 14:03:00
2025-08-26,601318,0.0004338398575782776,-0.030701300129294395,0.0004338398575782776,1.0,vanilla_transformer_v10,2026-08-03 14:03:00
2025-08-26,603501,0.00042586028575897217,-0.023123912513256073,0.00042586028575897217,1.0,vanilla_transformer_v10,2026-08-03 14:03:00
2025-08-26,688981,0.0002746507525444031,0.005730108357965946,0.0002746507525444031,1.0,vanilla_transformer_v10,2026-08-03 14:03:00
2025-08-26,300782,0.0002035871148109436,-0.014098191633820534,0.0002035871148109436,1.0,vanilla_transformer_v10,2026-08-03 14:03:00
2025-08-26,300750,-9.234994649887085e-05,-0.03945610672235489,9.234994649887085e-05,0.0,vanilla_transformer_v10,2026-08-03 14:03:00
2025-08-26,002371,-0.00018252432346343994,-0.025116372853517532,0.00018252432346343994,0.0,vanilla_transformer_v10,2026-08-03 14:03:00
2025-08-26,600519,-0.00025194138288497925,-0.022946136072278023,0.00025194138288497925,0.0,vanilla_transformer_v10,2026-08-03 14:03:00
2025-08-27,300308,0.004204027354717255,0.09927304089069366,0.004204027354717255,1.0,vanilla_transformer_v10,2026-08-03 14:03:00
2025-08-27,601138,0.003831803798675537,0.06798300892114639,0.003831803798675537,1.0,vanilla_transformer_v10,2026-08-03 14:03:00
2025-08-27,002230,0.0031105130910873413,0.019185075536370277,0.0031105130910873413,1.0,vanilla_transformer_v10,2026-08-03 14:03:00
2025-08-27,601012,0.0026230812072753906,0.020344823598861694,0.0026230812072753906,1.0,vanilla_transformer_v10,2026-08-03 14:03:00
2025-08-27,002465,0.00247114896774292,0.04263419285416603,0.00247114896774292,1.0,vanilla_transformer_v10,2026-08-03 14:03:00
2025-08-27,300454,0.0024662241339683533,0.009590866044163704,0.0024662241339683533,1.0,vanilla_transformer_v10,2026-08-03 14:03:00
2025-08-27,600438,0.0023045167326927185,0.029711293056607246,0.0023045167326927185,1.0,vanilla_transformer_v10,2026-08-03 14:03:00
2025-08-27,000977,0.0022366270422935486,0.024141918867826462,0.0022366270422935486,1.0,vanilla_transformer_v10,2026-08-03 14:03:00
2025-08-27,600036,0.0021479055285453796,-0.0004696138494182378,0.0021479055285453796,1.0,vanilla_transformer_v10,2026-08-03 14:03:00
2025-08-27,600584,0.0020199865102767944,0.040156133472919464,0.0020199865102767944,1.0,vanilla_transformer_v10,2026-08-03 14:03:00
2025-08-27,601318,0.001979842782020569,0.002539613749831915,0.001979842782020569,1.0,vanilla_transformer_v10,2026-08-03 14:03:00
2025-08-27,600887,0.0019040554761886597,-0.004321213345974684,0.0019040554761886597,1.0,vanilla_transformer_v10,2026-08-03 14:03:00
2025-08-27,000568,0.0017928257584571838,-0.0007468829862773418,0.0017928257584571838,1.0,vanilla_transformer_v10,2026-08-03 14:03:00
2025-08-27,688981,0.0017229989171028137,0.16081321239471436,0.0017229989171028137,1.0,vanilla_transformer_v10,2026-08-03 14:03:00
2025-08-27,300782,0.0016014575958251953,0.019906794652342796,0.0016014575958251953,1.0,vanilla_transformer_v10,2026-08-03 14:03:00
2025-08-27,000858,0.0014207884669303894,-0.009125486016273499,0.0014207884669303894,1.0,vanilla_transformer_v10,2026-08-03 14:03:00
2025-08-27,688012,0.0013106465339660645,0.0855087861418724,0.0013106465339660645,1.0,vanilla_transformer_v10,2026-08-03 14:03:00
2025-08-27,300750,0.000995740294456482,-0.0032060022931545973,0.000995740294456482,1.0,vanilla_transformer_v10,2026-08-03 14:03:00
2025-08-27,002594,0.0009065195918083191,-0.01235011126846075,0.0009065195918083191,1.0,vanilla_transformer_v10,2026-08-03 14:03:00
2025-08-27,603501,0.0005600377917289734,0.02516733668744564,0.0005600377917289734,1.0,vanilla_transformer_v10,2026-08-03 14:03:00
2025-08-27,002371,0.0005462020635604858,0.06084289774298668,0.0005462020635604858,1.0,vanilla_transformer_v10,2026-08-03 14:03:00
2025-08-27,600519,0.0004721805453300476,-0.0013133542379364371,0.0004721805453300476,1.0,vanilla_transformer_v10,2026-08-03 14:03:00
2025-08-28,601138,0.004067473113536835,0.09520039707422256,0.004067473113536835,1.0,vanilla_transformer_v10,2026-08-03 14:03:00
2025-08-28,300308,0.003224872052669525,-0.011513439007103443,0.003224872052669525,1.0,vanilla_transformer_v10,2026-08-03 14:03:00
2025-08-28,002465,0.0015524551272392273,0.0020942415576428175,0.0015524551272392273,1.0,vanilla_transformer_v10,2026-08-03 14:03:00
2025-08-28,601012,0.0014886707067489624,0.01643187552690506,0.0014886707067489624,1.0,vanilla_transformer_v10,2026-08-03 14:03:00
2025-08-28,688981,0.0014402642846107483,-0.038127534091472626,0.0014402642846107483,1.0,vanilla_transformer_v10,2026-08-03 14:03:00
2025-08-28,600438,0.0013807490468025208,0.022943567484617233,0.0013807490468025208,1.0,vanilla_transformer_v10,2026-08-03 14:03:00
2025-08-28,000977,0.0011585578322410583,-0.011092867702245712,0.0011585578322410583,1.0,vanilla_transformer_v10,2026-08-03 14:03:00
2025-08-28,002230,0.0010708421468734741,-0.0065512889996171,0.0010708421468734741,1.0,vanilla_transformer_v10,2026-08-03 14:03:00
2025-08-28,300454,0.0009889975190162659,0.035398468375205994,0.0009889975190162659,1.0,vanilla_transformer_v10,2026-08-03 14:03:00
2025-08-28,600036,0.0008954927325248718,-0.002094599651172757,0.0008954927325248718,1.0,vanilla_transformer_v10,2026-08-03 14:03:00
2025-08-28,600584,0.0007991939783096313,-0.007010004483163357,0.0007991939783096313,1.0,vanilla_transformer_v10,2026-08-03 14:03:00
2025-08-28,000568,0.0007204487919807434,0.0256180502474308,0.0007204487919807434,1.0,vanilla_transformer_v10,2026-08-03 14:03:00
2025-08-28,688012,0.00070171058177948,-0.05159281939268112,0.00070171058177948,1.0,vanilla_transformer_v10,2026-08-03 14:03:00
2025-08-28,000858,0.0005102530121803284,0.03184578940272331,0.0005102530121803284,1.0,vanilla_transformer_v10,2026-08-03 14:03:00
2025-08-28,002594,0.000453948974609375,0.04243500158190727,0.000453948974609375,1.0,vanilla_transformer_v10,2026-08-03 14:03:00
2025-08-28,300750,0.0003793463110923767,0.09868123382329941,0.0003793463110923767,1.0,vanilla_transformer_v10,2026-08-03 14:03:00
2025-08-28,601318,0.0003070235252380371,0.017544789239764214,0.0003070235252380371,1.0,vanilla_transformer_v10,2026-08-03 14:03:00
2025-08-28,600887,0.0002856701612472534,0.031282298266887665,0.0002856701612472534,1.0,vanilla_transformer_v10,2026-08-03 14:03:00
2025-08-28,002371,0.00020592659711837769,-0.06352511048316956,0.00020592659711837769,1.0,vanilla_transformer_v10,2026-08-03 14:03:00
2025-08-28,300782,1.720339059829712e-05,-0.02293418161571026,1.720339059829712e-05,1.0,vanilla_transformer_v10,2026-08-03 14:03:00
2025-08-28,603501,-0.0002726837992668152,0.002344786422327161,0.0002726837992668152,0.0,vanilla_transformer_v10,2026-08-03 14:03:00
2025-08-28,600519,-0.0004924163222312927,0.023172253742814064,0.0004924163222312927,0.0,vanilla_transformer_v10,2026-08-03 14:03:00
2025-08-29,600887,0.0029063746333122253,-0.010552770458161831,0.0029063746333122253,1.0,vanilla_transformer_v10,2026-08-03 14:03:00
2025-08-29,601138,0.0027300193905830383,0.032708872109651566,0.0027300193905830383,1.0,vanilla_transformer_v10,2026-08-03 14:03:00
2025-08-29,600036,0.001976780593395233,-0.02145318128168583,0.001976780593395233,1.0,vanilla_transformer_v10,2026-08-03 14:03:00
2025-08-29,002594,0.0019208639860153198,-0.03898587077856064,0.0019208639860153198,1.0,vanilla_transformer_v10,2026-08-03 14:03:00
2025-08-29,300750,0.00168522447347641,-0.007154413033276796,0.00168522447347641,1.0,vanilla_transformer_v10,2026-08-03 14:03:00
2025-08-29,300308,0.001508563756942749,0.1347077339887619,0.001508563756942749,1.0,vanilla_transformer_v10,2026-08-03 14:03:00
2025-08-29,300454,0.0014753863215446472,-0.011194867081940174,0.0014753863215446472,1.0,vanilla_transformer_v10,2026-08-03 14:03:00
2025-08-29,601012,0.0014224126935005188,-0.0052692461758852005,0.0014224126935005188,1.0,vanilla_transformer_v10,2026-08-03 14:03:00
2025-08-29,600438,0.0012448206543922424,0.0246404018253088,0.0012448206543922424,1.0,vanilla_transformer_v10,2026-08-03 14:03:00
2025-08-29,002465,0.0011749789118766785,-0.0207540113478899,0.0011749789118766785,1.0,vanilla_transformer_v10,2026-08-03 14:03:00
2025-08-29,000858,0.0011307299137115479,-0.005110512021929026,0.0011307299137115479,1.0,vanilla_transformer_v10,2026-08-03 14:03:00
2025-08-29,000568,0.0010673031210899353,-0.009815321303904057,0.0010673031210899353,1.0,vanilla_transformer_v10,2026-08-03 14:03:00
2025-08-29,601318,0.000550292432308197,-0.02318483777344227,0.000550292432308197,1.0,vanilla_transformer_v10,2026-08-03 14:03:00
2025-08-29,000977,0.0004517585039138794,0.026147386059165,0.0004517585039138794,1.0,vanilla_transformer_v10,2026-08-03 14:03:00
2025-08-29,600519,0.00035355985164642334,-0.002638663398101926,0.00035355985164642334,1.0,vanilla_transformer_v10,2026-08-03 14:03:00
2025-08-29,002230,0.00014372915029525757,-0.003940430469810963,0.00014372915029525757,1.0,vanilla_transformer_v10,2026-08-03 14:03:00
2025-08-29,002371,0.00013142824172973633,0.014233646914362907,0.00013142824172973633,1.0,vanilla_transformer_v10,2026-08-03 14:03:00
2025-08-29,688012,-0.00028664618730545044,0.0413067601621151,0.00028664618730545044,0.0,vanilla_transformer_v10,2026-08-03 14:03:00
2025-08-29,300782,-0.0004802495241165161,0.004697695374488831,0.0004802495241165161,0.0,vanilla_transformer_v10,2026-08-03 14:03:00
2025-08-29,600584,-0.0006884559988975525,0.030837247148156166,0.0006884559988975525,0.0,vanilla_transformer_v10,2026-08-03 14:03:00
2025-08-29,688981,-0.0014494359493255615,0.0,0.0014494359493255615,0.0,vanilla_transformer_v10,2026-08-03 14:03:00
2025-08-29,603501,-0.0015901699662208557,0.013653124682605267,0.0015901699662208557,0.0,vanilla_transformer_v10,2026-08-03 14:03:00
2025-09-01,300308,0.003724239766597748,-0.05595529451966286,0.003724239766597748,1.0,vanilla_transformer_v10,2026-08-03 14:03:00
2025-09-01,601138,0.0028872936964035034,-0.03176828473806381,0.0028872936964035034,1.0,vanilla_transformer_v10,2026-08-03 14:03:00
2025-09-01,600438,0.001942567527294159,-0.03054450824856758,0.001942567527294159,1.0,vanilla_transformer_v10,2026-08-03 14:03:00
2025-09-01,600036,0.0015476271510124207,0.0342089980840683,0.0015476271510124207,1.0,vanilla_transformer_v10,2026-08-03 14:03:00
2025-09-01,002594,0.0012943372130393982,0.002918107435107231,0.0012943372130393982,1.0,vanilla_transformer_v10,2026-08-03 14:03:00
2025-09-01,600887,0.001237921416759491,-0.00035716930869966745,0.001237921416759491,1.0,vanilla_transformer_v10,2026-08-03 14:03:00
2025-09-01,000977,0.0012049004435539246,-0.07717839628458023,0.0012049004435539246,1.0,vanilla_transformer_v10,2026-08-03 14:03:00
2025-09-01,601012,0.0011322125792503357,-0.020086415112018585,0.0011322125792503357,1.0,vanilla_transformer_v10,2026-08-03 14:03:00
2025-09-01,300454,0.0010199323296546936,-0.005449604708701372,0.0010199323296546936,1.0,vanilla_transformer_v10,2026-08-03 14:03:00
2025-09-01,002465,0.001015588641166687,-0.0486396886408329,0.001015588641166687,1.0,vanilla_transformer_v10,2026-08-03 14:03:00
2025-09-01,600584,0.0009844228625297546,-0.05313486605882645,0.0009844228625297546,1.0,vanilla_transformer_v10,2026-08-03 14:03:00
2025-09-01,601318,0.0009240061044692993,0.0026027981657534838,0.0009240061044692993,1.0,vanilla_transformer_v10,2026-08-03 14:03:00
2025-09-01,000568,0.000773988664150238,0.00879422202706337,0.000773988664150238,1.0,vanilla_transformer_v10,2026-08-03 14:03:00
2025-09-01,000858,0.00041644275188446045,-0.002405711216852069,0.00041644275188446045,1.0,vanilla_transformer_v10,2026-08-03 14:03:00
2025-09-01,002371,0.00034962594509124756,0.0017732280539348722,0.00034962594509124756,1.0,vanilla_transformer_v10,2026-08-03 14:03:00
2025-09-01,688012,0.0002763122320175171,-0.04904644563794136,0.0002763122320175171,1.0,vanilla_transformer_v10,2026-08-03 14:03:00
2025-09-01,300750,0.0002205297350883484,-0.003708285978063941,0.0002205297350883484,1.0,vanilla_transformer_v10,2026-08-03 14:03:00
2025-09-01,300782,0.00013444572687149048,-0.034989263862371445,0.00013444572687149048,1.0,vanilla_transformer_v10,2026-08-03 14:03:00
2025-09-01,603501,-0.0003359168767929077,-0.05158146098256111,0.0003359168767929077,0.0,vanilla_transformer_v10,2026-08-03 14:03:00
2025-09-01,600519,-0.00046630948781967163,0.010244638659060001,0.00046630948781967163,0.0,vanilla_transformer_v10,2026-08-03 14:03:00
2025-09-01,002230,-0.00048748403787612915,0.004888772964477539,0.00048748403787612915,0.0,vanilla_transformer_v10,2026-08-03 14:03:00
2025-09-01,688981,-0.0028454437851905823,0.0,0.0028454437851905823,0.0,vanilla_transformer_v10,2026-08-03 14:03:00
2025-09-02,600036,0.0030420199036598206,-0.012541881762444973,0.0030420199036598206,1.0,vanilla_transformer_v10,2026-08-03 14:03:00
2025-09-02,300308,0.0029216259717941284,0.10424097627401352,0.0029216259717941284,1.0,vanilla_transformer_v10,2026-08-03 14:03:00
2025-09-02,002465,0.0027513504028320312,-0.07776046544313431,0.0027513504028320312,1.0,vanilla_transformer_v10,2026-08-03 14:03:00
2025-09-02,601012,0.0020018965005874634,0.025945980101823807,0.0020018965005874634,1.0,vanilla_transformer_v10,2026-08-03 14:03:00
2025-09-02,600438,0.0018354803323745728,0.0036374197807163,0.0018354803323745728,1.0,vanilla_transformer_v10,2026-08-03 14:03:00
2025-09-02,000977,0.001757889986038208,-0.018495997413992882,0.001757889986038208,1.0,vanilla_transformer_v10,2026-08-03 14:03:00
2025-09-02,601138,0.0015072748064994812,0.006715103052556515,0.0015072748064994812,1.0,vanilla_transformer_v10,2026-08-03 14:03:00
2025-09-02,000568,0.0014735683798789978,-0.010709745809435844,0.0014735683798789978,1.0,vanilla_transformer_v10,2026-08-03 14:03:00
2025-09-02,600887,0.0014538317918777466,-0.012458461336791515,0.0014538317918777466,1.0,vanilla_transformer_v10,2026-08-03 14:03:00
2025-09-02,000858,0.001301206648349762,-0.015204080380499363,0.001301206648349762,1.0,vanilla_transformer_v10,2026-08-03 14:03:00
2025-09-02,002594,0.0012272819876670837,-0.02586388774216175,0.0012272819876670837,1.0,vanilla_transformer_v10,2026-08-03 14:03:00
2025-09-02,002230,0.0011847466230392456,-0.04403660073876381,0.0011847466230392456,1.0,vanilla_transformer_v10,2026-08-03 14:03:00
2025-09-02,300454,0.0006216689944267273,-0.08399273455142975,0.0006216689944267273,1.0,vanilla_transformer_v10,2026-08-03 14:03:00
2025-09-02,300782,0.00036945194005966187,-0.018712235614657402,0.00036945194005966187,1.0,vanilla_transformer_v10,2026-08-03 14:03:00
2025-09-02,600519,0.0003257840871810913,-0.007234568241983652,0.0003257840871810913,1.0,vanilla_transformer_v10,2026-08-03 14:03:00
2025-09-02,600584,0.0001227930188179016,-0.017301952466368675,0.0001227930188179016,1.0,vanilla_transformer_v10,2026-08-03 14:03:00
2025-09-02,601318,-5.817413330078125e-05,-0.015157715417444706,5.817413330078125e-05,0.0,vanilla_transformer_v10,2026-08-03 14:03:00
2025-09-02,688012,-0.00011894851922988892,-0.0024368539452552795,0.00011894851922988892,0.0,vanilla_transformer_v10,2026-08-03 14:03:00
2025-09-02,300750,-0.00027821213006973267,0.020025188103318214,0.00027821213006973267,0.0,vanilla_transformer_v10,2026-08-03 14:03:00
2025-09-02,002371,-0.0005442425608634949,-0.013511269353330135,0.0005442425608634949,0.0,vanilla_transformer_v10,2026-08-03 14:03:00
2025-09-02,603501,-0.0007064267992973328,-0.013844736851751804,0.0007064267992973328,0.0,vanilla_transformer_v10,2026-08-03 14:03:00
2025-09-02,688981,-0.004462048411369324,0.0,0.004462048411369324,0.0,vanilla_transformer_v10,2026-08-03 14:03:00
2025-09-03,300308,0.004537016153335571,-0.1437072455883026,0.004537016153335571,1.0,vanilla_transformer_v10,2026-08-03 14:03:00
2025-09-03,002465,0.003673270344734192,-0.03303956985473633,0.003673270344734192,1.0,vanilla_transformer_v10,2026-08-03 14:03:00
2025-09-03,601012,0.0032872557640075684,0.012724832631647587,0.0032872557640075684,1.0,vanilla_transformer_v10,2026-08-03 14:03:00
2025-09-03,300454,0.002723120152950287,-0.04435528442263603,0.002723120152950287,1.0,vanilla_transformer_v10,2026-08-03 14:03:00
2025-09-03,601138,0.002555742859840393,-0.020599832758307457,0.002555742859840393,1.0,vanilla_transformer_v10,2026-08-03 14:03:00
2025-09-03,600036,0.0017990171909332275,0.0035020322538912296,0.0017990171909332275,1.0,vanilla_transformer_v10,2026-08-03 14:03:00
2025-09-03,600887,0.0016744211316108704,0.008914710953831673,0.0016744211316108704,1.0,vanilla_transformer_v10,2026-08-03 14:03:00
2025-09-03,600438,0.0016195699572563171,0.04403011128306389,0.0016195699572563171,1.0,vanilla_transformer_v10,2026-08-03 14:03:00
2025-09-03,000858,0.001464448869228363,-0.008808298036456108,0.001464448869228363,1.0,vanilla_transformer_v10,2026-08-03 14:03:00
2025-09-03,000568,0.0014225021004676819,-0.011124714277684689,0.0014225021004676819,1.0,vanilla_transformer_v10,2026-08-03 14:03:00
2025-09-03,002594,0.0013811439275741577,-0.03038870543241501,0.0013811439275741577,1.0,vanilla_transformer_v10,2026-08-03 14:03:00
2025-09-03,000977,0.0013576894998550415,-0.060197364538908005,0.0013576894998550415,1.0,vanilla_transformer_v10,2026-08-03 14:03:00
2025-09-03,300782,0.0009901002049446106,-0.039060547947883606,0.0009901002049446106,1.0,vanilla_transformer_v10,2026-08-03 14:03:00
2025-09-03,600584,0.0007694214582443237,-0.05638047307729721,0.0007694214582443237,1.0,vanilla_transformer_v10,2026-08-03 14:03:00
2025-09-03,002230,0.0007677227258682251,-0.03789107874035835,0.0007677227258682251,1.0,vanilla_transformer_v10,2026-08-03 14:03:00
2025-09-03,300750,0.00016845017671585083,-0.016214091330766678,0.00016845017671585083,1.0,vanilla_transformer_v10,2026-08-03 14:03:00
2025-09-03,688012,0.00016648322343826294,-0.08154526352882385,0.00016648322343826294,1.0,vanilla_transformer_v10,2026-08-03 14:03:00
2025-09-03,600519,1.043081283569336e-06,-0.005343176890164614,1.043081283569336e-06,1.0,vanilla_transformer_v10,2026-08-03 14:03:00
2025-09-03,603501,-2.0578503608703613e-05,-0.05567709729075432,2.0578503608703613e-05,0.0,vanilla_transformer_v10,2026-08-03 14:03:00
2025-09-03,601318,-9.66787338256836e-05,-0.004840716253966093,9.66787338256836e-05,0.0,vanilla_transformer_v10,2026-08-03 14:03:00
2025-09-03,002371,-0.0003005862236022949,-0.062089670449495316,0.0003005862236022949,0.0,vanilla_transformer_v10,2026-08-03 14:03:00
2025-09-03,688981,-0.003842674195766449,0.0,0.003842674195766449,0.0,vanilla_transformer_v10,2026-08-03 14:03:00
2025-09-04,300308,0.0037732496857643127,0.09763531386852264,0.0037732496857643127,1.0,vanilla_transformer_v10,2026-08-03 14:03:00
2025-09-04,601138,0.0037407726049423218,0.04944061115384102,0.0037407726049423218,1.0,vanilla_transformer_v10,2026-08-03 14:03:00
2025-09-04,601012,0.003469116985797882,0.03941790759563446,0.003469116985797882,1.0,vanilla_transformer_v10,2026-08-03 14:03:00
2025-09-04,000977,0.002856336534023285,0.020460044965147972,0.002856336534023285,1.0,vanilla_transformer_v10,2026-08-03 14:03:00
2025-09-04,002465,0.0026157423853874207,0.007374246139079332,0.0026157423853874207,1.0,vanilla_transformer_v10,2026-08-03 14:03:00
2025-09-04,300454,0.00240132212638855,0.005575975868850946,0.00240132212638855,1.0,vanilla_transformer_v10,2026-08-03 14:03:00
2025-09-04,600438,0.002127416431903839,0.0599927119910717,0.002127416431903839,1.0,vanilla_transformer_v10,2026-08-03 14:03:00
2025-09-04,002230,0.0018072575330734253,0.01393322553485632,0.0018072575330734253,1.0,vanilla_transformer_v10,2026-08-03 14:03:00
2025-09-04,600887,0.001399502158164978,0.0007123767863959074,0.001399502158164978,1.0,vanilla_transformer_v10,2026-08-03 14:03:00
2025-09-04,600036,0.0012687966227531433,-0.006758805830031633,0.0012687966227531433,1.0,vanilla_transformer_v10,2026-08-03 14:03:00
2025-09-04,002594,0.0009789913892745972,0.030862288549542427,0.0009789913892745972,1.0,vanilla_transformer_v10,2026-08-03 14:03:00
2025-09-04,000568,0.0008144378662109375,0.013409166596829891,0.0008144378662109375,1.0,vanilla_transformer_v10,2026-08-03 14:03:00
2025-09-04,000858,0.0005946680903434753,0.010304993018507957,0.0005946680903434753,1.0,vanilla_transformer_v10,2026-08-03 14:03:00
2025-09-04,600584,0.00045105069875717163,0.02536248043179512,0.00045105069875717163,1.0,vanilla_transformer_v10,2026-08-03 14:03:00
2025-09-04,688012,0.0003681480884552002,0.02334579825401306,0.0003681480884552002,1.0,vanilla_transformer_v10,2026-08-03 14:03:00
2025-09-04,300750,-4.25875186920166e-05,0.06704450398683548,4.25875186920166e-05,0.0,vanilla_transformer_v10,2026-08-03 14:03:00
2025-09-04,601318,-6.326287984848022e-05,0.006916162557899952,6.326287984848022e-05,0.0,vanilla_transformer_v10,2026-08-03 14:03:00
2025-09-04,300782,-0.00021798163652420044,0.06916677206754684,0.00021798163652420044,0.0,vanilla_transformer_v10,2026-08-03 14:03:00
2025-09-04,603501,-0.00027269870042800903,0.02579813450574875,0.00027269870042800903,0.0,vanilla_transformer_v10,2026-08-03 14:03:00
2025-09-04,002371,-0.00035453587770462036,0.017879173159599304,0.00035453587770462036,0.0,vanilla_transformer_v10,2026-08-03 14:03:00
2025-09-04,600519,-0.0006304085254669189,0.006996783893555403,0.0006304085254669189,0.0,vanilla_transformer_v10,2026-08-03 14:03:00
2025-09-04,688981,-0.004622913897037506,0.0,0.004622913897037506,0.0,vanilla_transformer_v10,2026-08-03 14:03:00
2025-09-05,300308,0.004097796976566315,-0.09533553570508957,0.004097796976566315,1.0,vanilla_transformer_v10,2026-08-03 14:03:00
2025-09-05,601138,0.003796808421611786,-0.08255354315042496,0.003796808421611786,1.0,vanilla_transformer_v10,2026-08-03 14:03:00
2025-09-05,601012,0.0024448037147521973,-0.006096295081079006,0.0024448037147521973,1.0,vanilla_transformer_v10,2026-08-03 14:03:00
2025-09-05,002465,0.0019379779696464539,0.037493299692869186,0.0019379779696464539,1.0,vanilla_transformer_v10,2026-08-03 14:03:00
2025-09-05,000977,0.0017484575510025024,-0.006840244401246309,0.0017484575510025024,1.0,vanilla_transformer_v10,2026-08-03 14:03:00
2025-09-05,300454,0.0016322657465934753,0.0013230431359261274,0.0016322657465934753,1.0,vanilla_transformer_v10,2026-08-03 14:03:00
2025-09-05,002594,0.001127585768699646,-0.009484662674367428,0.001127585768699646,1.0,vanilla_transformer_v10,2026-08-03 14:03:00
2025-09-05,600438,0.0010057538747787476,-0.01279813889414072,0.0010057538747787476,1.0,vanilla_transformer_v10,2026-08-03 14:03:00
2025-09-05,002230,0.0007755309343338013,0.05478823930025101,0.0007755309343338013,1.0,vanilla_transformer_v10,2026-08-03 14:03:00
2025-09-05,688012,0.00033415108919143677,0.06152523308992386,0.00033415108919143677,1.0,vanilla_transformer_v10,2026-08-03 14:03:00
2025-09-05,601318,0.00032217055559158325,-0.0034239881206303835,0.00032217055559158325,1.0,vanilla_transformer_v10,2026-08-03 14:03:00
2025-09-05,300782,0.0003103390336036682,-0.019142279401421547,0.0003103390336036682,1.0,vanilla_transformer_v10,2026-08-03 14:03:00
2025-09-05,002371,0.00015620142221450806,0.036061227321624756,0.00015620142221450806,1.0,vanilla_transformer_v10,2026-08-03 14:03:00
2025-09-05,600584,0.00014593452215194702,0.012049642391502857,0.00014593452215194702,1.0,vanilla_transformer_v10,2026-08-03 14:03:00
2025-09-05,000568,-2.899765968322754e-05,0.028864333406090736,2.899765968322754e-05,0.0,vanilla_transformer_v10,2026-08-03 14:03:00
2025-09-05,603501,-5.445629358291626e-05,0.02939627133309841,5.445629358291626e-05,0.0,vanilla_transformer_v10,2026-08-03 14:03:00
2025-09-05,600887,-0.00018847733736038208,0.0010610682656988502,0.00018847733736038208,0.0,vanilla_transformer_v10,2026-08-03 14:03:00
2025-09-05,000858,-0.00020798295736312866,0.01781950332224369,0.00020798295736312866,0.0,vanilla_transformer_v10,2026-08-03 14:03:00
2025-09-05,300750,-0.0002453997731208801,0.0008008457371033728,0.0002453997731208801,0.0,vanilla_transformer_v10,2026-08-03 14:03:00
2025-09-05,600036,-0.0004505068063735962,-0.007755985017865896,0.0004505068063735962,0.0,vanilla_transformer_v10,2026-08-03 14:03:00
2025-09-05,600519,-0.0010757073760032654,0.012217546813189983,0.0010757073760032654,0.0,vanilla_transformer_v10,2026-08-03 14:03:00
2025-09-05,688981,-0.003604508936405182,0.0,0.003604508936405182,0.0,vanilla_transformer_v10,2026-08-03 14:03:00
2025-09-08,601138,0.0049574002623558044,-0.05225320905447006,0.0049574002623558044,1.0,vanilla_transformer_v10,2026-08-03 14:03:00
2025-09-08,300308,0.004820540547370911,-0.029345683753490448,0.004820540547370911,1.0,vanilla_transformer_v10,2026-08-03 14:03:00
2025-09-08,002230,0.0022598132491111755,-0.0464126355946064,0.0022598132491111755,1.0,vanilla_transformer_v10,2026-08-03 14:03:00
2025-09-08,002465,0.001891016960144043,0.006294789724051952,0.001891016960144043,1.0,vanilla_transformer_v10,2026-08-03 14:03:00
2025-09-08,601012,0.0017891377210617065,-0.02133224345743656,0.0017891377210617065,1.0,vanilla_transformer_v10,2026-08-03 14:03:00
2025-09-08,300454,0.0017132237553596497,-0.023454947397112846,0.0017132237553596497,1.0,vanilla_transformer_v10,2026-08-03 14:03:00
2025-09-08,000977,0.0013709589838981628,-0.029862049967050552,0.0013709589838981628,1.0,vanilla_transformer_v10,2026-08-03 14:03:00
2025-09-08,600887,0.0012275055050849915,0.012331136502325535,0.0012275055050849915,1.0,vanilla_transformer_v10,2026-08-03 14:03:00
2025-09-08,600438,0.0010334253311157227,-0.016748392954468727,0.0010334253311157227,1.0,vanilla_transformer_v10,2026-08-03 14:03:00
2025-09-08,000568,0.0009084269404411316,0.0030698110349476337,0.0009084269404411316,1.0,vanilla_transformer_v10,2026-08-03 14:03:00
2025-09-08,600036,0.0008437633514404297,0.009385697543621063,0.0008437633514404297,1.0,vanilla_transformer_v10,2026-08-03 14:03:00
2025-09-08,000858,0.000670120120048523,-0.002247074618935585,0.000670120120048523,1.0,vanilla_transformer_v10,2026-08-03 14:03:00
2025-09-08,002594,0.0006551966071128845,-0.007165480405092239,0.0006551966071128845,1.0,vanilla_transformer_v10,2026-08-03 14:03:00
2025-09-08,688012,0.0003310069441795349,-0.03992803394794464,0.0003310069441795349,1.0,vanilla_transformer_v10,2026-08-03 14:03:00
2025-09-08,601318,0.0002453997731208801,0.00515956524759531,0.0002453997731208801,1.0,vanilla_transformer_v10,2026-08-03 14:03:00
2025-09-08,002371,-1.5594065189361572e-05,-0.01827891357243061,1.5594065189361572e-05,0.0,vanilla_transformer_v10,2026-08-03 14:03:00
2025-09-08,300750,-0.000111408531665802,-0.016644584015011787,0.000111408531665802,0.0,vanilla_transformer_v10,2026-08-03 14:03:00
2025-09-08,600519,-0.0002001747488975525,0.002507963450625539,0.0002001747488975525,0.0,vanilla_transformer_v10,2026-08-03 14:03:00
2025-09-08,600584,-0.00033892691135406494,-0.027484644204378128,0.00033892691135406494,0.0,vanilla_transformer_v10,2026-08-03 14:03:00
2025-09-08,603501,-0.000340387225151062,-0.031663909554481506,0.000340387225151062,0.0,vanilla_transformer_v10,2026-08-03 14:03:00
2025-09-08,300782,-0.0005658119916915894,-0.02156170830130577,0.0005658119916915894,0.0,vanilla_transformer_v10,2026-08-03 14:03:00
2025-09-08,688981,-0.0032627806067466736,-0.10821109265089035,0.0032627806067466736,0.0,vanilla_transformer_v10,2026-08-03 14:03:00
2025-09-09,601138,0.00532793253660202,0.0954832062125206,0.00532793253660202,1.0,vanilla_transformer_v10,2026-08-03 14:03:00
2025-09-09,300308,0.0045184120535850525,0.06911339610815048,0.0045184120535850525,1.0,vanilla_transformer_v10,2026-08-03 14:03:00
2025-09-09,000977,0.0025825873017311096,0.02902873046696186,0.0025825873017311096,1.0,vanilla_transformer_v10,2026-08-03 14:03:00
2025-09-09,300454,0.002356693148612976,0.0021633324213325977,0.002356693148612976,1.0,vanilla_transformer_v10,2026-08-03 14:03:00
2025-09-09,002230,0.0021382272243499756,-0.0027743319515138865,0.0021382272243499756,1.0,vanilla_transformer_v10,2026-08-03 14:03:00
2025-09-09,688981,0.002106785774230957,0.008893243968486786,0.002106785774230957,1.0,vanilla_transformer_v10,2026-08-03 14:03:00
2025-09-09,002465,0.001633279025554657,0.07129106670618057,0.001633279025554657,1.0,vanilla_transformer_v10,2026-08-03 14:03:00
2025-09-09,600887,0.0011914372444152832,-0.004562528803944588,0.0011914372444152832,1.0,vanilla_transformer_v10,2026-08-03 14:03:00
2025-09-09,600036,0.0011739134788513184,0.003977338783442974,0.0011739134788513184,1.0,vanilla_transformer_v10,2026-08-03 14:03:00
2025-09-09,601012,0.0008700639009475708,-0.023564083501696587,0.0008700639009475708,1.0,vanilla_transformer_v10,2026-08-03 14:03:00
2025-09-09,002594,0.0007035061717033386,-0.0027418327517807484,0.0007035061717033386,1.0,vanilla_transformer_v10,2026-08-03 14:03:00
2025-09-09,000568,0.00033549219369888306,-0.005217364523559809,0.00033549219369888306,1.0,vanilla_transformer_v10,2026-08-03 14:03:00
2025-09-09,000858,0.00023025274276733398,-0.00576099893078208,0.00023025274276733398,1.0,vanilla_transformer_v10,2026-08-03 14:03:00
2025-09-09,600438,0.00015631318092346191,-0.061807774007320404,0.00015631318092346191,1.0,vanilla_transformer_v10,2026-08-03 14:03:00
2025-09-09,601318,-0.0001612827181816101,-0.002240018919110298,0.0001612827181816101,0.0,vanilla_transformer_v10,2026-08-03 14:03:00
2025-09-09,300750,-0.00018747150897979736,-0.012449380941689014,0.00018747150897979736,0.0,vanilla_transformer_v10,2026-08-03 14:03:00
2025-09-09,600519,-0.0004300922155380249,0.0112385218963027,0.0004300922155380249,0.0,vanilla_transformer_v10,2026-08-03 14:03:00
2025-09-09,688012,-0.000475078821182251,0.005968428682535887,0.000475078821182251,0.0,vanilla_transformer_v10,2026-08-03 14:03:00
2025-09-09,002371,-0.0005010366439819336,0.012323942966759205,0.0005010366439819336,0.0,vanilla_transformer_v10,2026-08-03 14:03:00
2025-09-09,600584,-0.0006231442093849182,-0.00029491999885067344,0.0006231442093849182,0.0,vanilla_transformer_v10,2026-08-03 14:03:00
2025-09-09,603501,-0.0009034574031829834,-0.003716754727065563,0.0009034574031829834,0.0,vanilla_transformer_v10,2026-08-03 14:03:00
2025-09-09,300782,-0.0010014250874519348,-0.00036576890852302313,0.0010014250874519348,0.0,vanilla_transformer_v10,2026-08-03 14:03:00
2025-09-10,002465,0.004525274038314819,-0.00799073651432991,0.004525274038314819,1.0,vanilla_transformer_v10,2026-08-03 14:03:00
2025-09-10,601138,0.004149965941905975,0.09533877670764923,0.004149965941905975,1.0,vanilla_transformer_v10,2026-08-03 14:03:00
2025-09-10,300308,0.003913216292858124,0.13346289098262787,0.003913216292858124,1.0,vanilla_transformer_v10,2026-08-03 14:03:00
2025-09-10,000977,0.0029326826333999634,0.06871271878480911,0.0029326826333999634,1.0,vanilla_transformer_v10,2026-08-03 14:03:00
2025-09-10,300454,0.002764463424682617,0.06896886229515076,0.002764463424682617,1.0,vanilla_transformer_v10,2026-08-03 14:03:00
2025-09-10,688981,0.0020119473338127136,0.059497445821762085,0.0020119473338127136,1.0,vanilla_transformer_v10,2026-08-03 14:03:00
2025-09-10,601012,0.001400783658027649,0.004645973909646273,0.001400783658027649,1.0,vanilla_transformer_v10,2026-08-03 14:03:00
2025-09-10,600438,0.0013463646173477173,0.008034126833081245,0.0013463646173477173,1.0,vanilla_transformer_v10,2026-08-03 14:03:00
2025-09-10,002230,0.0011292919516563416,0.02596498839557171,0.0011292919516563416,1.0,vanilla_transformer_v10,2026-08-03 14:03:00
2025-09-10,600887,0.000806465744972229,0.010150840505957603,0.000806465744972229,1.0,vanilla_transformer_v10,2026-08-03 14:03:00
2025-09-10,300782,0.0006057769060134888,0.024810386821627617,0.0006057769060134888,1.0,vanilla_transformer_v10,2026-08-03 14:03:00
2025-09-10,000568,0.0005808398127555847,0.00628612982109189,0.0005808398127555847,1.0,vanilla_transformer_v10,2026-08-03 14:03:00
2025-09-10,600036,0.0005789622664451599,0.006933100055903196,0.0005789622664451599,1.0,vanilla_transformer_v10,2026-08-03 14:03:00
2025-09-10,603501,0.0005665943026542664,0.028490394353866577,0.0005665943026542664,1.0,vanilla_transformer_v10,2026-08-03 14:03:00
2025-09-10,601318,0.0005229786038398743,0.014084347523748875,0.0005229786038398743,1.0,vanilla_transformer_v10,2026-08-03 14:03:00
2025-09-10,002371,0.0005017146468162537,0.02478422038257122,0.0005017146468162537,1.0,vanilla_transformer_v10,2026-08-03 14:03:00
2025-09-10,688012,0.0004645884037017822,0.02969500608742237,0.0004645884037017822,1.0,vanilla_transformer_v10,2026-08-03 14:03:00
2025-09-10,600584,0.00044576823711395264,0.03883491829037666,0.00044576823711395264,1.0,vanilla_transformer_v10,2026-08-03 14:03:00
2025-09-10,000858,0.00040262937545776367,0.0035817392636090517,0.00040262937545776367,1.0,vanilla_transformer_v10,2026-08-03 14:03:00
2025-09-10,002594,0.00038055330514907837,0.01309872604906559,0.00038055330514907837,1.0,vanilla_transformer_v10,2026-08-03 14:03:00
2025-09-10,600519,-0.00014469027519226074,0.0009788356255739927,0.00014469027519226074,0.0,vanilla_transformer_v10,2026-08-03 14:03:00
2025-09-10,300750,-0.0007743909955024719,0.02037840150296688,0.0007743909955024719,0.0,vanilla_transformer_v10,2026-08-03 14:03:00
2025-09-11,300308,0.003333352506160736,-0.041488271206617355,0.003333352506160736,1.0,vanilla_transformer_v10,2026-08-03 14:03:00
2025-09-11,601138,0.002229534089565277,0.047195691615343094,0.002229534089565277,1.0,vanilla_transformer_v10,2026-08-03 14:03:00
2025-09-11,000977,0.0021756961941719055,0.0014310604892671108,0.0021756961941719055,1.0,vanilla_transformer_v10,2026-08-03 14:03:00
2025-09-11,300454,0.0019858330488204956,0.022519543766975403,0.0019858330488204956,1.0,vanilla_transformer_v10,2026-08-03 14:03:00
2025-09-11,002465,0.0014531388878822327,0.01521823275834322,0.0014531388878822327,1.0,vanilla_transformer_v10,2026-08-03 14:03:00
2025-09-11,688981,0.0013158097863197327,-0.01701001264154911,0.0013158097863197327,1.0,vanilla_transformer_v10,2026-08-03 14:03:00
2025-09-11,002230,0.0012234821915626526,-0.000384749670047313,0.0012234821915626526,1.0,vanilla_transformer_v10,2026-08-03 14:03:00
2025-09-11,601318,0.0009555667638778687,-0.017341313883662224,0.0009555667638778687,1.0,vanilla_transformer_v10,2026-08-03 14:03:00
2025-09-11,002594,0.0005997568368911743,-0.006393043324351311,0.0005997568368911743,1.0,vanilla_transformer_v10,2026-08-03 14:03:00
2025-09-11,600584,0.00045809149742126465,-0.004478733520954847,0.00045809149742126465,1.0,vanilla_transformer_v10,2026-08-03 14:03:00
2025-09-11,600036,0.00030591338872909546,-0.01770411804318428,0.00030591338872909546,1.0,vanilla_transformer_v10,2026-08-03 14:03:00
2025-09-11,603501,0.0002330988645553589,0.007372958119958639,0.0002330988645553589,1.0,vanilla_transformer_v10,2026-08-03 14:03:00
2025-09-11,601012,0.0001525580883026123,-0.009313633665442467,0.0001525580883026123,1.0,vanilla_transformer_v10,2026-08-03 14:03:00
2025-09-11,600438,8.336454629898071e-05,-0.0094202421605587,8.336454629898071e-05,1.0,vanilla_transformer_v10,2026-08-03 14:03:00
2025-09-11,000858,7.83577561378479e-05,-0.01040188129991293,7.83577561378479e-05,1.0,vanilla_transformer_v10,2026-08-03 14:03:00
2025-09-11,300782,7.683783769607544e-05,0.0008798944763839245,7.683783769607544e-05,1.0,vanilla_transformer_v10,2026-08-03 14:03:00
2025-09-11,002371,1.138448715209961e-05,-0.001059182919561863,1.138448715209961e-05,1.0,vanilla_transformer_v10,2026-08-03 14:03:00
2025-09-11,688012,-8.159875869750977e-05,-0.0013628782471641898,8.159875869750977e-05,0.0,vanilla_transformer_v10,2026-08-03 14:03:00
2025-09-11,000568,-9.495764970779419e-05,-0.010448371060192585,9.495764970779419e-05,0.0,vanilla_transformer_v10,2026-08-03 14:03:00
2025-09-11,600887,-0.0001688152551651001,-0.016502082347869873,0.0001688152551651001,0.0,vanilla_transformer_v10,2026-08-03 14:03:00
2025-09-11,300750,-0.0004267394542694092,0.007578170858323574,0.0004267394542694092,0.0,vanilla_transformer_v10,2026-08-03 14:03:00
2025-09-11,600519,-0.0008312836289405823,-0.004935127682983875,0.0008312836289405823,0.0,vanilla_transformer_v10,2026-08-03 14:03:00
2025-09-12,601138,0.0036966055631637573,-0.03285801783204079,0.0036966055631637573,1.0,vanilla_transformer_v10,2026-08-03 14:03:00
2025-09-12,002465,0.0027271434664726257,-0.02327333576977253,0.0027271434664726257,1.0,vanilla_transformer_v10,2026-08-03 14:03:00
2025-09-12,300308,0.0025230273604393005,-0.03390403091907501,0.0025230273604393005,1.0,vanilla_transformer_v10,2026-08-03 14:03:00
2025-09-12,300454,0.0023408904671669006,0.038367051631212234,0.0023408904671669006,1.0,vanilla_transformer_v10,2026-08-03 14:03:00
2025-09-12,601318,0.001845531165599823,-0.006093107629567385,0.001845531165599823,1.0,vanilla_transformer_v10,2026-08-03 14:03:00
2025-09-12,000977,0.0018037259578704834,-0.004861488472670317,0.0018037259578704834,1.0,vanilla_transformer_v10,2026-08-03 14:03:00
2025-09-12,600036,0.0014015138149261475,-0.007535438984632492,0.0014015138149261475,1.0,vanilla_transformer_v10,2026-08-03 14:03:00
2025-09-12,002230,0.0011975392699241638,0.0025195563212037086,0.0011975392699241638,1.0,vanilla_transformer_v10,2026-08-03 14:03:00
2025-09-12,600887,0.0010149478912353516,-0.0007062516524456441,0.0010149478912353516,1.0,vanilla_transformer_v10,2026-08-03 14:03:00
2025-09-12,688981,0.0010110363364219666,0.0022111672442406416,0.0010110363364219666,1.0,vanilla_transformer_v10,2026-08-03 14:03:00
2025-09-12,002594,0.0007719248533248901,0.02600238285958767,0.0007719248533248901,1.0,vanilla_transformer_v10,2026-08-03 14:03:00
2025-09-12,601012,0.0006575211882591248,0.0023365532979369164,0.0006575211882591248,1.0,vanilla_transformer_v10,2026-08-03 14:03:00
2025-09-12,600438,0.0005701035261154175,-0.003146262839436531,0.0005701035261154175,1.0,vanilla_transformer_v10,2026-08-03 14:03:00
2025-09-12,000568,0.0005560070276260376,0.0007185221184045076,0.0005560070276260376,1.0,vanilla_transformer_v10,2026-08-03 14:03:00
2025-09-12,000858,0.0005447790026664734,-0.0042522442527115345,0.0005447790026664734,1.0,vanilla_transformer_v10,2026-08-03 14:03:00
2025-09-12,300782,0.00046872347593307495,0.0053577483631670475,0.00046872347593307495,1.0,vanilla_transformer_v10,2026-08-03 14:03:00
2025-09-12,600584,0.00045084208250045776,-0.0015687396517023444,0.00045084208250045776,1.0,vanilla_transformer_v10,2026-08-03 14:03:00
2025-09-12,603501,0.00033986568450927734,0.01864546351134777,0.00033986568450927734,1.0,vanilla_transformer_v10,2026-08-03 14:03:00
2025-09-12,688012,7.510185241699219e-05,0.016834551468491554,7.510185241699219e-05,1.0,vanilla_transformer_v10,2026-08-03 14:03:00
2025-09-12,002371,-0.0006070509552955627,0.007818852551281452,0.0006070509552955627,0.0,vanilla_transformer_v10,2026-08-03 14:03:00
2025-09-12,600519,-0.0012033358216285706,-0.0005938553367741406,0.0012033358216285706,0.0,vanilla_transformer_v10,2026-08-03 14:03:00
2025-09-12,300750,-0.00123625248670578,0.08744272589683533,0.00123625248670578,0.0,vanilla_transformer_v10,2026-08-03 14:03:00
2025-09-15,300308,0.002145051956176758,0.008297603577375412,0.002145051956176758,1.0,vanilla_transformer_v10,2026-08-03 14:03:00
2025-09-15,000977,0.0016996264457702637,0.02784888632595539,0.0016996264457702637,1.0,vanilla_transformer_v10,2026-08-03 14:03:00
2025-09-15,002594,0.0015944764018058777,-0.008298072963953018,0.0015944764018058777,1.0,vanilla_transformer_v10,2026-08-03 14:03:00
2025-09-15,600036,0.0012756064534187317,-0.011190884746611118,0.0012756064534187317,1.0,vanilla_transformer_v10,2026-08-03 14:03:00
2025-09-15,601318,0.0011406317353248596,-0.012470622546970844,0.0011406317353248596,1.0,vanilla_transformer_v10,2026-08-03 14:03:00
2025-09-15,601012,0.0010619834065437317,-0.006431271322071552,0.0010619834065437317,1.0,vanilla_transformer_v10,2026-08-03 14:03:00
2025-09-15,300454,0.0010618194937705994,-0.029613366350531578,0.0010618194937705994,1.0,vanilla_transformer_v10,2026-08-03 14:03:00
2025-09-15,601138,0.0009885281324386597,-0.002822867128998041,0.0009885281324386597,1.0,vanilla_transformer_v10,2026-08-03 14:03:00
2025-09-15,688981,0.0009779706597328186,0.01025462243705988,0.0009779706597328186,1.0,vanilla_transformer_v10,2026-08-03 14:03:00
2025-09-15,002465,0.0009485334157943726,-0.005131900776177645,0.0009485334157943726,1.0,vanilla_transformer_v10,2026-08-03 14:03:00
2025-09-15,600438,0.0007814690470695496,0.01034126989543438,0.0007814690470695496,1.0,vanilla_transformer_v10,2026-08-03 14:03:00
2025-09-15,600887,0.0007226094603538513,-0.0053303842432796955,0.0007226094603538513,1.0,vanilla_transformer_v10,2026-08-03 14:03:00
2025-09-15,002230,0.0007199347019195557,0.012896479107439518,0.0007199347019195557,1.0,vanilla_transformer_v10,2026-08-03 14:03:00
2025-09-15,300782,0.00038967281579971313,-0.004098706413060427,0.00038967281579971313,1.0,vanilla_transformer_v10,2026-08-03 14:03:00
2025-09-15,300750,0.0003258809447288513,-0.003619460854679346,0.0003258809447288513,1.0,vanilla_transformer_v10,2026-08-03 14:03:00
2025-09-15,000858,0.00026763230562210083,-0.006733470130711794,0.00026763230562210083,1.0,vanilla_transformer_v10,2026-08-03 14:03:00
2025-09-15,000568,0.0001801997423171997,-0.004683394450694323,0.0001801997423171997,1.0,vanilla_transformer_v10,2026-08-03 14:03:00
2025-09-15,600584,4.65884804725647e-05,0.022997627034783363,4.65884804725647e-05,1.0,vanilla_transformer_v10,2026-08-03 14:03:00
2025-09-15,603501,-0.00023168325424194336,0.018510838970541954,0.00023168325424194336,0.0,vanilla_transformer_v10,2026-08-03 14:03:00
2025-09-15,688012,-0.0004682987928390503,-0.005146166775375605,0.0004682987928390503,0.0,vanilla_transformer_v10,2026-08-03 14:03:00
2025-09-15,600519,-0.0010330453515052795,-0.010029502213001251,0.0010330453515052795,0.0,vanilla_transformer_v10,2026-08-03 14:03:00
2025-09-15,002371,-0.0011079460382461548,-0.005648323800414801,0.0011079460382461548,0.0,vanilla_transformer_v10,2026-08-03 14:03:00
2025-09-16,300308,0.003686286509037018,-0.012767497450113297,0.003686286509037018,1.0,vanilla_transformer_v10,2026-08-03 14:03:00
2025-09-16,600036,0.0020570605993270874,0.0002197753929067403,0.0020570605993270874,1.0,vanilla_transformer_v10,2026-08-03 14:03:00
2025-09-16,601318,0.0018909350037574768,-0.0009172208956442773,0.0018909350037574768,1.0,vanilla_transformer_v10,2026-08-03 14:03:00
2025-09-16,000977,0.0016906261444091797,-0.00734882615506649,0.0016906261444091797,1.0,vanilla_transformer_v10,2026-08-03 14:03:00
2025-09-16,601012,0.0013900771737098694,0.014551829546689987,0.0013900771737098694,1.0,vanilla_transformer_v10,2026-08-03 14:03:00
2025-09-16,601138,0.001363910734653473,0.023053763434290886,0.001363910734653473,1.0,vanilla_transformer_v10,2026-08-03 14:03:00
2025-09-16,600887,0.0011872053146362305,0.0,0.0011872053146362305,1.0,vanilla_transformer_v10,2026-08-03 14:03:00
2025-09-16,002230,0.0010464191436767578,0.0024810603354126215,0.0010464191436767578,1.0,vanilla_transformer_v10,2026-08-03 14:03:00
2025-09-16,600438,0.0007902756333351135,0.026460377499461174,0.0007902756333351135,1.0,vanilla_transformer_v10,2026-08-03 14:03:00
2025-09-16,688981,0.0007527470588684082,0.06702335923910141,0.0007527470588684082,1.0,vanilla_transformer_v10,2026-08-03 14:03:00
2025-09-16,002465,0.0007429346442222595,-0.012008425779640675,0.0007429346442222595,1.0,vanilla_transformer_v10,2026-08-03 14:03:00
2025-09-16,002594,0.0006432607769966125,0.029161660000681877,0.0006432607769966125,1.0,vanilla_transformer_v10,2026-08-03 14:03:00
2025-09-16,000858,0.0005732029676437378,0.0012694693868979812,0.0005732029676437378,1.0,vanilla_transformer_v10,2026-08-03 14:03:00
2025-09-16,300454,0.0005555823445320129,-0.004817319102585316,0.0005555823445320129,1.0,vanilla_transformer_v10,2026-08-03 14:03:00
2025-09-16,000568,0.00046759843826293945,-0.010530204512178898,0.00046759843826293945,1.0,vanilla_transformer_v10,2026-08-03 14:03:00
2025-09-16,600584,0.0002982914447784424,0.0018115947023034096,0.0002982914447784424,1.0,vanilla_transformer_v10,2026-08-03 14:03:00
2025-09-16,300782,-5.780160427093506e-05,0.0011151843937113881,5.780160427093506e-05,0.0,vanilla_transformer_v10,2026-08-03 14:03:00
2025-09-16,603501,-0.00012130290269851685,0.012731177732348442,0.00012130290269851685,0.0,vanilla_transformer_v10,2026-08-03 14:03:00
2025-09-16,600519,-0.0004467219114303589,-0.004664406646043062,0.0004467219114303589,0.0,vanilla_transformer_v10,2026-08-03 14:03:00
2025-09-16,688012,-0.0004783645272254944,0.05985328182578087,0.0004783645272254944,0.0,vanilla_transformer_v10,2026-08-03 14:03:00
2025-09-16,002371,-0.0005999132990837097,0.0300579946488142,0.0005999132990837097,0.0,vanilla_transformer_v10,2026-08-03 14:03:00
2025-09-16,300750,-0.0014939308166503906,0.06485813856124878,0.0014939308166503906,0.0,vanilla_transformer_v10,2026-08-03 14:03:00
2025-09-17,300308,0.003385387361049652,0.007845396175980568,0.003385387361049652,1.0,vanilla_transformer_v10,2026-08-03 14:03:00
2025-09-17,601138,0.00268477201461792,0.05167996138334274,0.00268477201461792,1.0,vanilla_transformer_v10,2026-08-03 14:03:00
2025-09-17,601012,0.0013189762830734253,-0.02814241126179695,0.0013189762830734253,1.0,vanilla_transformer_v10,2026-08-03 14:03:00
2025-09-17,601318,0.001138843595981598,-0.02303219959139824,0.001138843595981598,1.0,vanilla_transformer_v10,2026-08-03 14:03:00
2025-09-17,600438,0.0011353939771652222,-0.039506345987319946,0.0011353939771652222,1.0,vanilla_transformer_v10,2026-08-03 14:03:00
2025-09-17,002594,0.0011243969202041626,-0.011620679870247841,0.0011243969202041626,1.0,vanilla_transformer_v10,2026-08-03 14:03:00
2025-09-17,300454,0.0010833963751792908,-0.003936367109417915,0.0010833963751792908,1.0,vanilla_transformer_v10,2026-08-03 14:03:00
2025-09-17,002465,0.0009418055415153503,-0.0196672473102808,0.0009418055415153503,1.0,vanilla_transformer_v10,2026-08-03 14:03:00
2025-09-17,600036,0.00093107670545578,-0.02248983643949032,0.00093107670545578,1.0,vanilla_transformer_v10,2026-08-03 14:03:00
2025-09-17,688981,0.0009111315011978149,0.03974807262420654,0.0009111315011978149,1.0,vanilla_transformer_v10,2026-08-03 14:03:00
2025-09-17,000977,0.0008154585957527161,0.007196908351033926,0.0008154585957527161,1.0,vanilla_transformer_v10,2026-08-03 14:03:00
2025-09-17,000568,0.0006212592124938965,-0.024381078779697418,0.0006212592124938965,1.0,vanilla_transformer_v10,2026-08-03 14:03:00
2025-09-17,002230,0.000567510724067688,0.0034380625002086163,0.000567510724067688,1.0,vanilla_transformer_v10,2026-08-03 14:03:00
2025-09-17,600887,0.0002841651439666748,-0.011460546404123306,0.0002841651439666748,1.0,vanilla_transformer_v10,2026-08-03 14:03:00
2025-09-17,000858,9.509921073913574e-05,-0.016167201101779938,9.509921073913574e-05,1.0,vanilla_transformer_v10,2026-08-03 14:03:00
2025-09-17,300750,-1.6391277313232422e-07,-0.027449244633316994,1.6391277313232422e-07,0.0,vanilla_transformer_v10,2026-08-03 14:03:00
2025-09-17,002371,-2.8684735298156738e-05,0.045951105654239655,2.8684735298156738e-05,0.0,vanilla_transformer_v10,2026-08-03 14:03:00
2025-09-17,688012,-8.84905457496643e-05,0.10827644914388657,8.84905457496643e-05,0.0,vanilla_transformer_v10,2026-08-03 14:03:00
2025-09-17,600519,-0.0005355402827262878,-0.016914043575525284,0.0005355402827262878,0.0,vanilla_transformer_v10,2026-08-03 14:03:00
2025-09-17,300782,-0.0006115883588790894,-0.01368134468793869,0.0006115883588790894,0.0,vanilla_transformer_v10,2026-08-03 14:03:00
2025-09-17,600584,-0.0007124170660972595,0.009284988977015018,0.0007124170660972595,0.0,vanilla_transformer_v10,2026-08-03 14:03:00
2025-09-17,603501,-0.0010544583201408386,0.008988253772258759,0.0010544583201408386,0.0,vanilla_transformer_v10,2026-08-03 14:03:00
2025-09-18,300308,0.00489412248134613,0.029128823429346085,0.00489412248134613,1.0,vanilla_transformer_v10,2026-08-03 14:03:00
2025-09-18,601138,0.0035263150930404663,0.02666134387254715,0.0035263150930404663,1.0,vanilla_transformer_v10,2026-08-03 14:03:00
2025-09-18,600036,0.0021255314350128174,0.0041268616914749146,0.0021255314350128174,1.0,vanilla_transformer_v10,2026-08-03 14:03:00
2025-09-18,002465,0.0019469484686851501,0.00846118200570345,0.0019469484686851501,1.0,vanilla_transformer_v10,2026-08-03 14:03:00
2025-09-18,601318,0.0017429515719413757,-0.0032919906079769135,0.0017429515719413757,1.0,vanilla_transformer_v10,2026-08-03 14:03:00
2025-09-18,000568,0.0016957297921180725,0.008563345298171043,0.0016957297921180725,1.0,vanilla_transformer_v10,2026-08-03 14:03:00
2025-09-18,300454,0.0016019269824028015,-0.015568383038043976,0.0016019269824028015,1.0,vanilla_transformer_v10,2026-08-03 14:03:00
2025-09-18,000977,0.0014899969100952148,-0.01849263720214367,0.0014899969100952148,1.0,vanilla_transformer_v10,2026-08-03 14:03:00
2025-09-18,002230,0.0014136731624603271,0.0041768248192965984,0.0014136731624603271,1.0,vanilla_transformer_v10,2026-08-03 14:03:00
2025-09-18,601012,0.0013469010591506958,0.0047507453709840775,0.0013469010591506958,1.0,vanilla_transformer_v10,2026-08-03 14:03:00
2025-09-18,688981,0.0012971684336662292,-0.006653275340795517,0.0012971684336662292,1.0,vanilla_transformer_v10,2026-08-03 14:03:00
2025-09-18,600887,0.0011351630091667175,-0.0021621629130095243,0.0011351630091667175,1.0,vanilla_transformer_v10,2026-08-03 14:03:00
2025-09-18,600438,0.0009325593709945679,-0.012304035946726799,0.0009325593709945679,1.0,vanilla_transformer_v10,2026-08-03 14:03:00
2025-09-18,000858,0.000905551016330719,0.0011281275656074286,0.000905551016330719,1.0,vanilla_transformer_v10,2026-08-03 14:03:00
2025-09-18,600584,0.0008412152528762817,-0.010329739190638065,0.0008412152528762817,1.0,vanilla_transformer_v10,2026-08-03 14:03:00
2025-09-18,002594,0.0008235052227973938,-0.005657682660967112,0.0008235052227973938,1.0,vanilla_transformer_v10,2026-08-03 14:03:00
2025-09-18,688012,0.0007789954543113708,0.003255607094615698,0.0007789954543113708,1.0,vanilla_transformer_v10,2026-08-03 14:03:00
2025-09-18,002371,0.00021832436323165894,-0.014081479981541634,0.00021832436323165894,1.0,vanilla_transformer_v10,2026-08-03 14:03:00
2025-09-18,300782,0.00011668354272842407,-0.004433314781636,0.00011668354272842407,1.0,vanilla_transformer_v10,2026-08-03 14:03:00
2025-09-18,600519,0.00011610239744186401,7.397954504995141e-06,0.00011610239744186401,1.0,vanilla_transformer_v10,2026-08-03 14:03:00
2025-09-18,603501,6.140768527984619e-05,-0.012207058258354664,6.140768527984619e-05,1.0,vanilla_transformer_v10,2026-08-03 14:03:00
2025-09-18,300750,-0.0007354766130447388,0.004349526949226856,0.0007354766130447388,0.0,vanilla_transformer_v10,2026-08-03 14:03:00
2025-09-19,300308,0.004500783979892731,-0.0083379615098238,0.004500783979892731,1.0,vanilla_transformer_v10,2026-08-03 14:03:00
2025-09-19,601138,0.0025650858879089355,0.06441878527402878,0.0025650858879089355,1.0,vanilla_transformer_v10,2026-08-03 14:03:00
2025-09-19,600036,0.002399139106273651,-0.0019267397001385689,0.002399139106273651,1.0,vanilla_transformer_v10,2026-08-03 14:03:00
2025-09-19,300454,0.0016503185033798218,0.01095628459006548,0.0016503185033798218,1.0,vanilla_transformer_v10,2026-08-03 14:03:00
2025-09-19,002465,0.0016295090317726135,0.005252113100141287,0.0016295090317726135,1.0,vanilla_transformer_v10,2026-08-03 14:03:00
2025-09-19,000568,0.0013099312782287598,-0.00946099404245615,0.0013099312782287598,1.0,vanilla_transformer_v10,2026-08-03 14:03:00
2025-09-19,002230,0.0011470168828964233,0.007543549407273531,0.0011470168828964233,1.0,vanilla_transformer_v10,2026-08-03 14:03:00
2025-09-19,601012,0.0007079765200614929,-0.017917612567543983,0.0007079765200614929,1.0,vanilla_transformer_v10,2026-08-03 14:03:00
2025-09-19,600887,0.0006917640566825867,-0.005432652309536934,0.0006917640566825867,1.0,vanilla_transformer_v10,2026-08-03 14:03:00
2025-09-19,000977,0.0006655752658843994,0.03270295262336731,0.0006655752658843994,1.0,vanilla_transformer_v10,2026-08-03 14:03:00
2025-09-19,000858,0.0006150975823402405,-0.012814388610422611,0.0006150975823402405,1.0,vanilla_transformer_v10,2026-08-03 14:03:00
2025-09-19,688981,0.000466860830783844,0.06059553474187851,0.000466860830783844,1.0,vanilla_transformer_v10,2026-08-03 14:03:00
2025-09-19,601318,0.0003751516342163086,0.0009416750981472433,0.0003751516342163086,1.0,vanilla_transformer_v10,2026-08-03 14:03:00
2025-09-19,600438,-6.766617298126221e-05,-0.02549784630537033,6.766617298126221e-05,0.0,vanilla_transformer_v10,2026-08-03 14:03:00
2025-09-19,600519,-0.00013090670108795166,-0.010009386576712132,0.00013090670108795166,0.0,vanilla_transformer_v10,2026-08-03 14:03:00
2025-09-19,600584,-0.0006202235817909241,0.02375735715031624,0.0006202235817909241,0.0,vanilla_transformer_v10,2026-08-03 14:03:00
2025-09-19,300782,-0.0008089765906333923,0.012860062532126904,0.0008089765906333923,0.0,vanilla_transformer_v10,2026-08-03 14:03:00
2025-09-19,002594,-0.0011905878782272339,-0.010118228383362293,0.0011905878782272339,0.0,vanilla_transformer_v10,2026-08-03 14:03:00
2025-09-19,300750,-0.0013245567679405212,0.004232153762131929,0.0013245567679405212,0.0,vanilla_transformer_v10,2026-08-03 14:03:00
2025-09-19,603501,-0.001326337456703186,0.026412341743707657,0.001326337456703186,0.0,vanilla_transformer_v10,2026-08-03 14:03:00
2025-09-19,688012,-0.0019802451133728027,0.010168984532356262,0.0019802451133728027,0.0,vanilla_transformer_v10,2026-08-03 14:03:00
2025-09-19,002371,-0.0021681487560272217,0.02626892551779747,0.0021681487560272217,0.0,vanilla_transformer_v10,2026-08-03 14:03:00
2025-09-22,300308,0.004253886640071869,0.038230109959840775,0.004253886640071869,1.0,vanilla_transformer_v10,2026-08-03 14:03:00
2025-09-22,601138,0.0028950348496437073,0.005254998337477446,0.0028950348496437073,1.0,vanilla_transformer_v10,2026-08-03 14:03:00
2025-09-22,000977,0.0017965883016586304,0.009896643459796906,0.0017965883016586304,1.0,vanilla_transformer_v10,2026-08-03 14:03:00
2025-09-22,300454,0.0015872791409492493,-0.044391728937625885,0.0015872791409492493,1.0,vanilla_transformer_v10,2026-08-03 14:03:00
2025-09-22,600036,0.0013517290353775024,0.015266792848706245,0.0013517290353775024,1.0,vanilla_transformer_v10,2026-08-03 14:03:00
2025-09-22,002230,0.0011074542999267578,-0.02956969663500786,0.0011074542999267578,1.0,vanilla_transformer_v10,2026-08-03 14:03:00
2025-09-22,601012,0.001042000949382782,-0.01883561909198761,0.001042000949382782,1.0,vanilla_transformer_v10,2026-08-03 14:03:00
2025-09-22,688981,0.0009307339787483215,-0.0031853346154093742,0.0009307339787483215,1.0,vanilla_transformer_v10,2026-08-03 14:03:00
2025-09-22,000568,0.000859580934047699,-0.007288552355021238,0.000859580934047699,1.0,vanilla_transformer_v10,2026-08-03 14:03:00
2025-09-22,002465,0.0007396489381790161,0.0030336338095366955,0.0007396489381790161,1.0,vanilla_transformer_v10,2026-08-03 14:03:00
2025-09-22,600438,0.0006510913372039795,-0.024242043495178223,0.0006510913372039795,1.0,vanilla_transformer_v10,2026-08-03 14:03:00
2025-09-22,601318,0.0003973916172981262,-0.002355852397158742,0.0003973916172981262,1.0,vanilla_transformer_v10,2026-08-03 14:03:00
2025-09-22,000858,0.0003016814589500427,-0.0025357529520988464,0.0003016814589500427,1.0,vanilla_transformer_v10,2026-08-03 14:03:00
2025-09-22,600887,0.0003013238310813904,-0.006186002865433693,0.0003013238310813904,1.0,vanilla_transformer_v10,2026-08-03 14:03:00
2025-09-22,002594,6.156414747238159e-05,-0.022380676120519638,6.156414747238159e-05,1.0,vanilla_transformer_v10,2026-08-03 14:03:00
2025-09-22,600584,-0.00011577457189559937,-0.011635997332632542,0.00011577457189559937,0.0,vanilla_transformer_v10,2026-08-03 14:03:00
2025-09-22,600519,-0.0003357827663421631,-0.004088247194886208,0.0003357827663421631,0.0,vanilla_transformer_v10,2026-08-03 14:03:00
2025-09-22,300750,-0.0005638673901557922,-0.005151486024260521,0.0005638673901557922,0.0,vanilla_transformer_v10,2026-08-03 14:03:00
2025-09-22,603501,-0.0006538182497024536,-0.022887524217367172,0.0006538182497024536,0.0,vanilla_transformer_v10,2026-08-03 14:03:00
2025-09-22,300782,-0.0008787810802459717,0.0034982129000127316,0.0008787810802459717,0.0,vanilla_transformer_v10,2026-08-03 14:03:00
2025-09-22,002371,-0.000933334231376648,0.014673413708806038,0.000933334231376648,0.0,vanilla_transformer_v10,2026-08-03 14:03:00
2025-09-22,688012,-0.0015804097056388855,0.08728914707899094,0.0015804097056388855,0.0,vanilla_transformer_v10,2026-08-03 14:03:00
2025-09-23,300308,0.004548273980617523,-0.02515760250389576,0.004548273980617523,1.0,vanilla_transformer_v10,2026-08-03 14:03:00
2025-09-23,601138,0.0022025927901268005,-0.032075367867946625,0.0022025927901268005,1.0,vanilla_transformer_v10,2026-08-03 14:03:00
2025-09-23,300454,0.00215313583612442,0.04091864079236984,0.00215313583612442,1.0,vanilla_transformer_v10,2026-08-03 14:03:00
2025-09-23,600036,0.0018130317330360413,-0.005536744836717844,0.0018130317330360413,1.0,vanilla_transformer_v10,2026-08-03 14:03:00
2025-09-23,000977,0.0010633841156959534,0.029057875275611877,0.0010633841156959534,1.0,vanilla_transformer_v10,2026-08-03 14:03:00
2025-09-23,002230,0.0010441318154335022,0.06375526636838913,0.0010441318154335022,1.0,vanilla_transformer_v10,2026-08-03 14:03:00
2025-09-23,002465,0.0008641406893730164,0.00821765698492527,0.0008641406893730164,1.0,vanilla_transformer_v10,2026-08-03 14:03:00
2025-09-23,600438,0.0007349029183387756,0.04561857506632805,0.0007349029183387756,1.0,vanilla_transformer_v10,2026-08-03 14:03:00
2025-09-23,000568,0.0006855428218841553,-0.005293112713843584,0.0006855428218841553,1.0,vanilla_transformer_v10,2026-08-03 14:03:00
2025-09-23,601012,0.00045802444219589233,0.06593015789985657,0.00045802444219589233,1.0,vanilla_transformer_v10,2026-08-03 14:03:00
2025-09-23,600887,0.000311829149723053,0.0010920539498329163,0.000311829149723053,1.0,vanilla_transformer_v10,2026-08-03 14:03:00
2025-09-23,000858,9.398162364959717e-05,0.0014743899228051305,9.398162364959717e-05,1.0,vanilla_transformer_v10,2026-08-03 14:03:00
2025-09-23,002594,-1.944601535797119e-06,0.0010214198846369982,1.944601535797119e-06,0.0,vanilla_transformer_v10,2026-08-03 14:03:00
2025-09-23,688981,-0.00010485202074050903,0.049119897186756134,0.00010485202074050903,0.0,vanilla_transformer_v10,2026-08-03 14:03:00
2025-09-23,601318,-0.00026117265224456787,0.00488221924751997,0.00026117265224456787,0.0,vanilla_transformer_v10,2026-08-03 14:03:00
2025-09-23,600519,-0.0003884509205818176,-0.003751944052055478,0.0003884509205818176,0.0,vanilla_transformer_v10,2026-08-03 14:03:00
2025-09-23,300750,-0.0005630403757095337,0.0314921960234642,0.0005630403757095337,0.0,vanilla_transformer_v10,2026-08-03 14:03:00
2025-09-23,600584,-0.0007525831460952759,0.04975683242082596,0.0007525831460952759,0.0,vanilla_transformer_v10,2026-08-03 14:03:00
2025-09-23,300782,-0.0008854195475578308,0.02907780557870865,0.0008854195475578308,0.0,vanilla_transformer_v10,2026-08-03 14:03:00
2025-09-23,603501,-0.0011028125882148743,0.03841624781489372,0.0011028125882148743,0.0,vanilla_transformer_v10,2026-08-03 14:03:00
2025-09-23,688012,-0.0012549236416816711,0.0367925725877285,0.0012549236416816711,0.0,vanilla_transformer_v10,2026-08-03 14:03:00
2025-09-23,002371,-0.0017345249652862549,0.0953105166554451,0.0017345249652862549,0.0,vanilla_transformer_v10,2026-08-03 14:03:00
2025-09-24,300308,0.003077082335948944,0.025870265439152718,0.003077082335948944,1.0,vanilla_transformer_v10,2026-08-03 14:03:00
2025-09-24,002230,0.002656809985637665,0.02014433778822422,0.002656809985637665,1.0,vanilla_transformer_v10,2026-08-03 14:03:00
2025-09-24,601012,0.0016327202320098877,0.020474201068282127,0.0016327202320098877,1.0,vanilla_transformer_v10,2026-08-03 14:03:00
2025-09-24,601138,0.0016311630606651306,-0.002586367540061474,0.0016311630606651306,1.0,vanilla_transformer_v10,2026-08-03 14:03:00
2025-09-24,300454,0.0012978389859199524,0.02825831063091755,0.0012978389859199524,1.0,vanilla_transformer_v10,2026-08-03 14:03:00
2025-09-24,000977,0.0011319592595100403,0.09523945301771164,0.0011319592595100403,1.0,vanilla_transformer_v10,2026-08-03 14:03:00
2025-09-24,600584,0.0009093806147575378,0.03855032101273537,0.0009093806147575378,1.0,vanilla_transformer_v10,2026-08-03 14:03:00
2025-09-24,688981,0.0005931779742240906,-0.0064662606455385685,0.0005931779742240906,1.0,vanilla_transformer_v10,2026-08-03 14:03:00
2025-09-24,600438,0.0005553439259529114,0.010539953596889973,0.0005553439259529114,1.0,vanilla_transformer_v10,2026-08-03 14:03:00
2025-09-24,000568,0.0002758130431175232,-0.018748357892036438,0.0002758130431175232,1.0,vanilla_transformer_v10,2026-08-03 14:03:00
2025-09-24,600036,0.00021798908710479736,-0.012199905700981617,0.00021798908710479736,1.0,vanilla_transformer_v10,2026-08-03 14:03:00
2025-09-24,601318,0.00015745311975479126,-0.0036447045858949423,0.00015745311975479126,1.0,vanilla_transformer_v10,2026-08-03 14:03:00
2025-09-24,300750,2.793222665786743e-05,0.03343891352415085,2.793222665786743e-05,1.0,vanilla_transformer_v10,2026-08-03 14:03:00
2025-09-24,002465,-4.652887582778931e-05,-0.006756431423127651,4.652887582778931e-05,0.0,vanilla_transformer_v10,2026-08-03 14:03:00
2025-09-24,600887,-0.00035816431045532227,-0.01618320867419243,0.00035816431045532227,0.0,vanilla_transformer_v10,2026-08-03 14:03:00
2025-09-24,002594,-0.00039001554250717163,0.016793105751276016,0.00039001554250717163,0.0,vanilla_transformer_v10,2026-08-03 14:03:00
2025-09-24,603501,-0.00040999799966812134,0.013791977427899837,0.00040999799966812134,0.0,vanilla_transformer_v10,2026-08-03 14:03:00
2025-09-24,000858,-0.0004945769906044006,-0.0069698067381978035,0.0004945769906044006,0.0,vanilla_transformer_v10,2026-08-03 14:03:00
2025-09-24,600519,-0.0007493495941162109,-0.0020826507825404406,0.0007493495941162109,0.0,vanilla_transformer_v10,2026-08-03 14:03:00
2025-09-24,300782,-0.0009126290678977966,-0.0029348237439990044,0.0009126290678977966,0.0,vanilla_transformer_v10,2026-08-03 14:03:00
2025-09-24,002371,-0.0009342432022094727,-0.015376761555671692,0.0009342432022094727,0.0,vanilla_transformer_v10,2026-08-03 14:03:00
2025-09-24,688012,-0.0009394437074661255,-0.008631563745439053,0.0009394437074661255,0.0,vanilla_transformer_v10,2026-08-03 14:03:00
2025-09-25,300308,0.0043716952204704285,-0.049282338470220566,0.0043716952204704285,1.0,vanilla_transformer_v10,2026-08-03 14:03:00
2025-09-25,002230,0.002068556845188141,-0.03570953384041786,0.002068556845188141,1.0,vanilla_transformer_v10,2026-08-03 14:03:00
2025-09-25,601012,0.002027563750743866,-0.014751183800399303,0.002027563750743866,1.0,vanilla_transformer_v10,2026-08-03 14:03:00
2025-09-25,601138,0.0020151063799858093,-0.05383431166410446,0.0020151063799858093,1.0,vanilla_transformer_v10,2026-08-03 14:03:00
2025-09-25,000977,0.001952245831489563,-0.0548635795712471,0.001952245831489563,1.0,vanilla_transformer_v10,2026-08-03 14:03:00
2025-09-25,300454,0.0019106566905975342,-0.04244057834148407,0.0019106566905975342,1.0,vanilla_transformer_v10,2026-08-03 14:03:00
2025-09-25,600584,0.0014416202902793884,-0.034758228808641434,0.0014416202902793884,1.0,vanilla_transformer_v10,2026-08-03 14:03:00
2025-09-25,600887,0.0011343583464622498,0.010697426274418831,0.0011343583464622498,1.0,vanilla_transformer_v10,2026-08-03 14:03:00
2025-09-25,300750,0.000987611711025238,-0.032205648720264435,0.000987611711025238,1.0,vanilla_transformer_v10,2026-08-03 14:03:00
2025-09-25,000568,0.0008714869618415833,-0.014628174714744091,0.0008714869618415833,1.0,vanilla_transformer_v10,2026-08-03 14:03:00
2025-09-25,600036,0.0008383169770240784,-0.0004947044071741402,0.0008383169770240784,1.0,vanilla_transformer_v10,2026-08-03 14:03:00
2025-09-25,600438,0.0006549879908561707,-0.010539953596889973,0.0006549879908561707,1.0,vanilla_transformer_v10,2026-08-03 14:03:00
2025-09-25,002594,0.0002734065055847168,-0.001950643490999937,0.0002734065055847168,1.0,vanilla_transformer_v10,2026-08-03 14:03:00
2025-09-25,601318,0.0002703666687011719,0.0023529422469437122,0.0002703666687011719,1.0,vanilla_transformer_v10,2026-08-03 14:03:00
2025-09-25,000858,0.00011721253395080566,-0.011169944889843464,0.00011721253395080566,1.0,vanilla_transformer_v10,2026-08-03 14:03:00
2025-09-25,688981,-4.8391520977020264e-05,-0.013815070502460003,4.8391520977020264e-05,0.0,vanilla_transformer_v10,2026-08-03 14:03:00
2025-09-25,002465,-0.00022374838590621948,-0.026634421199560165,0.00022374838590621948,0.0,vanilla_transformer_v10,2026-08-03 14:03:00
2025-09-25,600519,-0.000393502414226532,-0.002783947391435504,0.000393502414226532,0.0,vanilla_transformer_v10,2026-08-03 14:03:00
2025-09-25,603501,-0.0006516799330711365,0.002417094772681594,0.0006516799330711365,0.0,vanilla_transformer_v10,2026-08-03 14:03:00
2025-09-25,002371,-0.0009585544466972351,-0.0018759776139631867,0.0009585544466972351,0.0,vanilla_transformer_v10,2026-08-03 14:03:00
2025-09-25,300782,-0.0011508539319038391,-0.001945886411704123,0.0011508539319038391,0.0,vanilla_transformer_v10,2026-08-03 14:03:00
2025-09-25,688012,-0.0013972967863082886,0.006918061058968306,0.0013972967863082886,0.0,vanilla_transformer_v10,2026-08-03 14:03:00
2025-09-26,300308,0.003914333879947662,0.007343231700360775,0.003914333879947662,1.0,vanilla_transformer_v10,2026-08-03 14:03:00
2025-09-26,601138,0.002204589545726776,0.026075590401887894,0.002204589545726776,1.0,vanilla_transformer_v10,2026-08-03 14:03:00
2025-09-26,000977,0.0019276067614555359,0.008432124741375446,0.0019276067614555359,1.0,vanilla_transformer_v10,2026-08-03 14:03:00
2025-09-26,300454,0.0019036084413528442,0.0035226070322096348,0.0019036084413528442,1.0,vanilla_transformer_v10,2026-08-03 14:03:00
2025-09-26,600036,0.0015010759234428406,-0.0029282597824931145,0.0015010759234428406,1.0,vanilla_transformer_v10,2026-08-03 14:03:00
2025-09-26,002230,0.001456528902053833,-0.004626089241355658,0.001456528902053833,1.0,vanilla_transformer_v10,2026-08-03 14:03:00
2025-09-26,000568,0.0014450624585151672,0.04205818101763725,0.0014450624585151672,1.0,vanilla_transformer_v10,2026-08-03 14:03:00
2025-09-26,600887,0.001321740448474884,-0.0025730845518410206,0.001321740448474884,1.0,vanilla_transformer_v10,2026-08-03 14:03:00
2025-09-26,000858,0.0007780641317367554,0.0144544942304492,0.0007780641317367554,1.0,vanilla_transformer_v10,2026-08-03 14:03:00
2025-09-26,002594,0.0005899965763092041,0.012231849133968353,0.0005899965763092041,1.0,vanilla_transformer_v10,2026-08-03 14:03:00
2025-09-26,002465,0.00042088329792022705,-0.010011387057602406,0.00042088329792022705,1.0,vanilla_transformer_v10,2026-08-03 14:03:00
2025-09-26,600519,5.561858415603638e-05,0.017860613763332367,5.561858415603638e-05,1.0,vanilla_transformer_v10,2026-08-03 14:03:00
2025-09-26,300750,4.8764050006866455e-05,0.04365001618862152,4.8764050006866455e-05,1.0,vanilla_transformer_v10,2026-08-03 14:03:00
2025-09-26,601012,-0.0005323439836502075,0.004566481802612543,0.0005323439836502075,0.0,vanilla_transformer_v10,2026-08-03 14:03:00
2025-09-26,600438,-0.0005746260285377502,0.006900879554450512,0.0005746260285377502,0.0,vanilla_transformer_v10,2026-08-03 14:03:00
2025-09-26,600584,-0.0009447187185287476,-0.010693885385990143,0.0009447187185287476,0.0,vanilla_transformer_v10,2026-08-03 14:03:00
2025-09-26,688981,-0.000954456627368927,0.02795664593577385,0.000954456627368927,0.0,vanilla_transformer_v10,2026-08-03 14:03:00
2025-09-26,601318,-0.00167015939950943,0.014234285801649094,0.00167015939950943,0.0,vanilla_transformer_v10,2026-08-03 14:03:00
2025-09-26,603501,-0.0018966645002365112,-0.007171615958213806,0.0018966645002365112,0.0,vanilla_transformer_v10,2026-08-03 14:03:00
2025-09-26,688012,-0.001978181302547455,0.05039767920970917,0.001978181302547455,0.0,vanilla_transformer_v10,2026-08-03 14:03:00
2025-09-26,300782,-0.0026039406657218933,-0.012623985297977924,0.0026039406657218933,0.0,vanilla_transformer_v10,2026-08-03 14:03:00
2025-09-26,002371,-0.0030080676078796387,0.013598534278571606,0.0030080676078796387,0.0,vanilla_transformer_v10,2026-08-03 14:03:00
2025-09-29,300308,0.004149943590164185,-0.031861599534749985,0.004149943590164185,1.0,vanilla_transformer_v10,2026-08-03 14:03:00
2025-09-29,601138,0.0014049336314201355,-0.008659165352582932,0.0014049336314201355,1.0,vanilla_transformer_v10,2026-08-03 14:03:00
2025-09-29,300454,0.0011749044060707092,0.05529148504137993,0.0011749044060707092,1.0,vanilla_transformer_v10,2026-08-03 14:03:00
2025-09-29,000568,0.0011266842484474182,-0.008605648763477802,0.0011266842484474182,1.0,vanilla_transformer_v10,2026-08-03 14:03:00
2025-09-29,601318,0.00107574462890625,-0.016233932226896286,0.00107574462890625,1.0,vanilla_transformer_v10,2026-08-03 14:03:00
2025-09-29,600036,0.0007859021425247192,-0.006654167547821999,0.0007859021425247192,1.0,vanilla_transformer_v10,2026-08-03 14:03:00
2025-09-29,002230,0.00040974467992782593,0.03819146752357483,0.00040974467992782593,1.0,vanilla_transformer_v10,2026-08-03 14:03:00
2025-09-29,600887,0.00038696080446243286,0.003304458223283291,0.00038696080446243286,1.0,vanilla_transformer_v10,2026-08-03 14:03:00
2025-09-29,300750,0.0002795085310935974,0.011587041430175304,0.0002795085310935974,1.0,vanilla_transformer_v10,2026-08-03 14:03:00
2025-09-29,000858,0.00023210793733596802,-0.0036169709637761116,0.00023210793733596802,1.0,vanilla_transformer_v10,2026-08-03 14:03:00
2025-09-29,000977,8.855760097503662e-05,0.024770913645625114,8.855760097503662e-05,1.0,vanilla_transformer_v10,2026-08-03 14:03:00
2025-09-29,600438,-5.2772462368011475e-05,0.01810505799949169,5.2772462368011475e-05,0.0,vanilla_transformer_v10,2026-08-03 14:03:00
2025-09-29,600519,-6.24433159828186e-05,-0.01161488238722086,6.24433159828186e-05,0.0,vanilla_transformer_v10,2026-08-03 14:03:00
2025-09-29,688981,-8.860975503921509e-05,0.029768628999590874,8.860975503921509e-05,0.0,vanilla_transformer_v10,2026-08-03 14:03:00
2025-09-29,601012,-0.0001832619309425354,0.023595543578267097,0.0001832619309425354,0.0,vanilla_transformer_v10,2026-08-03 14:03:00
2025-09-29,002465,-0.00032707303762435913,0.01843765377998352,0.00032707303762435913,0.0,vanilla_transformer_v10,2026-08-03 14:03:00
2025-09-29,002594,-0.00039639323949813843,0.005508210510015488,0.00039639323949813843,0.0,vanilla_transformer_v10,2026-08-03 14:03:00
2025-09-29,600584,-0.0013088658452033997,0.07537922263145447,0.0013088658452033997,0.0,vanilla_transformer_v10,2026-08-03 14:03:00
2025-09-29,300782,-0.0015441402792930603,0.026074830442667007,0.0015441402792930603,0.0,vanilla_transformer_v10,2026-08-03 14:03:00
2025-09-29,002371,-0.00157126784324646,-0.014570368453860283,0.00157126784324646,0.0,vanilla_transformer_v10,2026-08-03 14:03:00
2025-09-29,603501,-0.0015734657645225525,0.008088582195341587,0.0015734657645225525,0.0,vanilla_transformer_v10,2026-08-03 14:03:00
2025-09-29,688012,-0.0016274452209472656,-0.019861984997987747,0.0016274452209472656,0.0,vanilla_transformer_v10,2026-08-03 14:03:00
2025-09-30,300308,0.004152208566665649,-0.012138187885284424,0.004152208566665649,1.0,vanilla_transformer_v10,2026-08-03 14:03:00
2025-09-30,601138,0.0019140169024467468,0.03629456087946892,0.0019140169024467468,1.0,vanilla_transformer_v10,2026-08-03 14:03:00
2025-09-30,600584,0.0010864213109016418,0.06391516327857971,0.0010864213109016418,1.0,vanilla_transformer_v10,2026-08-03 14:03:00
2025-09-30,601012,0.0009841248393058777,0.04773414880037308,0.0009841248393058777,1.0,vanilla_transformer_v10,2026-08-03 14:03:00
2025-09-30,002230,0.0009267106652259827,0.062085576355457306,0.0009267106652259827,1.0,vanilla_transformer_v10,2026-08-03 14:03:00
2025-09-30,300454,0.0009008720517158508,-0.0038098308723419905,0.0009008720517158508,1.0,vanilla_transformer_v10,2026-08-03 14:03:00
2025-09-30,600036,0.0005924329161643982,-0.002000364474952221,0.0005924329161643982,1.0,vanilla_transformer_v10,2026-08-03 14:03:00
2025-09-30,000568,0.0005769655108451843,-0.015739455819129944,0.0005769655108451843,1.0,vanilla_transformer_v10,2026-08-03 14:03:00
2025-09-30,601318,0.0005163922905921936,-0.001237077172845602,0.0005163922905921936,1.0,vanilla_transformer_v10,2026-08-03 14:03:00
2025-09-30,000977,0.0003087073564529419,0.020481063053011894,0.0003087073564529419,1.0,vanilla_transformer_v10,2026-08-03 14:03:00
2025-09-30,600887,0.00019385665655136108,0.01274885144084692,0.00019385665655136108,1.0,vanilla_transformer_v10,2026-08-03 14:03:00
2025-09-30,600438,0.0001825392246246338,0.018222637474536896,0.0001825392246246338,1.0,vanilla_transformer_v10,2026-08-03 14:03:00
2025-09-30,002465,6.280839443206787e-05,0.0008493470959365368,6.280839443206787e-05,1.0,vanilla_transformer_v10,2026-08-03 14:03:00
2025-09-30,300750,8.672475814819336e-06,0.019429299980401993,8.672475814819336e-06,1.0,vanilla_transformer_v10,2026-08-03 14:03:00
2025-09-30,688981,-4.792213439941406e-05,-0.008744321763515472,4.792213439941406e-05,0.0,vanilla_transformer_v10,2026-08-03 14:03:00
2025-09-30,000858,-0.00026942044496536255,-0.002634373726323247,0.00026942044496536255,0.0,vanilla_transformer_v10,2026-08-03 14:03:00
2025-09-30,002594,-0.00042738020420074463,0.01264962274581194,0.00042738020420074463,0.0,vanilla_transformer_v10,2026-08-03 14:03:00
2025-09-30,600519,-0.00043769925832748413,-0.005005365703254938,0.00043769925832748413,0.0,vanilla_transformer_v10,2026-08-03 14:03:00
2025-09-30,300782,-0.0009674802422523499,0.01385913323611021,0.0009674802422523499,0.0,vanilla_transformer_v10,2026-08-03 14:03:00
2025-09-30,688012,-0.0010297372937202454,0.0651330053806305,0.0010297372937202454,0.0,vanilla_transformer_v10,2026-08-03 14:03:00
2025-09-30,002371,-0.0011627227067947388,0.012499907985329628,0.0011627227067947388,0.0,vanilla_transformer_v10,2026-08-03 14:03:00
2025-09-30,603501,-0.0012960433959960938,-0.007650998421013355,0.0012960433959960938,0.0,vanilla_transformer_v10,2026-08-03 14:03:00
2025-10-09,300308,0.002915911376476288,-0.022339150309562683,0.002915911376476288,1.0,vanilla_transformer_v10,2026-08-03 14:03:00
2025-10-09,601138,0.0016290843486785889,-0.030174432322382927,0.0016290843486785889,1.0,vanilla_transformer_v10,2026-08-03 14:03:00
2025-10-09,002230,0.0015888810157775879,-0.06351320445537567,0.0015888810157775879,1.0,vanilla_transformer_v10,2026-08-03 14:03:00
2025-10-09,601012,0.0013150721788406372,-0.025756465271115303,0.0013150721788406372,1.0,vanilla_transformer_v10,2026-08-03 14:03:00
2025-10-09,688981,0.0008140504360198975,-0.08218667656183243,0.0008140504360198975,1.0,vanilla_transformer_v10,2026-08-03 14:03:00
2025-10-09,600036,0.0005931854248046875,-0.003738662926480174,0.0005931854248046875,1.0,vanilla_transformer_v10,2026-08-03 14:03:00
2025-10-09,000977,0.000568002462387085,-0.08656801283359528,0.000568002462387085,1.0,vanilla_transformer_v10,2026-08-03 14:03:00
2025-10-09,000568,0.0004131197929382324,-0.007651036139577627,0.0004131197929382324,1.0,vanilla_transformer_v10,2026-08-03 14:03:00
2025-10-09,300454,0.00039780884981155396,-0.09197578579187393,0.00039780884981155396,1.0,vanilla_transformer_v10,2026-08-03 14:03:00
2025-10-09,688012,0.00021339207887649536,-0.08536355197429657,0.00021339207887649536,1.0,vanilla_transformer_v10,2026-08-03 14:03:00
2025-10-09,600887,0.00013012439012527466,0.004335025791078806,0.00013012439012527466,1.0,vanilla_transformer_v10,2026-08-03 14:03:00
2025-10-09,300750,-4.2475759983062744e-05,-0.0705936998128891,4.2475759983062744e-05,0.0,vanilla_transformer_v10,2026-08-03 14:03:00
2025-10-09,601318,-6.066262722015381e-05,0.009036559611558914,6.066262722015381e-05,0.0,vanilla_transformer_v10,2026-08-03 14:03:00
2025-10-09,600584,-0.0001439601182937622,-0.07122096419334412,0.0001439601182937622,0.0,vanilla_transformer_v10,2026-08-03 14:03:00
2025-10-09,002594,-0.00028090178966522217,-0.02572629414498806,0.00028090178966522217,0.0,vanilla_transformer_v10,2026-08-03 14:03:00
2025-10-09,000858,-0.00035510212182998657,-0.0035572671331465244,0.00035510212182998657,0.0,vanilla_transformer_v10,2026-08-03 14:03:00
2025-10-09,600438,-0.000519976019859314,-0.04093685746192932,0.000519976019859314,0.0,vanilla_transformer_v10,2026-08-03 14:03:00
2025-10-09,600519,-0.0005382820963859558,-0.004730523563921452,0.0005382820963859558,0.0,vanilla_transformer_v10,2026-08-03 14:03:00
2025-10-09,002465,-0.000714622437953949,-0.032574061304330826,0.000714622437953949,0.0,vanilla_transformer_v10,2026-08-03 14:03:00
2025-10-09,002371,-0.000861242413520813,-0.04498827084898949,0.000861242413520813,0.0,vanilla_transformer_v10,2026-08-03 14:03:00
2025-10-09,603501,-0.0009048953652381897,-0.05618669092655182,0.0009048953652381897,0.0,vanilla_transformer_v10,2026-08-03 14:03:00
2025-10-09,300782,-0.0014185532927513123,-0.052505314350128174,0.0014185532927513123,0.0,vanilla_transformer_v10,2026-08-03 14:03:00
2025-10-10,300308,0.003814995288848877,-0.032901518046855927,0.003814995288848877,1.0,vanilla_transformer_v10,2026-08-03 14:03:00
2025-10-10,300454,0.0018732845783233643,-0.0003487966605462134,0.0018732845783233643,1.0,vanilla_transformer_v10,2026-08-03 14:03:00
2025-10-10,600036,0.0014695823192596436,-0.0017373021692037582,0.0014695823192596436,1.0,vanilla_transformer_v10,2026-08-03 14:03:00
2025-10-10,002230,0.0011629685759544373,-0.00987877044826746,0.0011629685759544373,1.0,vanilla_transformer_v10,2026-08-03 14:03:00
2025-10-10,000977,0.0010015666484832764,0.011685065925121307,0.0010015666484832764,1.0,vanilla_transformer_v10,2026-08-03 14:03:00
2025-10-10,000568,0.0008419230580329895,-0.012259362265467644,0.0008419230580329895,1.0,vanilla_transformer_v10,2026-08-03 14:03:00
2025-10-10,601138,0.0005833357572555542,-0.045110657811164856,0.0005833357572555542,1.0,vanilla_transformer_v10,2026-08-03 14:03:00
2025-10-10,600887,0.0004860013723373413,-0.007235518656671047,0.0004860013723373413,1.0,vanilla_transformer_v10,2026-08-03 14:03:00
2025-10-10,688981,0.0003237500786781311,0.0644652470946312,0.0003237500786781311,1.0,vanilla_transformer_v10,2026-08-03 14:03:00
2025-10-10,002465,0.00017505139112472534,0.003939167130738497,0.00017505139112472534,1.0,vanilla_transformer_v10,2026-08-03 14:03:00
2025-10-10,000858,9.243935346603394e-05,-0.007313883397728205,9.243935346603394e-05,1.0,vanilla_transformer_v10,2026-08-03 14:03:00
2025-10-10,600519,-0.00044717639684677124,-0.007581258658319712,0.00044717639684677124,0.0,vanilla_transformer_v10,2026-08-03 14:03:00
2025-10-10,300750,-0.0005336031317710876,-0.019696250557899475,0.0005336031317710876,0.0,vanilla_transformer_v10,2026-08-03 14:03:00
2025-10-10,002594,-0.0007778182625770569,-0.019686026498675346,0.0007778182625770569,0.0,vanilla_transformer_v10,2026-08-03 14:03:00
2025-10-10,601012,-0.0009197220206260681,-0.014765741303563118,0.0009197220206260681,0.0,vanilla_transformer_v10,2026-08-03 14:03:00
2025-10-10,600438,-0.0013775080442428589,0.005064773373305798,0.0013775080442428589,0.0,vanilla_transformer_v10,2026-08-03 14:03:00
2025-10-10,601318,-0.0015649572014808655,-0.007976113818585873,0.0015649572014808655,0.0,vanilla_transformer_v10,2026-08-03 14:03:00
2025-10-10,688012,-0.0017238929867744446,0.007137450855225325,0.0017238929867744446,0.0,vanilla_transformer_v10,2026-08-03 14:03:00
2025-10-10,600584,-0.001830078661441803,-0.0036420917604118586,0.001830078661441803,0.0,vanilla_transformer_v10,2026-08-03 14:03:00
2025-10-10,603501,-0.0019894465804100037,-0.024990888312458992,0.0019894465804100037,0.0,vanilla_transformer_v10,2026-08-03 14:03:00
2025-10-10,002371,-0.0023400336503982544,-0.004807258490473032,0.0023400336503982544,0.0,vanilla_transformer_v10,2026-08-03 14:03:00
2025-10-10,300782,-0.0024396702647209167,0.0067306808196008205,0.0024396702647209167,0.0,vanilla_transformer_v10,2026-08-03 14:03:00
2025-10-13,300308,0.0038392171263694763,-0.08549121767282486,0.0038392171263694763,1.0,vanilla_transformer_v10,2026-08-03 14:03:00
2025-10-13,600036,0.0017563849687576294,0.028286537155508995,0.0017563849687576294,1.0,vanilla_transformer_v10,2026-08-03 14:03:00
2025-10-13,300454,0.0015869960188865662,-0.052367985248565674,0.0015869960188865662,1.0,vanilla_transformer_v10,2026-08-03 14:03:00
2025-10-13,601138,0.0014644712209701538,-0.061140045523643494,0.0014644712209701538,1.0,vanilla_transformer_v10,2026-08-03 14:03:00
2025-10-13,000568,0.00046281516551971436,0.04116933047771454,0.00046281516551971436,1.0,vanilla_transformer_v10,2026-08-03 14:03:00
2025-10-13,688981,0.00043521076440811157,-0.07034415751695633,0.00043521076440811157,1.0,vanilla_transformer_v10,2026-08-03 14:03:00
2025-10-13,002465,0.00041800737380981445,-0.031956564635038376,0.00041800737380981445,1.0,vanilla_transformer_v10,2026-08-03 14:03:00
2025-10-13,002230,0.0002461746335029602,-0.04653514549136162,0.0002461746335029602,1.0,vanilla_transformer_v10,2026-08-03 14:03:00
2025-10-13,300750,0.00023555010557174683,-0.045067790895700455,0.00023555010557174683,1.0,vanilla_transformer_v10,2026-08-03 14:03:00
2025-10-13,000977,0.00015868991613388062,-0.05481182038784027,0.00015868991613388062,1.0,vanilla_transformer_v10,2026-08-03 14:03:00
2025-10-13,601318,6.549060344696045e-06,0.024774469435214996,6.549060344696045e-06,1.0,vanilla_transformer_v10,2026-08-03 14:03:00
2025-10-13,600887,-0.00017931312322616577,0.005072577856481075,0.00017931312322616577,0.0,vanilla_transformer_v10,2026-08-03 14:03:00
2025-10-13,000858,-0.0002527683973312378,0.01835082657635212,0.0002527683973312378,0.0,vanilla_transformer_v10,2026-08-03 14:03:00
2025-10-13,600438,-0.00027451664209365845,0.05420015752315521,0.00027451664209365845,0.0,vanilla_transformer_v10,2026-08-03 14:03:00
2025-10-13,601012,-0.0003952905535697937,0.06148611009120941,0.0003952905535697937,0.0,vanilla_transformer_v10,2026-08-03 14:03:00
2025-10-13,600519,-0.0005772784352302551,0.022174101322889328,0.0005772784352302551,0.0,vanilla_transformer_v10,2026-08-03 14:03:00
2025-10-13,002594,-0.0006672069430351257,0.0028190151788294315,0.0006672069430351257,0.0,vanilla_transformer_v10,2026-08-03 14:03:00
2025-10-13,603501,-0.00071725994348526,-0.04921992868185043,0.00071725994348526,0.0,vanilla_transformer_v10,2026-08-03 14:03:00
2025-10-13,688012,-0.0011943206191062927,-0.0760284811258316,0.0011943206191062927,0.0,vanilla_transformer_v10,2026-08-03 14:03:00
2025-10-13,300782,-0.0012717992067337036,-0.036170829087495804,0.0012717992067337036,0.0,vanilla_transformer_v10,2026-08-03 14:03:00
2025-10-13,600584,-0.0013173297047615051,-0.06687478721141815,0.0013173297047615051,0.0,vanilla_transformer_v10,2026-08-03 14:03:00
2025-10-13,002371,-0.0014476925134658813,-0.08073265850543976,0.0014476925134658813,0.0,vanilla_transformer_v10,2026-08-03 14:03:00
2025-10-14,300308,0.005811095237731934,0.022909369319677353,0.005811095237731934,1.0,vanilla_transformer_v10,2026-08-03 14:03:00
2025-10-14,300454,0.002942688763141632,0.0005512679344974458,0.002942688763141632,1.0,vanilla_transformer_v10,2026-08-03 14:03:00
2025-10-14,601138,0.002346731722354889,0.059543028473854065,0.002346731722354889,1.0,vanilla_transformer_v10,2026-08-03 14:03:00
2025-10-14,600036,0.002167142927646637,0.00581023097038269,0.002167142927646637,1.0,vanilla_transformer_v10,2026-08-03 14:03:00
2025-10-14,601012,0.0019861534237861633,0.02256634086370468,0.0019861534237861633,1.0,vanilla_transformer_v10,2026-08-03 14:03:00
2025-10-14,002230,0.0010743215680122375,0.029433179646730423,0.0010743215680122375,1.0,vanilla_transformer_v10,2026-08-03 14:03:00
2025-10-14,002465,0.0010563358664512634,0.012883166782557964,0.0010563358664512634,1.0,vanilla_transformer_v10,2026-08-03 14:03:00
2025-10-14,000568,0.0009461939334869385,0.014740883372724056,0.0009461939334869385,1.0,vanilla_transformer_v10,2026-08-03 14:03:00
2025-10-14,000977,0.0007350966334342957,0.015024508349597454,0.0007350966334342957,1.0,vanilla_transformer_v10,2026-08-03 14:03:00
2025-10-14,300750,0.0005755200982093811,0.0310882106423378,0.0005755200982093811,1.0,vanilla_transformer_v10,2026-08-03 14:03:00
2025-10-14,600887,0.00043495744466781616,-0.001446048147045076,0.00043495744466781616,1.0,vanilla_transformer_v10,2026-08-03 14:03:00
2025-10-14,000858,0.00041728466749191284,0.0,0.00041728466749191284,1.0,vanilla_transformer_v10,2026-08-03 14:03:00
2025-10-14,600438,0.00040218234062194824,0.052641723304986954,0.00040218234062194824,1.0,vanilla_transformer_v10,2026-08-03 14:03:00
2025-10-14,600519,4.0978193283081055e-06,0.00753818778321147,4.0978193283081055e-06,1.0,vanilla_transformer_v10,2026-08-03 14:03:00
2025-10-14,688981,-0.00012617558240890503,0.018383443355560303,0.00012617558240890503,0.0,vanilla_transformer_v10,2026-08-03 14:03:00
2025-10-14,002371,-0.0005014315247535706,0.025495585054159164,0.0005014315247535706,0.0,vanilla_transformer_v10,2026-08-03 14:03:00
2025-10-14,002594,-0.0005288198590278625,0.010427001863718033,0.0005288198590278625,0.0,vanilla_transformer_v10,2026-08-03 14:03:00
2025-10-14,601318,-0.0006736963987350464,0.023277990520000458,0.0006736963987350464,0.0,vanilla_transformer_v10,2026-08-03 14:03:00
2025-10-14,603501,-0.0006972774863243103,0.016640963032841682,0.0006972774863243103,0.0,vanilla_transformer_v10,2026-08-03 14:03:00
2025-10-14,688012,-0.0011121034622192383,0.0018167949747294188,0.0011121034622192383,0.0,vanilla_transformer_v10,2026-08-03 14:03:00
2025-10-14,600584,-0.0011970996856689453,0.027327490970492363,0.0011970996856689453,0.0,vanilla_transformer_v10,2026-08-03 14:03:00
2025-10-14,300782,-0.0019356459379196167,-0.005279259756207466,0.0019356459379196167,0.0,vanilla_transformer_v10,2026-08-03 14:03:00
2025-10-15,300308,0.004426322877407074,0.0356425903737545,0.004426322877407074,1.0,vanilla_transformer_v10,2026-08-03 14:03:00
2025-10-15,601138,0.0038444921374320984,0.0033242502249777317,0.0038444921374320984,1.0,vanilla_transformer_v10,2026-08-03 14:03:00
2025-10-15,300454,0.0015964657068252563,-0.02078961208462715,0.0015964657068252563,1.0,vanilla_transformer_v10,2026-08-03 14:03:00
2025-10-15,601012,0.0012061744928359985,0.026534290984272957,0.0012061744928359985,1.0,vanilla_transformer_v10,2026-08-03 14:03:00
2025-10-15,600438,0.0011732131242752075,0.01909313164651394,0.0011732131242752075,1.0,vanilla_transformer_v10,2026-08-03 14:03:00
2025-10-15,300750,0.0007588788866996765,-0.0021746812853962183,0.0007588788866996765,1.0,vanilla_transformer_v10,2026-08-03 14:03:00
2025-10-15,600036,0.0006317347288131714,0.010295308195054531,0.0006317347288131714,1.0,vanilla_transformer_v10,2026-08-03 14:03:00
2025-10-15,002230,0.0004288703203201294,-0.014239459298551083,0.0004288703203201294,1.0,vanilla_transformer_v10,2026-08-03 14:03:00
2025-10-15,000977,0.00016711652278900146,-0.0047466810792684555,0.00016711652278900146,1.0,vanilla_transformer_v10,2026-08-03 14:03:00
2025-10-15,601318,9.197741746902466e-05,0.003585237078368664,9.197741746902466e-05,1.0,vanilla_transformer_v10,2026-08-03 14:03:00
2025-10-15,688981,-5.632638931274414e-05,-0.017597589641809464,5.632638931274414e-05,0.0,vanilla_transformer_v10,2026-08-03 14:03:00
2025-10-15,002371,-0.0001085326075553894,-0.00410947110503912,0.0001085326075553894,0.0,vanilla_transformer_v10,2026-08-03 14:03:00
2025-10-15,000568,-0.00026116520166397095,0.01788986474275589,0.00026116520166397095,0.0,vanilla_transformer_v10,2026-08-03 14:03:00
2025-10-15,603501,-0.0003236532211303711,-0.008587969467043877,0.0003236532211303711,0.0,vanilla_transformer_v10,2026-08-03 14:03:00
2025-10-15,688012,-0.0004173591732978821,0.0014873127220198512,0.0004173591732978821,0.0,vanilla_transformer_v10,2026-08-03 14:03:00
2025-10-15,002465,-0.0004969164729118347,-0.025135163217782974,0.0004969164729118347,0.0,vanilla_transformer_v10,2026-08-03 14:03:00
2025-10-15,000858,-0.0005480796098709106,0.005475508980453014,0.0005480796098709106,0.0,vanilla_transformer_v10,2026-08-03 14:03:00
2025-10-15,600887,-0.0005552545189857483,0.0057672616094350815,0.0005552545189857483,0.0,vanilla_transformer_v10,2026-08-03 14:03:00
2025-10-15,002594,-0.0006125345826148987,-0.0013048637192696333,0.0006125345826148987,0.0,vanilla_transformer_v10,2026-08-03 14:03:00
2025-10-15,600584,-0.0007580816745758057,-0.004772355314344168,0.0007580816745758057,0.0,vanilla_transformer_v10,2026-08-03 14:03:00
2025-10-15,600519,-0.0008597895503044128,0.015549068339169025,0.0008597895503044128,0.0,vanilla_transformer_v10,2026-08-03 14:03:00
2025-10-15,300782,-0.001066364347934723,-0.012261582538485527,0.001066364347934723,0.0,vanilla_transformer_v10,2026-08-03 14:03:00
2025-10-16,300308,0.005537435412406921,0.017905987799167633,0.005537435412406921,1.0,vanilla_transformer_v10,2026-08-03 14:03:00
2025-10-16,300454,0.0027581453323364258,-0.023532729595899582,0.0027581453323364258,1.0,vanilla_transformer_v10,2026-08-03 14:03:00
2025-10-16,601138,0.002304486930370331,-0.05793178081512451,0.002304486930370331,1.0,vanilla_transformer_v10,2026-08-03 14:03:00
2025-10-16,600036,0.0014388039708137512,-0.008130662143230438,0.0014388039708137512,1.0,vanilla_transformer_v10,2026-08-03 14:03:00
2025-10-16,002465,0.0010263919830322266,-0.044462140649557114,0.0010263919830322266,1.0,vanilla_transformer_v10,2026-08-03 14:03:00
2025-10-16,000977,0.0009353384375572205,-0.04552697762846947,0.0009353384375572205,1.0,vanilla_transformer_v10,2026-08-03 14:03:00
2025-10-16,601012,0.0008634254336357117,-0.02753736451268196,0.0008634254336357117,1.0,vanilla_transformer_v10,2026-08-03 14:03:00
2025-10-16,688012,0.0004503577947616577,-0.04659769684076309,0.0004503577947616577,1.0,vanilla_transformer_v10,2026-08-03 14:03:00
2025-10-16,000568,0.0003337562084197998,-0.015071549452841282,0.0003337562084197998,1.0,vanilla_transformer_v10,2026-08-03 14:03:00
2025-10-16,300750,0.0003330931067466736,-0.028520720079541206,0.0003330931067466736,1.0,vanilla_transformer_v10,2026-08-03 14:03:00
2025-10-16,600887,0.00023408234119415283,-0.01667754352092743,0.00023408234119415283,1.0,vanilla_transformer_v10,2026-08-03 14:03:00
2025-10-16,000858,0.00018654018640518188,-0.013699469156563282,0.00018654018640518188,1.0,vanilla_transformer_v10,2026-08-03 14:03:00
2025-10-16,002230,0.000182323157787323,-0.04511938616633415,0.000182323157787323,1.0,vanilla_transformer_v10,2026-08-03 14:03:00
2025-10-16,688981,-5.856156349182129e-06,-0.04268940910696983,5.856156349182129e-06,0.0,vanilla_transformer_v10,2026-08-03 14:03:00
2025-10-16,603501,-3.791600465774536e-05,-0.042074862867593765,3.791600465774536e-05,0.0,vanilla_transformer_v10,2026-08-03 14:03:00
2025-10-16,002594,-7.193535566329956e-05,-0.023935435339808464,7.193535566329956e-05,0.0,vanilla_transformer_v10,2026-08-03 14:03:00
2025-10-16,600438,-0.00016251206398010254,-0.051197219640016556,0.00016251206398010254,0.0,vanilla_transformer_v10,2026-08-03 14:03:00
2025-10-16,300782,-0.0001801624894142151,-0.03737708926200867,0.0001801624894142151,0.0,vanilla_transformer_v10,2026-08-03 14:03:00
2025-10-16,600519,-0.00018502771854400635,-0.020348932594060898,0.00018502771854400635,0.0,vanilla_transformer_v10,2026-08-03 14:03:00
2025-10-16,002371,-0.00020288676023483276,-0.027797941118478775,0.00020288676023483276,0.0,vanilla_transformer_v10,2026-08-03 14:03:00
2025-10-16,601318,-0.0003290101885795593,-0.012831511907279491,0.0003290101885795593,0.0,vanilla_transformer_v10,2026-08-03 14:03:00
2025-10-16,600584,-0.0007338002324104309,-0.05467076227068901,0.0007338002324104309,0.0,vanilla_transformer_v10,2026-08-03 14:03:00
2025-10-17,300308,0.003810502588748932,0.0757502019405365,0.003810502588748932,1.0,vanilla_transformer_v10,2026-08-03 14:03:00
2025-10-17,300454,0.002911888062953949,0.009270386770367622,0.002911888062953949,1.0,vanilla_transformer_v10,2026-08-03 14:03:00
2025-10-17,601138,0.0026289746165275574,0.03347477316856384,0.0026289746165275574,1.0,vanilla_transformer_v10,2026-08-03 14:03:00
2025-10-17,002465,0.00208137184381485,0.00594885740429163,0.00208137184381485,1.0,vanilla_transformer_v10,2026-08-03 14:03:00
2025-10-17,601012,0.001860015094280243,-0.03304031863808632,0.001860015094280243,1.0,vanilla_transformer_v10,2026-08-03 14:03:00
2025-10-17,002230,0.0017647817730903625,0.00018573683337308466,0.0017647817730903625,1.0,vanilla_transformer_v10,2026-08-03 14:03:00
2025-10-17,688981,0.0014494433999061584,0.005314595066010952,0.0014494433999061584,1.0,vanilla_transformer_v10,2026-08-03 14:03:00
2025-10-17,000977,0.001406349241733551,0.005274940747767687,0.001406349241733551,1.0,vanilla_transformer_v10,2026-08-03 14:03:00
2025-10-17,688012,0.0011089444160461426,0.0034878908190876245,0.0011089444160461426,1.0,vanilla_transformer_v10,2026-08-03 14:03:00
2025-10-17,600036,0.0007197260856628418,-0.004112411756068468,0.0007197260856628418,1.0,vanilla_transformer_v10,2026-08-03 14:03:00
2025-10-17,600887,0.00033248215913772583,0.00437930366024375,0.00033248215913772583,1.0,vanilla_transformer_v10,2026-08-03 14:03:00
2025-10-17,600584,0.00027533620595932007,0.002250640420243144,0.00027533620595932007,1.0,vanilla_transformer_v10,2026-08-03 14:03:00
2025-10-17,603501,0.00026151537895202637,-0.0005731316050514579,0.00026151537895202637,1.0,vanilla_transformer_v10,2026-08-03 14:03:00
2025-10-17,300750,0.00018486380577087402,0.023077448830008507,0.00018486380577087402,1.0,vanilla_transformer_v10,2026-08-03 14:03:00
2025-10-17,600438,8.099526166915894e-05,-0.024428458884358406,8.099526166915894e-05,1.0,vanilla_transformer_v10,2026-08-03 14:03:00
2025-10-17,300782,3.0666589736938477e-05,0.012163441628217697,3.0666589736938477e-05,1.0,vanilla_transformer_v10,2026-08-03 14:03:00
2025-10-17,000568,-7.428228855133057e-06,-0.013797732070088387,7.428228855133057e-06,0.0,vanilla_transformer_v10,2026-08-03 14:03:00
2025-10-17,002594,-9.69618558883667e-05,0.0008506760350428522,9.69618558883667e-05,0.0,vanilla_transformer_v10,2026-08-03 14:03:00
2025-10-17,601318,-0.0001257285475730896,0.01076036412268877,0.0001257285475730896,0.0,vanilla_transformer_v10,2026-08-03 14:03:00
2025-10-17,000858,-0.00014119595289230347,-0.005050613544881344,0.00014119595289230347,0.0,vanilla_transformer_v10,2026-08-03 14:03:00
2025-10-17,002371,-0.0003598406910896301,0.0018245388055220246,0.0003598406910896301,0.0,vanilla_transformer_v10,2026-08-03 14:03:00
2025-10-17,600519,-0.0007255151867866516,0.0020122877322137356,0.0007255151867866516,0.0,vanilla_transformer_v10,2026-08-03 14:03:00
2025-10-20,601138,0.003184013068675995,0.09145665913820267,0.003184013068675995,1.0,vanilla_transformer_v10,2026-08-03 14:03:00
2025-10-20,300308,0.0026389583945274353,0.09124081581830978,0.0026389583945274353,1.0,vanilla_transformer_v10,2026-08-03 14:03:00
2025-10-20,300454,0.0013936683535575867,0.011632987298071384,0.0013936683535575867,1.0,vanilla_transformer_v10,2026-08-03 14:03:00
2025-10-20,688012,0.0009225457906723022,0.025741592049598694,0.0009225457906723022,1.0,vanilla_transformer_v10,2026-08-03 14:03:00
2025-10-20,601012,0.0009071603417396545,-0.00263659143820405,0.0009071603417396545,1.0,vanilla_transformer_v10,2026-08-03 14:03:00
2025-10-20,688981,0.0009033307433128357,0.03651034086942673,0.0009033307433128357,1.0,vanilla_transformer_v10,2026-08-03 14:03:00
2025-10-20,300750,0.0008834153413772583,0.02533237636089325,0.0008834153413772583,1.0,vanilla_transformer_v10,2026-08-03 14:03:00
2025-10-20,002230,0.0008115991950035095,0.0240519717335701,0.0008115991950035095,1.0,vanilla_transformer_v10,2026-08-03 14:03:00
2025-10-20,000977,0.0008083060383796692,0.03729240596294403,0.0008083060383796692,1.0,vanilla_transformer_v10,2026-08-03 14:03:00
2025-10-20,002465,0.000775165855884552,0.004261370282620192,0.000775165855884552,1.0,vanilla_transformer_v10,2026-08-03 14:03:00
2025-10-20,603501,0.0002870112657546997,0.020372388884425163,0.0002870112657546997,1.0,vanilla_transformer_v10,2026-08-03 14:03:00
2025-10-20,002371,0.0002537369728088379,0.020604200661182404,0.0002537369728088379,1.0,vanilla_transformer_v10,2026-08-03 14:03:00
2025-10-20,600584,-0.0001268535852432251,0.022764991968870163,0.0001268535852432251,0.0,vanilla_transformer_v10,2026-08-03 14:03:00
2025-10-20,300782,-0.0003305301070213318,0.006039388943463564,0.0003305301070213318,0.0,vanilla_transformer_v10,2026-08-03 14:03:00
2025-10-20,601318,-0.0005018264055252075,0.003133045043796301,0.0005018264055252075,0.0,vanilla_transformer_v10,2026-08-03 14:03:00
2025-10-20,002594,-0.0005404725670814514,0.0023053367622196674,0.0005404725670814514,0.0,vanilla_transformer_v10,2026-08-03 14:03:00
2025-10-20,600438,-0.0005733966827392578,0.0021634388249367476,0.0005733966827392578,0.0,vanilla_transformer_v10,2026-08-03 14:03:00
2025-10-20,000568,-0.0006994754076004028,0.007929057814180851,0.0006994754076004028,0.0,vanilla_transformer_v10,2026-08-03 14:03:00
2025-10-20,600036,-0.0007228478789329529,0.013424201868474483,0.0007228478789329529,0.0,vanilla_transformer_v10,2026-08-03 14:03:00
2025-10-20,600887,-0.0009526237845420837,-0.002189500257372856,0.0009526237845420837,0.0,vanilla_transformer_v10,2026-08-03 14:03:00
2025-10-20,000858,-0.0010780319571495056,0.0004955257172696292,0.0010780319571495056,0.0,vanilla_transformer_v10,2026-08-03 14:03:00
2025-10-20,600519,-0.0015136897563934326,0.0029649073258042336,0.0015136897563934326,0.0,vanilla_transformer_v10,2026-08-03 14:03:00
2025-10-21,601138,0.0039069801568984985,-0.038084179162979126,0.0039069801568984985,1.0,vanilla_transformer_v10,2026-08-03 14:03:00
2025-10-21,300308,0.001930825412273407,0.006322754546999931,0.001930825412273407,1.0,vanilla_transformer_v10,2026-08-03 14:03:00
2025-10-21,300750,0.0014400258660316467,-0.00812616664916277,0.0014400258660316467,1.0,vanilla_transformer_v10,2026-08-03 14:03:00
2025-10-21,688981,0.001400776207447052,-0.0029921282548457384,0.001400776207447052,1.0,vanilla_transformer_v10,2026-08-03 14:03:00
2025-10-21,688012,0.0012158676981925964,-0.010753988288342953,0.0012158676981925964,1.0,vanilla_transformer_v10,2026-08-03 14:03:00
2025-10-21,300454,0.0011452659964561462,-0.013156216591596603,0.0011452659964561462,1.0,vanilla_transformer_v10,2026-08-03 14:03:00
2025-10-21,000977,0.0008628591895103455,-0.010338395833969116,0.0008628591895103455,1.0,vanilla_transformer_v10,2026-08-03 14:03:00
2025-10-21,002230,0.0007731392979621887,-0.016296187415719032,0.0007731392979621887,1.0,vanilla_transformer_v10,2026-08-03 14:03:00
2025-10-21,603501,0.0006895214319229126,-0.006254774983972311,0.0006895214319229126,1.0,vanilla_transformer_v10,2026-08-03 14:03:00
2025-10-21,002371,0.0005564466118812561,-0.010086257942020893,0.0005564466118812561,1.0,vanilla_transformer_v10,2026-08-03 14:03:00
2025-10-21,002465,0.0005056783556938171,-0.00770739559084177,0.0005056783556938171,1.0,vanilla_transformer_v10,2026-08-03 14:03:00
2025-10-21,600584,-5.863606929779053e-06,-0.014217930845916271,5.863606929779053e-06,0.0,vanilla_transformer_v10,2026-08-03 14:03:00
2025-10-21,601318,-2.181529998779297e-05,0.0022318947594612837,2.181529998779297e-05,0.0,vanilla_transformer_v10,2026-08-03 14:03:00
2025-10-21,300782,-0.00015609711408615112,-0.004685638472437859,0.00015609711408615112,0.0,vanilla_transformer_v10,2026-08-03 14:03:00
2025-10-21,600438,-0.000316031277179718,-0.026799939572811127,0.000316031277179718,0.0,vanilla_transformer_v10,2026-08-03 14:03:00
2025-10-21,601012,-0.0004022642970085144,-0.012693897821009159,0.0004022642970085144,0.0,vanilla_transformer_v10,2026-08-03 14:03:00
2025-10-21,000568,-0.0005016699433326721,0.0034226574935019016,0.0005016699433326721,0.0,vanilla_transformer_v10,2026-08-03 14:03:00
2025-10-21,600036,-0.0006372109055519104,-0.0006997594609856606,0.0006372109055519104,0.0,vanilla_transformer_v10,2026-08-03 14:03:00
2025-10-21,002594,-0.000757947564125061,-0.0094063188880682,0.000757947564125061,0.0,vanilla_transformer_v10,2026-08-03 14:03:00
2025-10-21,000858,-0.0008040368556976318,-0.003488468937575817,0.0008040368556976318,0.0,vanilla_transformer_v10,2026-08-03 14:03:00
2025-10-21,600887,-0.0009091570973396301,-0.005851671099662781,0.0009091570973396301,0.0,vanilla_transformer_v10,2026-08-03 14:03:00
2025-10-21,600519,-0.0012633651494979858,-0.0024371077306568623,0.0012633651494979858,0.0,vanilla_transformer_v10,2026-08-03 14:03:00
2025-10-22,601138,0.0029742494225502014,-0.022695640102028847,0.0029742494225502014,1.0,vanilla_transformer_v10,2026-08-03 14:03:00
2025-10-22,688981,0.0016824975609779358,0.011681368574500084,0.0016824975609779358,1.0,vanilla_transformer_v10,2026-08-03 14:03:00
2025-10-22,300454,0.0016057342290878296,0.00985976867377758,0.0016057342290878296,1.0,vanilla_transformer_v10,2026-08-03 14:03:00
2025-10-22,300308,0.0015712901949882507,-0.007728288881480694,0.0015712901949882507,1.0,vanilla_transformer_v10,2026-08-03 14:03:00
2025-10-22,688012,0.001402631402015686,0.0015274288598448038,0.001402631402015686,1.0,vanilla_transformer_v10,2026-08-03 14:03:00
2025-10-22,601012,0.0012315809726715088,0.014292661100625992,0.0012315809726715088,1.0,vanilla_transformer_v10,2026-08-03 14:03:00
2025-10-22,002230,0.0007712990045547485,0.0019401945173740387,0.0007712990045547485,1.0,vanilla_transformer_v10,2026-08-03 14:03:00
2025-10-22,000977,0.0006482824683189392,-0.012688345275819302,0.0006482824683189392,1.0,vanilla_transformer_v10,2026-08-03 14:03:00
2025-10-22,002465,0.0006426423788070679,0.0017839096253737807,0.0006426423788070679,1.0,vanilla_transformer_v10,2026-08-03 14:03:00
2025-10-22,600036,0.0005075782537460327,0.006888761185109615,0.0005075782537460327,1.0,vanilla_transformer_v10,2026-08-03 14:03:00
2025-10-22,300750,0.0003673732280731201,0.009580228477716446,0.0003673732280731201,1.0,vanilla_transformer_v10,2026-08-03 14:03:00
2025-10-22,603501,0.0001812949776649475,0.002258484484627843,0.0001812949776649475,1.0,vanilla_transformer_v10,2026-08-03 14:03:00
2025-10-22,002594,0.00017417222261428833,-0.0008567407494410872,0.00017417222261428833,1.0,vanilla_transformer_v10,2026-08-03 14:03:00
2025-10-22,002371,6.207823753356934e-05,-0.002004957525059581,6.207823753356934e-05,1.0,vanilla_transformer_v10,2026-08-03 14:03:00
2025-10-22,600887,-3.293156623840332e-05,0.004390835762023926,3.293156623840332e-05,0.0,vanilla_transformer_v10,2026-08-03 14:03:00
2025-10-22,600584,-0.00014009326696395874,-0.0025022837799042463,0.00014009326696395874,0.0,vanilla_transformer_v10,2026-08-03 14:03:00
2025-10-22,600438,-0.00015426427125930786,0.017642222344875336,0.00015426427125930786,0.0,vanilla_transformer_v10,2026-08-03 14:03:00
2025-10-22,000568,-0.00016119331121444702,0.014083572663366795,0.00016119331121444702,0.0,vanilla_transformer_v10,2026-08-03 14:03:00
2025-10-22,000858,-0.0001832619309425354,0.010187915526330471,0.0001832619309425354,0.0,vanilla_transformer_v10,2026-08-03 14:03:00
2025-10-22,300782,-0.0003214925527572632,-0.004707696847617626,0.0003214925527572632,0.0,vanilla_transformer_v10,2026-08-03 14:03:00
2025-10-22,601318,-0.0006950944662094116,0.009209496900439262,0.0006950944662094116,0.0,vanilla_transformer_v10,2026-08-03 14:03:00
2025-10-22,600519,-0.0009059011936187744,0.0063415528275072575,0.0009059011936187744,0.0,vanilla_transformer_v10,2026-08-03 14:03:00
2025-10-23,601012,0.002654328942298889,-0.010572479106485844,0.002654328942298889,1.0,vanilla_transformer_v10,2026-08-03 14:03:00
2025-10-23,601138,0.001879185438156128,0.049669284373521805,0.001879185438156128,1.0,vanilla_transformer_v10,2026-08-03 14:03:00
2025-10-23,600438,0.0018385201692581177,-0.029293153434991837,0.0018385201692581177,1.0,vanilla_transformer_v10,2026-08-03 14:03:00
2025-10-23,300454,0.0012022852897644043,0.019062435254454613,0.0012022852897644043,1.0,vanilla_transformer_v10,2026-08-03 14:03:00
2025-10-23,300308,0.001138925552368164,0.11376287788152695,0.001138925552368164,1.0,vanilla_transformer_v10,2026-08-03 14:03:00
2025-10-23,002230,0.000949174165725708,0.013407174497842789,0.000949174165725708,1.0,vanilla_transformer_v10,2026-08-03 14:03:00
2025-10-23,688981,0.0009042695164680481,0.043916188180446625,0.0009042695164680481,1.0,vanilla_transformer_v10,2026-08-03 14:03:00
2025-10-23,300750,0.0008658096194267273,0.02445497363805771,0.0008658096194267273,1.0,vanilla_transformer_v10,2026-08-03 14:03:00
2025-10-23,600036,0.0006506964564323425,-0.006888761185109615,0.0006506964564323425,1.0,vanilla_transformer_v10,2026-08-03 14:03:00
2025-10-23,000977,0.0006218329071998596,0.03176196664571762,0.0006218329071998596,1.0,vanilla_transformer_v10,2026-08-03 14:03:00
2025-10-23,688012,0.0005227923393249512,0.051617108285427094,0.0005227923393249512,1.0,vanilla_transformer_v10,2026-08-03 14:03:00
2025-10-23,002465,0.00026892125606536865,0.022789662703871727,0.00026892125606536865,1.0,vanilla_transformer_v10,2026-08-03 14:03:00
2025-10-23,000568,8.350610733032227e-05,-0.04753156006336212,8.350610733032227e-05,1.0,vanilla_transformer_v10,2026-08-03 14:03:00
2025-10-23,600887,1.1689960956573486e-05,-0.0032935745548456907,1.1689960956573486e-05,1.0,vanilla_transformer_v10,2026-08-03 14:03:00
2025-10-23,002594,2.5779008865356445e-06,0.0006732152542099357,2.5779008865356445e-06,1.0,vanilla_transformer_v10,2026-08-03 14:03:00
2025-10-23,000858,-9.564310312271118e-05,-0.008605162613093853,9.564310312271118e-05,0.0,vanilla_transformer_v10,2026-08-03 14:03:00
2025-10-23,601318,-0.00013723224401474,0.001379653112962842,0.00013723224401474,0.0,vanilla_transformer_v10,2026-08-03 14:03:00
2025-10-23,600519,-0.0003750845789909363,-0.012323739938437939,0.0003750845789909363,0.0,vanilla_transformer_v10,2026-08-03 14:03:00
2025-10-23,002371,-0.0004877820611000061,0.027418887242674828,0.0004877820611000061,0.0,vanilla_transformer_v10,2026-08-03 14:03:00
2025-10-23,600584,-0.0005663707852363586,0.027779564261436462,0.0005663707852363586,0.0,vanilla_transformer_v10,2026-08-03 14:03:00
2025-10-23,603501,-0.0008175894618034363,0.025337547063827515,0.0008175894618034363,0.0,vanilla_transformer_v10,2026-08-03 14:03:00
2025-10-23,300782,-0.0009716153144836426,0.017238298431038857,0.0009716153144836426,0.0,vanilla_transformer_v10,2026-08-03 14:03:00
2025-10-24,601138,0.00254271924495697,0.07878658175468445,0.00254271924495697,1.0,vanilla_transformer_v10,2026-08-03 14:03:00
2025-10-24,600438,0.0017631575465202332,0.031906913965940475,0.0017631575465202332,1.0,vanilla_transformer_v10,2026-08-03 14:03:00
2025-10-24,300308,0.0015312135219573975,0.029795009642839432,0.0015312135219573975,1.0,vanilla_transformer_v10,2026-08-03 14:03:00
2025-10-24,002465,0.00111476331949234,0.012465535663068295,0.00111476331949234,1.0,vanilla_transformer_v10,2026-08-03 14:03:00
2025-10-24,601012,0.0010935962200164795,0.011610306799411774,0.0010935962200164795,1.0,vanilla_transformer_v10,2026-08-03 14:03:00
2025-10-24,688012,0.0008965954184532166,0.04861170053482056,0.0008965954184532166,1.0,vanilla_transformer_v10,2026-08-03 14:03:00
2025-10-24,000568,0.0007481500506401062,-0.006471118424087763,0.0007481500506401062,1.0,vanilla_transformer_v10,2026-08-03 14:03:00
2025-10-24,688981,0.0006349310278892517,0.003276738105341792,0.0006349310278892517,1.0,vanilla_transformer_v10,2026-08-03 14:03:00
2025-10-24,300750,0.0005113258957862854,0.0010662348940968513,0.0005113258957862854,1.0,vanilla_transformer_v10,2026-08-03 14:03:00
2025-10-24,000977,0.0005053654313087463,0.008950830437242985,0.0005053654313087463,1.0,vanilla_transformer_v10,2026-08-03 14:03:00
2025-10-24,002230,0.0004508793354034424,0.005124074872583151,0.0004508793354034424,1.0,vanilla_transformer_v10,2026-08-03 14:03:00
2025-10-24,300454,0.00031253695487976074,0.04956559091806412,0.00031253695487976074,1.0,vanilla_transformer_v10,2026-08-03 14:03:00
2025-10-24,002371,-5.167722702026367e-05,0.033895328640937805,5.167722702026367e-05,0.0,vanilla_transformer_v10,2026-08-03 14:03:00
2025-10-24,600036,-0.00011672824621200562,-0.008612031117081642,0.00011672824621200562,0.0,vanilla_transformer_v10,2026-08-03 14:03:00
2025-10-24,600584,-0.00018860399723052979,0.02741321362555027,0.00018860399723052979,0.0,vanilla_transformer_v10,2026-08-03 14:03:00
2025-10-24,603501,-0.0004251748323440552,0.005647718906402588,0.0004251748323440552,0.0,vanilla_transformer_v10,2026-08-03 14:03:00
2025-10-24,002594,-0.0004421323537826538,0.0024137257132679224,0.0004421323537826538,0.0,vanilla_transformer_v10,2026-08-03 14:03:00
2025-10-24,600519,-0.0004718676209449768,-0.006635292898863554,0.0004718676209449768,0.0,vanilla_transformer_v10,2026-08-03 14:03:00
2025-10-24,601318,-0.0005949586629867554,-0.0022083595395088196,0.0005949586629867554,0.0,vanilla_transformer_v10,2026-08-03 14:03:00
2025-10-24,000858,-0.0007079541683197021,0.0,0.0007079541683197021,0.0,vanilla_transformer_v10,2026-08-03 14:03:00
2025-10-24,600887,-0.0007758289575576782,0.004754410125315189,0.0007758289575576782,0.0,vanilla_transformer_v10,2026-08-03 14:03:00
2025-10-24,300782,-0.0008641034364700317,0.010681075975298882,0.0008641034364700317,0.0,vanilla_transformer_v10,2026-08-03 14:03:00
2025-10-27,601138,0.002253904938697815,0.016797449439764023,0.002253904938697815,1.0,vanilla_transformer_v10,2026-08-03 14:03:00
2025-10-27,600438,0.0012191087007522583,-0.01401966530829668,0.0012191087007522583,1.0,vanilla_transformer_v10,2026-08-03 14:03:00
2025-10-27,601012,0.0009698793292045593,-0.008440220728516579,0.0009698793292045593,1.0,vanilla_transformer_v10,2026-08-03 14:03:00
2025-10-27,300750,0.0008447542786598206,0.000768603291362524,0.0008447542786598206,1.0,vanilla_transformer_v10,2026-08-03 14:03:00
2025-10-27,688012,0.0005576461553573608,0.00043768834439106286,0.0005576461553573608,1.0,vanilla_transformer_v10,2026-08-03 14:03:00
2025-10-27,300454,0.0005279704928398132,0.010514422319829464,0.0005279704928398132,1.0,vanilla_transformer_v10,2026-08-03 14:03:00
2025-10-27,600036,0.00042563676834106445,0.0002206190547440201,0.00042563676834106445,1.0,vanilla_transformer_v10,2026-08-03 14:03:00
2025-10-27,002230,0.00041991472244262695,0.014477619901299477,0.00041991472244262695,1.0,vanilla_transformer_v10,2026-08-03 14:03:00
2025-10-27,600584,0.0003982633352279663,-0.0047530438750982285,0.0003982633352279663,1.0,vanilla_transformer_v10,2026-08-03 14:03:00
2025-10-27,002465,0.0003898143768310547,0.006516915746033192,0.0003898143768310547,1.0,vanilla_transformer_v10,2026-08-03 14:03:00
2025-10-27,000568,0.00036835670471191406,0.008388420566916466,0.00036835670471191406,1.0,vanilla_transformer_v10,2026-08-03 14:03:00
2025-10-27,000977,0.0002600625157356262,-0.00350058707408607,0.0002600625157356262,1.0,vanilla_transformer_v10,2026-08-03 14:03:00
2025-10-27,688981,0.0002124309539794922,-0.01354861818253994,0.0002124309539794922,1.0,vanilla_transformer_v10,2026-08-03 14:03:00
2025-10-27,002371,0.00011344999074935913,-0.007251841947436333,0.00011344999074935913,1.0,vanilla_transformer_v10,2026-08-03 14:03:00
2025-10-27,300308,4.375725984573364e-05,0.007946228608489037,4.375725984573364e-05,1.0,vanilla_transformer_v10,2026-08-03 14:03:00
2025-10-27,603501,-0.0003835633397102356,0.02377333864569664,0.0003835633397102356,0.0,vanilla_transformer_v10,2026-08-03 14:03:00
2025-10-27,601318,-0.00040809065103530884,0.00016579624207224697,0.00040809065103530884,0.0,vanilla_transformer_v10,2026-08-03 14:03:00
2025-10-27,600519,-0.0004751235246658325,0.0031813043169677258,0.0004751235246658325,0.0,vanilla_transformer_v10,2026-08-03 14:03:00
2025-10-27,600887,-0.0005077794194221497,-0.005120030138641596,0.0005077794194221497,0.0,vanilla_transformer_v10,2026-08-03 14:03:00
2025-10-27,002594,-0.0005779638886451721,-0.0028114800807088614,0.0005779638886451721,0.0,vanilla_transformer_v10,2026-08-03 14:03:00
2025-10-27,300782,-0.0006630569696426392,0.02652975730597973,0.0006630569696426392,0.0,vanilla_transformer_v10,2026-08-03 14:03:00
2025-10-27,000858,-0.00070161372423172,-0.0015827526804059744,0.00070161372423172,0.0,vanilla_transformer_v10,2026-08-03 14:03:00
2025-10-28,002230,0.0016296058893203735,0.007432747632265091,0.0016296058893203735,1.0,vanilla_transformer_v10,2026-08-03 14:03:00
2025-10-28,601138,0.0012936368584632874,0.08797117322683334,0.0012936368584632874,1.0,vanilla_transformer_v10,2026-08-03 14:03:00
2025-10-28,002465,0.0011839643120765686,0.0007974028121680021,0.0011839643120765686,1.0,vanilla_transformer_v10,2026-08-03 14:03:00
2025-10-28,000568,0.0011395514011383057,-0.004764228127896786,0.0011395514011383057,1.0,vanilla_transformer_v10,2026-08-03 14:03:00
2025-10-28,000977,0.0010187923908233643,0.037144873291254044,0.0010187923908233643,1.0,vanilla_transformer_v10,2026-08-03 14:03:00
2025-10-28,600438,0.0008666664361953735,0.0952664241194725,0.0008666664361953735,1.0,vanilla_transformer_v10,2026-08-03 14:03:00
2025-10-28,601012,0.0006678998470306396,0.09532968699932098,0.0006678998470306396,1.0,vanilla_transformer_v10,2026-08-03 14:03:00
2025-10-28,300308,0.0006478652358055115,0.014937121421098709,0.0006478652358055115,1.0,vanilla_transformer_v10,2026-08-03 14:03:00
2025-10-28,300454,0.0005545169115066528,0.005389442667365074,0.0005545169115066528,1.0,vanilla_transformer_v10,2026-08-03 14:03:00
2025-10-28,600036,0.000528290867805481,-0.020143283531069756,0.000528290867805481,1.0,vanilla_transformer_v10,2026-08-03 14:03:00
2025-10-28,600887,0.0005176663398742676,-0.0033056684769690037,0.0005176663398742676,1.0,vanilla_transformer_v10,2026-08-03 14:03:00
2025-10-28,300750,0.0004671141505241394,0.034393418580293655,0.0004671141505241394,1.0,vanilla_transformer_v10,2026-08-03 14:03:00
2025-10-28,000858,0.0004073530435562134,-0.010632611811161041,0.0004073530435562134,1.0,vanilla_transformer_v10,2026-08-03 14:03:00
2025-10-28,600519,0.00010097026824951172,-0.009106946177780628,0.00010097026824951172,1.0,vanilla_transformer_v10,2026-08-03 14:03:00
2025-10-28,002594,2.985447645187378e-05,0.007682261988520622,2.985447645187378e-05,1.0,vanilla_transformer_v10,2026-08-03 14:03:00
2025-10-28,600584,3.591179847717285e-06,-0.00212690606713295,3.591179847717285e-06,1.0,vanilla_transformer_v10,2026-08-03 14:03:00
2025-10-28,603501,-0.0002931654453277588,-0.00960333552211523,0.0002931654453277588,0.0,vanilla_transformer_v10,2026-08-03 14:03:00
2025-10-28,688981,-0.0003726854920387268,0.0023335476871579885,0.0003726854920387268,0.0,vanilla_transformer_v10,2026-08-03 14:03:00
2025-10-28,300782,-0.0004567578434944153,0.006994304712861776,0.0004567578434944153,0.0,vanilla_transformer_v10,2026-08-03 14:03:00
2025-10-28,601318,-0.0007450804114341736,0.020402731373906136,0.0007450804114341736,0.0,vanilla_transformer_v10,2026-08-03 14:03:00
2025-10-28,002371,-0.0007574930787086487,-0.005603378638625145,0.0007574930787086487,0.0,vanilla_transformer_v10,2026-08-03 14:03:00
2025-10-28,688012,-0.0008225888013839722,0.00393059803172946,0.0008225888013839722,0.0,vanilla_transformer_v10,2026-08-03 14:03:00
2025-10-29,601012,0.002421863377094269,0.034038905054330826,0.002421863377094269,1.0,vanilla_transformer_v10,2026-08-03 14:03:00
2025-10-29,600438,0.0020911917090415955,-0.003653105581179261,0.0020911917090415955,1.0,vanilla_transformer_v10,2026-08-03 14:03:00
2025-10-29,000977,0.0009862855076789856,-0.019705772399902344,0.0009862855076789856,1.0,vanilla_transformer_v10,2026-08-03 14:03:00
2025-10-29,601138,0.0009703934192657471,-0.035628803074359894,0.0009703934192657471,1.0,vanilla_transformer_v10,2026-08-03 14:03:00
2025-10-29,300750,0.0006936714053153992,-0.004280817229300737,0.0006936714053153992,1.0,vanilla_transformer_v10,2026-08-03 14:03:00
2025-10-29,300308,0.0006126537919044495,-0.011549988761544228,0.0006126537919044495,1.0,vanilla_transformer_v10,2026-08-03 14:03:00
2025-10-29,002230,0.0005511045455932617,0.0005569328204728663,0.0005511045455932617,1.0,vanilla_transformer_v10,2026-08-03 14:03:00
2025-10-29,600036,0.00043292343616485596,0.01047880295664072,0.00043292343616485596,1.0,vanilla_transformer_v10,2026-08-03 14:03:00
2025-10-29,000568,0.00037660449743270874,7.719448331044987e-05,0.00037660449743270874,1.0,vanilla_transformer_v10,2026-08-03 14:03:00
2025-10-29,000858,0.0003684982657432556,-0.003034065244719386,0.0003684982657432556,1.0,vanilla_transformer_v10,2026-08-03 14:03:00
2025-10-29,601318,0.0002904459834098816,-0.005102606024593115,0.0002904459834098816,1.0,vanilla_transformer_v10,2026-08-03 14:03:00
2025-10-29,300454,0.00014479458332061768,0.005360552575439215,0.00014479458332061768,1.0,vanilla_transformer_v10,2026-08-03 14:03:00
2025-10-29,600887,2.734363079071045e-06,0.006600445602089167,2.734363079071045e-06,1.0,vanilla_transformer_v10,2026-08-03 14:03:00
2025-10-29,002594,-5.4232776165008545e-05,-0.008723290637135506,5.4232776165008545e-05,0.0,vanilla_transformer_v10,2026-08-03 14:03:00
2025-10-29,600519,-0.00022437423467636108,-0.003609990468248725,0.00022437423467636108,0.0,vanilla_transformer_v10,2026-08-03 14:03:00
2025-10-29,688981,-0.00026429444551467896,-0.03403119370341301,0.00026429444551467896,0.0,vanilla_transformer_v10,2026-08-03 14:03:00
2025-10-29,002465,-0.00028718262910842896,-0.022338291630148888,0.00028718262910842896,0.0,vanilla_transformer_v10,2026-08-03 14:03:00
2025-10-29,688012,-0.0006496384739875793,0.011302192695438862,0.0006496384739875793,0.0,vanilla_transformer_v10,2026-08-03 14:03:00
2025-10-29,002371,-0.0007530748844146729,-0.01935392990708351,0.0007530748844146729,0.0,vanilla_transformer_v10,2026-08-03 14:03:00
2025-10-29,600584,-0.0009656250476837158,-0.004785935860127211,0.0009656250476837158,0.0,vanilla_transformer_v10,2026-08-03 14:03:00
2025-10-29,603501,-0.0011235028505325317,-0.021854326128959656,0.0011235028505325317,0.0,vanilla_transformer_v10,2026-08-03 14:03:00
2025-10-29,300782,-0.001650683581829071,-0.045920707285404205,0.001650683581829071,0.0,vanilla_transformer_v10,2026-08-03 14:03:00
2025-10-30,601012,0.0021133646368980408,-0.01876995339989662,0.0021133646368980408,1.0,vanilla_transformer_v10,2026-08-03 14:03:00
2025-10-30,600036,0.0016533657908439636,-0.007556992582976818,0.0016533657908439636,1.0,vanilla_transformer_v10,2026-08-03 14:03:00
2025-10-30,600887,0.0012785270810127258,0.0018252527806907892,0.0012785270810127258,1.0,vanilla_transformer_v10,2026-08-03 14:03:00
2025-10-30,600438,0.0012784525752067566,0.0,0.0012784525752067566,1.0,vanilla_transformer_v10,2026-08-03 14:03:00
2025-10-30,601138,0.0011100396513938904,-0.07963676750659943,0.0011100396513938904,1.0,vanilla_transformer_v10,2026-08-03 14:03:00
2025-10-30,000568,0.0009872689843177795,0.03525202348828316,0.0009872689843177795,1.0,vanilla_transformer_v10,2026-08-03 14:03:00
2025-10-30,002230,0.0008739158511161804,0.028831548988819122,0.0008739158511161804,1.0,vanilla_transformer_v10,2026-08-03 14:03:00
2025-10-30,000858,0.0007259175181388855,0.004382868763059378,0.0007259175181388855,1.0,vanilla_transformer_v10,2026-08-03 14:03:00
2025-10-30,002465,0.000638224184513092,-0.019399819895625114,0.000638224184513092,1.0,vanilla_transformer_v10,2026-08-03 14:03:00
2025-10-30,000977,0.00048498809337615967,-0.06152963265776634,0.00048498809337615967,1.0,vanilla_transformer_v10,2026-08-03 14:03:00
2025-10-30,600519,0.000385090708732605,0.0022885045036673546,0.000385090708732605,1.0,vanilla_transformer_v10,2026-08-03 14:03:00
2025-10-30,300308,0.00037360936403274536,-0.08454664796590805,0.00037360936403274536,1.0,vanilla_transformer_v10,2026-08-03 14:03:00
2025-10-30,688012,0.00034884363412857056,-0.07141353189945221,0.00034884363412857056,1.0,vanilla_transformer_v10,2026-08-03 14:03:00
2025-10-30,300454,0.00022276490926742554,0.12765054404735565,0.00022276490926742554,1.0,vanilla_transformer_v10,2026-08-03 14:03:00
2025-10-30,300750,-7.361173629760742e-05,-0.024199320003390312,7.361173629760742e-05,0.0,vanilla_transformer_v10,2026-08-03 14:03:00
2025-10-30,601318,-0.0002544224262237549,-0.014085126109421253,0.0002544224262237549,0.0,vanilla_transformer_v10,2026-08-03 14:03:00
2025-10-30,688981,-0.00029527395963668823,-0.03458580747246742,0.00029527395963668823,0.0,vanilla_transformer_v10,2026-08-03 14:03:00
2025-10-30,002594,-0.00040746480226516724,-0.027611736208200455,0.00040746480226516724,0.0,vanilla_transformer_v10,2026-08-03 14:03:00
2025-10-30,600584,-0.0005312860012054443,-0.038730718195438385,0.0005312860012054443,0.0,vanilla_transformer_v10,2026-08-03 14:03:00
2025-10-30,300782,-0.0009244456887245178,-0.008265767246484756,0.0009244456887245178,0.0,vanilla_transformer_v10,2026-08-03 14:03:00
2025-10-30,002371,-0.0009269416332244873,-0.02054598554968834,0.0009269416332244873,0.0,vanilla_transformer_v10,2026-08-03 14:03:00
2025-10-30,603501,-0.0009612515568733215,-0.012474865652620792,0.0009612515568733215,0.0,vanilla_transformer_v10,2026-08-03 14:03:00
2025-10-31,601138,0.002624906599521637,0.03931540995836258,0.002624906599521637,1.0,vanilla_transformer_v10,2026-08-03 14:03:00
2025-10-31,601012,0.002477869391441345,0.030321836471557617,0.002477869391441345,1.0,vanilla_transformer_v10,2026-08-03 14:03:00
2025-10-31,300308,0.0013629570603370667,0.014671636745333672,0.0013629570603370667,1.0,vanilla_transformer_v10,2026-08-03 14:03:00
2025-10-31,000858,0.001308731734752655,-8.363198867300525e-05,0.001308731734752655,1.0,vanilla_transformer_v10,2026-08-03 14:03:00
2025-10-31,000977,0.0012934356927871704,-0.022483961656689644,0.0012934356927871704,1.0,vanilla_transformer_v10,2026-08-03 14:03:00
2025-10-31,000568,0.0011155083775520325,0.0037087236996740103,0.0011155083775520325,1.0,vanilla_transformer_v10,2026-08-03 14:03:00
2025-10-31,688012,0.0009085759520530701,-0.005212063901126385,0.0009085759520530701,1.0,vanilla_transformer_v10,2026-08-03 14:03:00
2025-10-31,600887,0.0008496567606925964,0.001458704355172813,0.0008496567606925964,1.0,vanilla_transformer_v10,2026-08-03 14:03:00
2025-10-31,002230,0.0007373914122581482,0.0,0.0007373914122581482,1.0,vanilla_transformer_v10,2026-08-03 14:03:00
2025-10-31,002594,0.0006436556577682495,-0.011879822239279747,0.0006436556577682495,1.0,vanilla_transformer_v10,2026-08-03 14:03:00
2025-10-31,002465,0.0005140677094459534,0.01356072910130024,0.0005140677094459534,1.0,vanilla_transformer_v10,2026-08-03 14:03:00
2025-10-31,600438,0.0004646778106689453,0.01719863899052143,0.0004646778106689453,1.0,vanilla_transformer_v10,2026-08-03 14:03:00
2025-10-31,300454,0.00041149556636810303,0.02258753590285778,0.00041149556636810303,1.0,vanilla_transformer_v10,2026-08-03 14:03:00
2025-10-31,300750,0.0003932937979698181,-0.004929790738970041,0.0003932937979698181,1.0,vanilla_transformer_v10,2026-08-03 14:03:00
2025-10-31,600036,0.00027272850275039673,0.021799350157380104,0.00027272850275039673,1.0,vanilla_transformer_v10,2026-08-03 14:03:00
2025-10-31,600519,4.0724873542785645e-05,0.0034835117403417826,4.0724873542785645e-05,1.0,vanilla_transformer_v10,2026-08-03 14:03:00
2025-10-31,601318,2.104043960571289e-05,0.00824497640132904,2.104043960571289e-05,1.0,vanilla_transformer_v10,2026-08-03 14:03:00
2025-10-31,688981,-5.089491605758667e-05,-0.032491911202669144,5.089491605758667e-05,0.0,vanilla_transformer_v10,2026-08-03 14:03:00
2025-10-31,600584,-0.0005799829959869385,-0.01438971422612667,0.0005799829959869385,0.0,vanilla_transformer_v10,2026-08-03 14:03:00
2025-10-31,002371,-0.0010133609175682068,-0.014972737990319729,0.0010133609175682068,0.0,vanilla_transformer_v10,2026-08-03 14:03:00
2025-10-31,300782,-0.0018745213747024536,-0.005360985174775124,0.0018745213747024536,0.0,vanilla_transformer_v10,2026-08-03 14:03:00
2025-10-31,603501,-0.00197456032037735,-0.008797792717814445,0.00197456032037735,0.0,vanilla_transformer_v10,2026-08-03 14:03:00
2025-11-03,601138,0.003157705068588257,-0.018889956176280975,0.003157705068588257,1.0,vanilla_transformer_v10,2026-08-03 14:03:00
2025-11-03,601012,0.0019063800573349,-0.019027138128876686,0.0019063800573349,1.0,vanilla_transformer_v10,2026-08-03 14:03:00
2025-11-03,300308,0.001605987548828125,-0.004596908576786518,0.001605987548828125,1.0,vanilla_transformer_v10,2026-08-03 14:03:00
2025-11-03,600036,0.0010139122605323792,0.028744079172611237,0.0010139122605323792,1.0,vanilla_transformer_v10,2026-08-03 14:03:00
2025-11-03,688012,0.0009873732924461365,0.05236469954252243,0.0009873732924461365,1.0,vanilla_transformer_v10,2026-08-03 14:03:00
2025-11-03,600438,0.0009593069553375244,-0.036748774349689484,0.0009593069553375244,1.0,vanilla_transformer_v10,2026-08-03 14:03:00
2025-11-03,000977,0.0008819922804832458,-0.023480672389268875,0.0008819922804832458,1.0,vanilla_transformer_v10,2026-08-03 14:03:00
2025-11-03,688981,0.0007961392402648926,-0.0027489708736538887,0.0007961392402648926,1.0,vanilla_transformer_v10,2026-08-03 14:03:00
2025-11-03,300750,0.0004855617880821228,-0.020652951672673225,0.0004855617880821228,1.0,vanilla_transformer_v10,2026-08-03 14:03:00
2025-11-03,002230,0.00025863200426101685,-0.02754228562116623,0.00025863200426101685,1.0,vanilla_transformer_v10,2026-08-03 14:03:00
2025-11-03,002594,0.00022786855697631836,-0.018234655261039734,0.00022786855697631836,1.0,vanilla_transformer_v10,2026-08-03 14:03:00
2025-11-03,600887,0.00014669448137283325,-0.013937539421021938,0.00014669448137283325,1.0,vanilla_transformer_v10,2026-08-03 14:03:00
2025-11-03,000858,0.00013071298599243164,-0.01541863288730383,0.00013071298599243164,1.0,vanilla_transformer_v10,2026-08-03 14:03:00
2025-11-03,000568,5.630403757095337e-05,-0.014471293427050114,5.630403757095337e-05,1.0,vanilla_transformer_v10,2026-08-03 14:03:00
2025-11-03,002465,-1.4550983905792236e-05,-0.024783387780189514,1.4550983905792236e-05,0.0,vanilla_transformer_v10,2026-08-03 14:03:00
2025-11-03,002371,-4.0277838706970215e-05,0.010985069908201694,4.0277838706970215e-05,0.0,vanilla_transformer_v10,2026-08-03 14:03:00
2025-11-03,600584,-0.0001386776566505432,0.009390379302203655,0.0001386776566505432,0.0,vanilla_transformer_v10,2026-08-03 14:03:00
2025-11-03,600519,-0.0002491697669029236,-0.004190032370388508,0.0002491697669029236,0.0,vanilla_transformer_v10,2026-08-03 14:03:00
2025-11-03,601318,-0.0005037263035774231,0.01078030839562416,0.0005037263035774231,0.0,vanilla_transformer_v10,2026-08-03 14:03:00
2025-11-03,300782,-0.0008716508746147156,-0.025090085342526436,0.0008716508746147156,0.0,vanilla_transformer_v10,2026-08-03 14:03:00
2025-11-03,300454,-0.0009744316339492798,-0.03849974274635315,0.0009744316339492798,0.0,vanilla_transformer_v10,2026-08-03 14:03:00
2025-11-03,603501,-0.0012167468667030334,-0.021562490612268448,0.0012167468667030334,0.0,vanilla_transformer_v10,2026-08-03 14:03:00
2025-11-04,600036,0.002357766032218933,-0.004876597784459591,0.002357766032218933,1.0,vanilla_transformer_v10,2026-08-03 14:03:00
2025-11-04,688012,0.0023147687315940857,0.0022392626851797104,0.0023147687315940857,1.0,vanilla_transformer_v10,2026-08-03 14:03:00
2025-11-04,300308,0.00201570987701416,-0.0016546068945899606,0.00201570987701416,1.0,vanilla_transformer_v10,2026-08-03 14:03:00
2025-11-04,601012,0.0019027739763259888,0.023165427148342133,0.0019027739763259888,1.0,vanilla_transformer_v10,2026-08-03 14:03:00
2025-11-04,601138,0.0015045255422592163,0.02361331135034561,0.0015045255422592163,1.0,vanilla_transformer_v10,2026-08-03 14:03:00
2025-11-04,600887,0.0011176615953445435,0.006627163849771023,0.0011176615953445435,1.0,vanilla_transformer_v10,2026-08-03 14:03:00
2025-11-04,600438,0.001115657389163971,0.004096840042620897,0.001115657389163971,1.0,vanilla_transformer_v10,2026-08-03 14:03:00
2025-11-04,000977,0.001060381531715393,0.0033519049175083637,0.001060381531715393,1.0,vanilla_transformer_v10,2026-08-03 14:03:00
2025-11-04,600584,0.0007062777876853943,-0.023920813575387,0.0007062777876853943,1.0,vanilla_transformer_v10,2026-08-03 14:03:00
2025-11-04,002230,0.0006683096289634705,-0.024701427668333054,0.0006683096289634705,1.0,vanilla_transformer_v10,2026-08-03 14:03:00
2025-11-04,688981,0.00040359795093536377,-0.0008345156093128026,0.00040359795093536377,1.0,vanilla_transformer_v10,2026-08-03 14:03:00
2025-11-04,300750,0.00035105645656585693,0.025408532470464706,0.00035105645656585693,1.0,vanilla_transformer_v10,2026-08-03 14:03:00
2025-11-04,002594,0.00033992528915405273,-0.020658504217863083,0.00033992528915405273,1.0,vanilla_transformer_v10,2026-08-03 14:03:00
2025-11-04,002465,0.00022389739751815796,-0.0033674114383757114,0.00022389739751815796,1.0,vanilla_transformer_v10,2026-08-03 14:03:00
2025-11-04,000858,0.0001589953899383545,-0.008398773148655891,0.0001589953899383545,1.0,vanilla_transformer_v10,2026-08-03 14:03:00
2025-11-04,000568,8.121877908706665e-05,-0.007011481560766697,8.121877908706665e-05,1.0,vanilla_transformer_v10,2026-08-03 14:03:00
2025-11-04,601318,-0.0001253262162208557,-0.010616099461913109,0.0001253262162208557,0.0,vanilla_transformer_v10,2026-08-03 14:03:00
2025-11-04,002371,-0.00022246688604354858,-0.021440189331769943,0.00022246688604354858,0.0,vanilla_transformer_v10,2026-08-03 14:03:00
2025-11-04,600519,-0.0005075186491012573,-0.006261750590056181,0.0005075186491012573,0.0,vanilla_transformer_v10,2026-08-03 14:03:00
2025-11-04,300454,-0.0005087405443191528,-0.046483296900987625,0.0005087405443191528,0.0,vanilla_transformer_v10,2026-08-03 14:03:00
2025-11-04,300782,-0.0006075352430343628,0.0008133387891575694,0.0006075352430343628,0.0,vanilla_transformer_v10,2026-08-03 14:03:00
2025-11-04,603501,-0.0008857399225234985,-0.006693619769066572,0.0008857399225234985,0.0,vanilla_transformer_v10,2026-08-03 14:03:00
2025-11-05,601012,0.0031453073024749756,-0.003672458464279771,0.0031453073024749756,1.0,vanilla_transformer_v10,2026-08-03 14:03:00
2025-11-05,601138,0.00311153382062912,0.01293073408305645,0.00311153382062912,1.0,vanilla_transformer_v10,2026-08-03 14:03:00
2025-11-05,600438,0.0023597031831741333,0.02270987629890442,0.0023597031831741333,1.0,vanilla_transformer_v10,2026-08-03 14:03:00
2025-11-05,300750,0.0013730227947235107,0.01526828482747078,0.0013730227947235107,1.0,vanilla_transformer_v10,2026-08-03 14:03:00
2025-11-05,688012,0.0012494474649429321,0.04171765223145485,0.0012494474649429321,1.0,vanilla_transformer_v10,2026-08-03 14:03:00
2025-11-05,002594,0.0011206045746803284,0.01779838837683201,0.0011206045746803284,1.0,vanilla_transformer_v10,2026-08-03 14:03:00
2025-11-05,300308,0.0009392723441123962,0.04081258550286293,0.0009392723441123962,1.0,vanilla_transformer_v10,2026-08-03 14:03:00
2025-11-05,000977,0.0006861090660095215,0.0201287679374218,0.0006861090660095215,1.0,vanilla_transformer_v10,2026-08-03 14:03:00
2025-11-05,688981,0.0006322488188743591,0.04145628958940506,0.0006322488188743591,1.0,vanilla_transformer_v10,2026-08-03 14:03:00
2025-11-05,002230,0.0005984604358673096,0.015600424259901047,0.0005984604358673096,1.0,vanilla_transformer_v10,2026-08-03 14:03:00
2025-11-05,600887,0.0004156157374382019,-0.0011029895395040512,0.0004156157374382019,1.0,vanilla_transformer_v10,2026-08-03 14:03:00
2025-11-05,600036,-1.3634562492370605e-05,-0.010821636766195297,1.3634562492370605e-05,0.0,vanilla_transformer_v10,2026-08-03 14:03:00
2025-11-05,000568,-0.00015141069889068604,-0.0020449182484298944,0.00015141069889068604,0.0,vanilla_transformer_v10,2026-08-03 14:03:00
2025-11-05,000858,-0.00016748160123825073,-8.565504685975611e-05,0.00016748160123825073,0.0,vanilla_transformer_v10,2026-08-03 14:03:00
2025-11-05,300454,-0.0001705959439277649,0.028274092823266983,0.0001705959439277649,0.0,vanilla_transformer_v10,2026-08-03 14:03:00
2025-11-05,002465,-0.0002072751522064209,0.002526621101424098,0.0002072751522064209,0.0,vanilla_transformer_v10,2026-08-03 14:03:00
2025-11-05,600584,-0.0004463493824005127,0.020596636459231377,0.0004463493824005127,0.0,vanilla_transformer_v10,2026-08-03 14:03:00
2025-11-05,002371,-0.0005076974630355835,0.03508687764406204,0.0005076974630355835,0.0,vanilla_transformer_v10,2026-08-03 14:03:00
2025-11-05,600519,-0.000645563006401062,0.010542593896389008,0.000645563006401062,0.0,vanilla_transformer_v10,2026-08-03 14:03:00
2025-11-05,601318,-0.0008676499128341675,0.009911855682730675,0.0008676499128341675,0.0,vanilla_transformer_v10,2026-08-03 14:03:00
2025-11-05,300782,-0.000875227153301239,-0.003152090823277831,0.000875227153301239,0.0,vanilla_transformer_v10,2026-08-03 14:03:00
2025-11-05,603501,-0.0010104924440383911,0.01299989502876997,0.0010104924440383911,0.0,vanilla_transformer_v10,2026-08-03 14:03:00
2025-11-06,600438,0.0021477416157722473,0.06549635529518127,0.0021477416157722473,1.0,vanilla_transformer_v10,2026-08-03 14:03:00
2025-11-06,601138,0.0019253790378570557,-0.047285038977861404,0.0019253790378570557,1.0,vanilla_transformer_v10,2026-08-03 14:03:00
2025-11-06,601012,0.0018324628472328186,0.029868030920624733,0.0018324628472328186,1.0,vanilla_transformer_v10,2026-08-03 14:03:00
2025-11-06,688981,0.0012621209025382996,-0.02219073846936226,0.0012621209025382996,1.0,vanilla_transformer_v10,2026-08-03 14:03:00
2025-11-06,688012,0.0009566321969032288,0.010187175124883652,0.0009566321969032288,1.0,vanilla_transformer_v10,2026-08-03 14:03:00
2025-11-06,002594,0.0009165182709693909,-0.003292747540399432,0.0009165182709693909,1.0,vanilla_transformer_v10,2026-08-03 14:03:00
2025-11-06,002230,0.0007273629307746887,-0.02035215124487877,0.0007273629307746887,1.0,vanilla_transformer_v10,2026-08-03 14:03:00
2025-11-06,000977,0.0007014423608779907,-0.021883126348257065,0.0007014423608779907,1.0,vanilla_transformer_v10,2026-08-03 14:03:00
2025-11-06,300308,0.0005799680948257446,-0.013841678388416767,0.0005799680948257446,1.0,vanilla_transformer_v10,2026-08-03 14:03:00
2025-11-06,600036,0.0001669749617576599,0.004023279994726181,0.0001669749617576599,1.0,vanilla_transformer_v10,2026-08-03 14:03:00
2025-11-06,601318,0.00014468282461166382,-0.00016258840332739055,0.00014468282461166382,1.0,vanilla_transformer_v10,2026-08-03 14:03:00
2025-11-06,000858,6.169825792312622e-05,0.004980973433703184,6.169825792312622e-05,1.0,vanilla_transformer_v10,2026-08-03 14:03:00
2025-11-06,002371,4.953145980834961e-05,0.00666617788374424,4.953145980834961e-05,1.0,vanilla_transformer_v10,2026-08-03 14:03:00
2025-11-06,000568,4.579871892929077e-05,-0.0018967895302921534,4.579871892929077e-05,1.0,vanilla_transformer_v10,2026-08-03 14:03:00
2025-11-06,002465,2.6494264602661133e-05,0.015500489622354507,2.6494264602661133e-05,1.0,vanilla_transformer_v10,2026-08-03 14:03:00
2025-11-06,600887,-7.20098614692688e-05,0.002570248441770673,7.20098614692688e-05,0.0,vanilla_transformer_v10,2026-08-03 14:03:00
2025-11-06,600584,-0.00017555058002471924,-0.019556667655706406,0.00017555058002471924,0.0,vanilla_transformer_v10,2026-08-03 14:03:00
2025-11-06,300454,-0.00018246471881866455,-0.036059390753507614,0.00018246471881866455,0.0,vanilla_transformer_v10,2026-08-03 14:03:00
2025-11-06,300750,-0.00022137165069580078,0.001740736304782331,0.00022137165069580078,0.0,vanilla_transformer_v10,2026-08-03 14:03:00
2025-11-06,300782,-0.000372081995010376,-0.013668362982571125,0.000372081995010376,0.0,vanilla_transformer_v10,2026-08-03 14:03:00
2025-11-06,600519,-0.00040296465158462524,-0.0012550532119348645,0.00040296465158462524,0.0,vanilla_transformer_v10,2026-08-03 14:03:00
2025-11-06,603501,-0.0005414709448814392,-0.014448373578488827,0.0005414709448814392,0.0,vanilla_transformer_v10,2026-08-03 14:03:00
2025-11-07,600438,0.003945536911487579,0.018977563828229904,0.003945536911487579,1.0,vanilla_transformer_v10,2026-08-03 14:03:00
2025-11-07,601012,0.003410451114177704,0.016364041715860367,0.003410451114177704,1.0,vanilla_transformer_v10,2026-08-03 14:03:00
2025-11-07,601138,0.0032402053475379944,-0.01662607118487358,0.0032402053475379944,1.0,vanilla_transformer_v10,2026-08-03 14:03:00
2025-11-07,002465,0.0016669556498527527,0.005898330360651016,0.0016669556498527527,1.0,vanilla_transformer_v10,2026-08-03 14:03:00
2025-11-07,688012,0.0012028589844703674,0.023311227560043335,0.0012028589844703674,1.0,vanilla_transformer_v10,2026-08-03 14:03:00
2025-11-07,300308,0.001001514494419098,-0.00010210317122982815,0.001001514494419098,1.0,vanilla_transformer_v10,2026-08-03 14:03:00
2025-11-07,002230,0.0006106570363044739,0.007403421215713024,0.0006106570363044739,1.0,vanilla_transformer_v10,2026-08-03 14:03:00
2025-11-07,000977,0.0005420520901679993,-0.008367444388568401,0.0005420520901679993,1.0,vanilla_transformer_v10,2026-08-03 14:03:00
2025-11-07,002594,0.0004991665482521057,0.022281985729932785,0.0004991665482521057,1.0,vanilla_transformer_v10,2026-08-03 14:03:00
2025-11-07,300454,0.0004246756434440613,-0.0035069154109805822,0.0004246756434440613,1.0,vanilla_transformer_v10,2026-08-03 14:03:00
2025-11-07,600036,0.00039239227771759033,0.004909782204777002,0.00039239227771759033,1.0,vanilla_transformer_v10,2026-08-03 14:03:00
2025-11-07,000568,0.0003568008542060852,0.07912581413984299,0.0003568008542060852,1.0,vanilla_transformer_v10,2026-08-03 14:03:00
2025-11-07,000858,0.00033324211835861206,0.03410174697637558,0.00033324211835861206,1.0,vanilla_transformer_v10,2026-08-03 14:03:00
2025-11-07,600887,0.0002686604857444763,0.035280466079711914,0.0002686604857444763,1.0,vanilla_transformer_v10,2026-08-03 14:03:00
2025-11-07,688981,0.0002065524458885193,-0.01734720543026924,0.0002065524458885193,1.0,vanilla_transformer_v10,2026-08-03 14:03:00
2025-11-07,002371,-8.840858936309814e-05,0.004679144360125065,8.840858936309814e-05,0.0,vanilla_transformer_v10,2026-08-03 14:03:00
2025-11-07,300750,-0.00016354769468307495,-0.027856210246682167,0.00016354769468307495,0.0,vanilla_transformer_v10,2026-08-03 14:03:00
2025-11-07,300782,-0.0002383887767791748,0.01668931543827057,0.0002383887767791748,0.0,vanilla_transformer_v10,2026-08-03 14:03:00
2025-11-07,600584,-0.00044099241495132446,0.006905627902597189,0.00044099241495132446,0.0,vanilla_transformer_v10,2026-08-03 14:03:00
2025-11-07,601318,-0.0006309375166893005,0.006913714576512575,0.0006309375166893005,0.0,vanilla_transformer_v10,2026-08-03 14:03:00
2025-11-07,600519,-0.0006313994526863098,0.020010296255350113,0.0006313994526863098,0.0,vanilla_transformer_v10,2026-08-03 14:03:00
2025-11-07,603501,-0.0008445456624031067,0.0026057513896375895,0.0008445456624031067,0.0,vanilla_transformer_v10,2026-08-03 14:03:00
2025-11-10,601138,0.0034319236874580383,-0.04974102973937988,0.0034319236874580383,1.0,vanilla_transformer_v10,2026-08-03 14:03:00
2025-11-10,600887,0.003189079463481903,0.0028223730623722076,0.003189079463481903,1.0,vanilla_transformer_v10,2026-08-03 14:03:00
2025-11-10,600438,0.0030629336833953857,-0.01632675528526306,0.0030629336833953857,1.0,vanilla_transformer_v10,2026-08-03 14:03:00
2025-11-10,601012,0.0021996423602104187,-0.015912126749753952,0.0021996423602104187,1.0,vanilla_transformer_v10,2026-08-03 14:03:00
2025-11-10,000568,0.002073533833026886,-0.005983925424516201,0.002073533833026886,1.0,vanilla_transformer_v10,2026-08-03 14:03:00
2025-11-10,300308,0.001487933099269867,-0.0458289235830307,0.001487933099269867,1.0,vanilla_transformer_v10,2026-08-03 14:03:00
2025-11-10,000858,0.0014711394906044006,-0.00016476459859404713,0.0014711394906044006,1.0,vanilla_transformer_v10,2026-08-03 14:03:00
2025-11-10,002465,0.000766560435295105,-0.011117796413600445,0.000766560435295105,1.0,vanilla_transformer_v10,2026-08-03 14:03:00
2025-11-10,002594,0.000708654522895813,-0.0068576824851334095,0.000708654522895813,1.0,vanilla_transformer_v10,2026-08-03 14:03:00
2025-11-10,688012,0.0006883516907691956,-0.03317340090870857,0.0006883516907691956,1.0,vanilla_transformer_v10,2026-08-03 14:03:00
2025-11-10,000977,0.0001938939094543457,-0.028341978788375854,0.0001938939094543457,1.0,vanilla_transformer_v10,2026-08-03 14:03:00
2025-11-10,601318,4.6566128730773926e-05,-0.0016700340202078223,4.6566128730773926e-05,1.0,vanilla_transformer_v10,2026-08-03 14:03:00
2025-11-10,300454,3.0763447284698486e-05,-0.013240869157016277,3.0763447284698486e-05,1.0,vanilla_transformer_v10,2026-08-03 14:03:00
2025-11-10,688981,-0.00014936178922653198,-0.019181204959750175,0.00014936178922653198,0.0,vanilla_transformer_v10,2026-08-03 14:03:00
2025-11-10,002230,-0.0001682490110397339,-0.027408601716160774,0.0001682490110397339,0.0,vanilla_transformer_v10,2026-08-03 14:03:00
2025-11-10,600519,-0.0001842603087425232,-0.0022658254019916058,0.0001842603087425232,0.0,vanilla_transformer_v10,2026-08-03 14:03:00
2025-11-10,600036,-0.0005145147442817688,0.005612336099147797,0.0005145147442817688,0.0,vanilla_transformer_v10,2026-08-03 14:03:00
2025-11-10,300750,-0.0006518736481666565,0.0028410647064447403,0.0006518736481666565,0.0,vanilla_transformer_v10,2026-08-03 14:03:00
2025-11-10,002371,-0.0006615221500396729,-0.00045835747732780874,0.0006615221500396729,0.0,vanilla_transformer_v10,2026-08-03 14:03:00
2025-11-10,600584,-0.0009676963090896606,-0.017214279621839523,0.0009676963090896606,0.0,vanilla_transformer_v10,2026-08-03 14:03:00
2025-11-10,300782,-0.0010640546679496765,0.023716526105999947,0.0010640546679496765,0.0,vanilla_transformer_v10,2026-08-03 14:03:00
2025-11-10,603501,-0.0012745112180709839,-0.018384480848908424,0.0012745112180709839,0.0,vanilla_transformer_v10,2026-08-03 14:03:00
2025-11-11,601138,0.0035639479756355286,0.008279317989945412,0.0035639479756355286,1.0,vanilla_transformer_v10,2026-08-03 14:03:00
2025-11-11,600438,0.002896033227443695,-0.06256743520498276,0.002896033227443695,1.0,vanilla_transformer_v10,2026-08-03 14:03:00
2025-11-11,601012,0.002610236406326294,-0.07637656480073929,0.002610236406326294,1.0,vanilla_transformer_v10,2026-08-03 14:03:00
2025-11-11,300308,0.001952439546585083,0.04939326271414757,0.001952439546585083,1.0,vanilla_transformer_v10,2026-08-03 14:03:00
2025-11-11,600887,0.0016132816672325134,0.0045753782615065575,0.0016132816672325134,1.0,vanilla_transformer_v10,2026-08-03 14:03:00
2025-11-11,002230,0.0012755617499351501,-0.01821983978152275,0.0012755617499351501,1.0,vanilla_transformer_v10,2026-08-03 14:03:00
2025-11-11,000977,0.0011539384722709656,-0.0003312464978080243,0.0011539384722709656,1.0,vanilla_transformer_v10,2026-08-03 14:03:00
2025-11-11,688012,0.0008375048637390137,-0.01101120375096798,0.0008375048637390137,1.0,vanilla_transformer_v10,2026-08-03 14:03:00
2025-11-11,002594,0.0004204288125038147,-0.009563576430082321,0.0004204288125038147,1.0,vanilla_transformer_v10,2026-08-03 14:03:00
2025-11-11,000858,0.00031972676515579224,-0.0033204557839781046,0.00031972676515579224,1.0,vanilla_transformer_v10,2026-08-03 14:03:00
2025-11-11,000568,0.00023096799850463867,0.001621799310669303,0.00023096799850463867,1.0,vanilla_transformer_v10,2026-08-03 14:03:00
2025-11-11,600036,0.00021930038928985596,-0.0006837899563834071,0.00021930038928985596,1.0,vanilla_transformer_v10,2026-08-03 14:03:00
2025-11-11,688981,0.0001675039529800415,0.016009779646992683,0.0001675039529800415,1.0,vanilla_transformer_v10,2026-08-03 14:03:00
2025-11-11,300454,9.279698133468628e-05,-0.017622705549001694,9.279698133468628e-05,1.0,vanilla_transformer_v10,2026-08-03 14:03:00
2025-11-11,300750,4.604458808898926e-05,0.0020109189208596945,4.604458808898926e-05,1.0,vanilla_transformer_v10,2026-08-03 14:03:00
2025-11-11,002465,-3.49581241607666e-05,0.0052194660529494286,3.49581241607666e-05,0.0,vanilla_transformer_v10,2026-08-03 14:03:00
2025-11-11,300782,-0.00019086897373199463,-0.02979397401213646,0.00019086897373199463,0.0,vanilla_transformer_v10,2026-08-03 14:03:00
2025-11-11,600584,-0.0003531798720359802,-0.021800000220537186,0.0003531798720359802,0.0,vanilla_transformer_v10,2026-08-03 14:03:00
2025-11-11,600519,-0.0005638524889945984,0.004212487023323774,0.0005638524889945984,0.0,vanilla_transformer_v10,2026-08-03 14:03:00
2025-11-11,601318,-0.0007127150893211365,0.01392109040170908,0.0007127150893211365,0.0,vanilla_transformer_v10,2026-08-03 14:03:00
2025-11-11,603501,-0.0008237212896347046,0.002294591162353754,0.0008237212896347046,0.0,vanilla_transformer_v10,2026-08-03 14:03:00
2025-11-11,002371,-0.0010644122958183289,-0.005670418031513691,0.0010644122958183289,0.0,vanilla_transformer_v10,2026-08-03 14:03:00
2025-11-12,600438,0.004260800778865814,0.020527111366391182,0.004260800778865814,1.0,vanilla_transformer_v10,2026-08-03 14:03:00
2025-11-12,601012,0.0034785717725753784,0.024233974516391754,0.0034785717725753784,1.0,vanilla_transformer_v10,2026-08-03 14:03:00
2025-11-12,601138,0.0034316107630729675,-0.008899935521185398,0.0034316107630729675,1.0,vanilla_transformer_v10,2026-08-03 14:03:00
2025-11-12,601318,0.0029066652059555054,0.014044580981135368,0.0029066652059555054,1.0,vanilla_transformer_v10,2026-08-03 14:03:00
2025-11-12,300308,0.0027837976813316345,-0.022102242335677147,0.0027837976813316345,1.0,vanilla_transformer_v10,2026-08-03 14:03:00
2025-11-12,688012,0.0014163479208946228,0.002526621101424098,0.0014163479208946228,1.0,vanilla_transformer_v10,2026-08-03 14:03:00
2025-11-12,000977,0.0011842474341392517,0.011889023706316948,0.0011842474341392517,1.0,vanilla_transformer_v10,2026-08-03 14:03:00
2025-11-12,688981,0.001158885657787323,0.028593387454748154,0.001158885657787323,1.0,vanilla_transformer_v10,2026-08-03 14:03:00
2025-11-12,600887,0.0010606050491333008,0.0035083137918263674,0.0010606050491333008,1.0,vanilla_transformer_v10,2026-08-03 14:03:00
2025-11-12,002230,0.001013442873954773,0.006307343952357769,0.001013442873954773,1.0,vanilla_transformer_v10,2026-08-03 14:03:00
2025-11-12,002465,0.0008241087198257446,0.007543647196143866,0.0008241087198257446,1.0,vanilla_transformer_v10,2026-08-03 14:03:00
2025-11-12,300454,0.0006741955876350403,0.033393051475286484,0.0006741955876350403,1.0,vanilla_transformer_v10,2026-08-03 14:03:00
2025-11-12,600584,0.0003278180956840515,0.014491978101432323,0.0003278180956840515,1.0,vanilla_transformer_v10,2026-08-03 14:03:00
2025-11-12,000858,0.00031904876232147217,0.0067893136292696,0.00031904876232147217,1.0,vanilla_transformer_v10,2026-08-03 14:03:00
2025-11-12,002594,0.00017545372247695923,0.020850487053394318,0.00017545372247695923,1.0,vanilla_transformer_v10,2026-08-03 14:03:00
2025-11-12,002371,9.691715240478516e-05,0.0012587147066369653,9.691715240478516e-05,1.0,vanilla_transformer_v10,2026-08-03 14:03:00
2025-11-12,300782,7.64802098274231e-05,0.002082592574879527,7.64802098274231e-05,1.0,vanilla_transformer_v10,2026-08-03 14:03:00
2025-11-12,603501,4.356354475021362e-05,0.0014681272441521287,4.356354475021362e-05,1.0,vanilla_transformer_v10,2026-08-03 14:03:00
2025-11-12,600036,1.741945743560791e-05,0.006477203220129013,1.741945743560791e-05,1.0,vanilla_transformer_v10,2026-08-03 14:03:00
2025-11-12,000568,-0.00013246387243270874,0.010170561261475086,0.00013246387243270874,0.0,vanilla_transformer_v10,2026-08-03 14:03:00
2025-11-12,600519,-0.00022602826356887817,0.0035635295789688826,0.00022602826356887817,0.0,vanilla_transformer_v10,2026-08-03 14:03:00
2025-11-12,300750,-0.000760003924369812,0.07290055602788925,0.000760003924369812,0.0,vanilla_transformer_v10,2026-08-03 14:03:00
2025-11-13,601012,0.003063090145587921,0.026863010600209236,0.003063090145587921,1.0,vanilla_transformer_v10,2026-08-03 14:03:00
2025-11-13,600438,0.0028438642621040344,0.005436331033706665,0.0028438642621040344,1.0,vanilla_transformer_v10,2026-08-03 14:03:00
2025-11-13,601138,0.0027055665850639343,-0.05631155148148537,0.0027055665850639343,1.0,vanilla_transformer_v10,2026-08-03 14:03:00
2025-11-13,601318,0.0015171542763710022,-0.0037821130827069283,0.0015171542763710022,1.0,vanilla_transformer_v10,2026-08-03 14:03:00
2025-11-13,300750,0.0013857409358024597,-0.028002211824059486,0.0013857409358024597,1.0,vanilla_transformer_v10,2026-08-03 14:03:00
2025-11-13,300308,0.0012009888887405396,-0.03852951154112816,0.0012009888887405396,1.0,vanilla_transformer_v10,2026-08-03 14:03:00
2025-11-13,002594,0.0011785328388214111,-0.014733467251062393,0.0011785328388214111,1.0,vanilla_transformer_v10,2026-08-03 14:03:00
2025-11-13,688981,0.0011145174503326416,-0.04078814759850502,0.0011145174503326416,1.0,vanilla_transformer_v10,2026-08-03 14:03:00
2025-11-13,300454,0.0008902326226234436,-0.041854772716760635,0.0008902326226234436,1.0,vanilla_transformer_v10,2026-08-03 14:03:00
2025-11-13,000977,0.000681072473526001,-0.026640817523002625,0.000681072473526001,1.0,vanilla_transformer_v10,2026-08-03 14:03:00
2025-11-13,688012,0.000632748007774353,-0.03179732710123062,0.000632748007774353,1.0,vanilla_transformer_v10,2026-08-03 14:03:00
2025-11-13,002465,0.00048065185546875,0.0033995695412158966,0.00048065185546875,1.0,vanilla_transformer_v10,2026-08-03 14:03:00
2025-11-13,002230,0.00034549087285995483,-0.017647303640842438,0.00034549087285995483,1.0,vanilla_transformer_v10,2026-08-03 14:03:00
2025-11-13,600584,0.0001505836844444275,-0.03159628063440323,0.0001505836844444275,1.0,vanilla_transformer_v10,2026-08-03 14:03:00
2025-11-13,300782,9.271502494812012e-05,-0.016756681725382805,9.271502494812012e-05,1.0,vanilla_transformer_v10,2026-08-03 14:03:00
2025-11-13,603501,8.430331945419312e-05,-0.020393142476677895,8.430331945419312e-05,1.0,vanilla_transformer_v10,2026-08-03 14:03:00
2025-11-13,002371,7.340312004089355e-05,-0.015027723275125027,7.340312004089355e-05,1.0,vanilla_transformer_v10,2026-08-03 14:03:00
2025-11-13,600887,-2.339482307434082e-06,-0.008083691820502281,2.339482307434082e-06,0.0,vanilla_transformer_v10,2026-08-03 14:03:00
2025-11-13,000568,-0.00030753016471862793,-0.026156477630138397,0.00030753016471862793,0.0,vanilla_transformer_v10,2026-08-03 14:03:00
2025-11-13,000858,-0.0004784390330314636,-0.008200444281101227,0.0004784390330314636,0.0,vanilla_transformer_v10,2026-08-03 14:03:00
2025-11-13,600519,-0.0007057934999465942,-0.009415851905941963,0.0007057934999465942,0.0,vanilla_transformer_v10,2026-08-03 14:03:00
2025-11-13,600036,-0.0007229521870613098,0.0009340239921584725,0.0007229521870613098,0.0,vanilla_transformer_v10,2026-08-03 14:03:00
2025-11-14,600438,0.004237361252307892,-0.02120547741651535,0.004237361252307892,1.0,vanilla_transformer_v10,2026-08-03 14:03:00
2025-11-14,601138,0.00413232296705246,0.010453511960804462,0.00413232296705246,1.0,vanilla_transformer_v10,2026-08-03 14:03:00
2025-11-14,601012,0.003817044198513031,-0.008726363070309162,0.003817044198513031,1.0,vanilla_transformer_v10,2026-08-03 14:03:00
2025-11-14,300308,0.0024054348468780518,0.0430927611887455,0.0024054348468780518,1.0,vanilla_transformer_v10,2026-08-03 14:03:00
2025-11-14,688981,0.0021972954273223877,-0.004664781037718058,0.0021972954273223877,1.0,vanilla_transformer_v10,2026-08-03 14:03:00
2025-11-14,601318,0.0017765387892723083,-0.013617908582091331,0.0017765387892723083,1.0,vanilla_transformer_v10,2026-08-03 14:03:00
2025-11-14,002465,0.0015300139784812927,0.005019563250243664,0.0015300139784812927,1.0,vanilla_transformer_v10,2026-08-03 14:03:00
2025-11-14,688012,0.0013488978147506714,-0.016509568318724632,0.0013488978147506714,1.0,vanilla_transformer_v10,2026-08-03 14:03:00
2025-11-14,300454,0.0011372119188308716,0.022435087710618973,0.0011372119188308716,1.0,vanilla_transformer_v10,2026-08-03 14:03:00
2025-11-14,000977,0.0010912120342254639,0.007236212491989136,0.0010912120342254639,1.0,vanilla_transformer_v10,2026-08-03 14:03:00
2025-11-14,002230,0.0007920786738395691,0.011528599075973034,0.0007920786738395691,1.0,vanilla_transformer_v10,2026-08-03 14:03:00
2025-11-14,002594,0.00073985755443573,-0.0029729227535426617,0.00073985755443573,1.0,vanilla_transformer_v10,2026-08-03 14:03:00
2025-11-14,000568,0.000689677894115448,0.002717524068430066,0.000689677894115448,1.0,vanilla_transformer_v10,2026-08-03 14:03:00
2025-11-14,600584,0.000672854483127594,0.0008003783877938986,0.000672854483127594,1.0,vanilla_transformer_v10,2026-08-03 14:03:00
2025-11-14,600887,0.00030031055212020874,0.007730397395789623,0.00030031055212020874,1.0,vanilla_transformer_v10,2026-08-03 14:03:00
2025-11-14,600036,0.00016042590141296387,-0.013973690569400787,0.00016042590141296387,1.0,vanilla_transformer_v10,2026-08-03 14:03:00
2025-11-14,000858,-0.0002858787775039673,-0.0005016743089072406,0.0002858787775039673,0.0,vanilla_transformer_v10,2026-08-03 14:03:00
2025-11-14,300782,-0.0002988949418067932,-0.000562527624424547,0.0002988949418067932,0.0,vanilla_transformer_v10,2026-08-03 14:03:00
2025-11-14,002371,-0.0003361329436302185,-0.016879072412848473,0.0003361329436302185,0.0,vanilla_transformer_v10,2026-08-03 14:03:00
2025-11-14,300750,-0.00038363784551620483,-0.03357000648975372,0.00038363784551620483,0.0,vanilla_transformer_v10,2026-08-03 14:03:00
2025-11-14,603501,-0.0003847777843475342,-0.003599931951612234,0.0003847777843475342,0.0,vanilla_transformer_v10,2026-08-03 14:03:00
2025-11-14,600519,-0.0006523877382278442,0.009837677702307701,0.0006523877382278442,0.0,vanilla_transformer_v10,2026-08-03 14:03:00
2025-11-17,601138,0.00402706116437912,-0.0035158575046807528,0.00402706116437912,1.0,vanilla_transformer_v10,2026-08-03 14:03:00
2025-11-17,601012,0.003189951181411743,-0.025206347927451134,0.003189951181411743,1.0,vanilla_transformer_v10,2026-08-03 14:03:00
2025-11-17,600438,0.0028069093823432922,-0.013540138490498066,0.0028069093823432922,1.0,vanilla_transformer_v10,2026-08-03 14:03:00
2025-11-17,688012,0.0026491209864616394,0.03623988851904869,0.0026491209864616394,1.0,vanilla_transformer_v10,2026-08-03 14:03:00
2025-11-17,300308,0.0021665990352630615,-0.021525850519537926,0.0021665990352630615,1.0,vanilla_transformer_v10,2026-08-03 14:03:00
2025-11-17,688981,0.001537509262561798,0.002801479073241353,0.001537509262561798,1.0,vanilla_transformer_v10,2026-08-03 14:03:00
2025-11-17,601318,0.0015197321772575378,-0.00347380293533206,0.0015197321772575378,1.0,vanilla_transformer_v10,2026-08-03 14:03:00
2025-11-17,300454,0.0014188215136528015,0.004311423748731613,0.0014188215136528015,1.0,vanilla_transformer_v10,2026-08-03 14:03:00
2025-11-17,002371,0.0011849328875541687,0.05515315756201744,0.0011849328875541687,1.0,vanilla_transformer_v10,2026-08-03 14:03:00
2025-11-17,002465,0.0010791793465614319,-0.021182246506214142,0.0010791793465614319,1.0,vanilla_transformer_v10,2026-08-03 14:03:00
2025-11-17,600584,0.0007557421922683716,0.002397298812866211,0.0007557421922683716,1.0,vanilla_transformer_v10,2026-08-03 14:03:00
2025-11-17,000977,0.0007489845156669617,0.01694619283080101,0.0007489845156669617,1.0,vanilla_transformer_v10,2026-08-03 14:03:00
2025-11-17,002230,0.0006947144865989685,0.019398273900151253,0.0006947144865989685,1.0,vanilla_transformer_v10,2026-08-03 14:03:00
2025-11-17,300750,0.0006315335631370544,-0.01490760874003172,0.0006315335631370544,1.0,vanilla_transformer_v10,2026-08-03 14:03:00
2025-11-17,603501,0.0005835965275764465,0.008022073656320572,0.0005835965275764465,1.0,vanilla_transformer_v10,2026-08-03 14:03:00
2025-11-17,300782,0.0005146339535713196,-0.0015552936820313334,0.0005146339535713196,1.0,vanilla_transformer_v10,2026-08-03 14:03:00
2025-11-17,600887,0.00024423748254776,0.03271336480975151,0.00024423748254776,1.0,vanilla_transformer_v10,2026-08-03 14:03:00
2025-11-17,002594,0.00020547956228256226,-0.01634647138416767,0.00020547956228256226,1.0,vanilla_transformer_v10,2026-08-03 14:03:00
2025-11-17,000568,0.00012617558240890503,-0.0017869482981041074,0.00012617558240890503,1.0,vanilla_transformer_v10,2026-08-03 14:03:00
2025-11-17,600036,8.720904588699341e-05,0.005407506600022316,8.720904588699341e-05,1.0,vanilla_transformer_v10,2026-08-03 14:03:00
2025-11-17,600519,-0.00022624433040618896,0.0033930425997823477,0.00022624433040618896,0.0,vanilla_transformer_v10,2026-08-03 14:03:00
2025-11-17,000858,-0.00025775283575057983,0.001747464993968606,0.00025775283575057983,0.0,vanilla_transformer_v10,2026-08-03 14:03:00
2025-11-18,601138,0.004148252308368683,0.005334039684385061,0.004148252308368683,1.0,vanilla_transformer_v10,2026-08-03 14:03:00
2025-11-18,601012,0.0030224397778511047,0.002370094880461693,0.0030224397778511047,1.0,vanilla_transformer_v10,2026-08-03 14:03:00
2025-11-18,600887,0.0027740225195884705,0.0020289940293878317,0.0027740225195884705,1.0,vanilla_transformer_v10,2026-08-03 14:03:00
2025-11-18,688012,0.0025131776928901672,-0.004587926436215639,0.0025131776928901672,1.0,vanilla_transformer_v10,2026-08-03 14:03:00
2025-11-18,300308,0.0018504559993743896,0.032640472054481506,0.0018504559993743896,1.0,vanilla_transformer_v10,2026-08-03 14:03:00
2025-11-18,688981,0.001761116087436676,-0.014344507828354836,0.001761116087436676,1.0,vanilla_transformer_v10,2026-08-03 14:03:00
2025-11-18,000977,0.0017200037837028503,-0.0001641092967474833,0.0017200037837028503,1.0,vanilla_transformer_v10,2026-08-03 14:03:00
2025-11-18,002230,0.001585841178894043,-0.012299432419240475,0.001585841178894043,1.0,vanilla_transformer_v10,2026-08-03 14:03:00
2025-11-18,002371,0.0014992579817771912,-0.009751512669026852,0.0014992579817771912,1.0,vanilla_transformer_v10,2026-08-03 14:03:00
2025-11-18,300454,0.0012595579028129578,-0.023353226482868195,0.0012595579028129578,1.0,vanilla_transformer_v10,2026-08-03 14:03:00
2025-11-18,600438,0.001158498227596283,0.04053764417767525,0.001158498227596283,1.0,vanilla_transformer_v10,2026-08-03 14:03:00
2025-11-18,600584,0.0010589435696601868,-0.01572301983833313,0.0010589435696601868,1.0,vanilla_transformer_v10,2026-08-03 14:03:00
2025-11-18,002594,0.0008605122566223145,-0.013745807111263275,0.0008605122566223145,1.0,vanilla_transformer_v10,2026-08-03 14:03:00
2025-11-18,603501,0.0008538439869880676,-0.018961051478981972,0.0008538439869880676,1.0,vanilla_transformer_v10,2026-08-03 14:03:00
2025-11-18,300782,0.0007914155721664429,-0.013781022280454636,0.0007914155721664429,1.0,vanilla_transformer_v10,2026-08-03 14:03:00
2025-11-18,002465,0.0007612258195877075,0.0,0.0007612258195877075,1.0,vanilla_transformer_v10,2026-08-03 14:03:00
2025-11-18,601318,0.0007530003786087036,0.012502490542829037,0.0007530003786087036,1.0,vanilla_transformer_v10,2026-08-03 14:03:00
2025-11-18,300750,0.0007290840148925781,0.01572044938802719,0.0007290840148925781,1.0,vanilla_transformer_v10,2026-08-03 14:03:00
2025-11-18,000568,-5.4270029067993164e-05,-0.0188536886125803,5.4270029067993164e-05,0.0,vanilla_transformer_v10,2026-08-03 14:03:00
2025-11-18,000858,-0.00014600902795791626,-0.003912907559424639,0.00014600902795791626,0.0,vanilla_transformer_v10,2026-08-03 14:03:00
2025-11-18,600036,-0.0002224445343017578,0.007886980660259724,0.0002224445343017578,0.0,vanilla_transformer_v10,2026-08-03 14:03:00
2025-11-18,600519,-0.0006813406944274902,-0.003386582713574171,0.0006813406944274902,0.0,vanilla_transformer_v10,2026-08-03 14:03:00
2025-11-19,601138,0.004416137933731079,0.013403989374637604,0.004416137933731079,1.0,vanilla_transformer_v10,2026-08-03 14:03:00
2025-11-19,601012,0.0033105388283729553,-0.05328374728560448,0.0033105388283729553,1.0,vanilla_transformer_v10,2026-08-03 14:03:00
2025-11-19,600438,0.0032817423343658447,-0.05227013677358627,0.0032817423343658447,1.0,vanilla_transformer_v10,2026-08-03 14:03:00
2025-11-19,300308,0.0023578181862831116,0.006932962220162153,0.0023578181862831116,1.0,vanilla_transformer_v10,2026-08-03 14:03:00
2025-11-19,688012,0.0015793517231941223,-0.05138098821043968,0.0015793517231941223,1.0,vanilla_transformer_v10,2026-08-03 14:03:00
2025-11-19,688981,0.0015246719121932983,0.004290746990591288,0.0015246719121932983,1.0,vanilla_transformer_v10,2026-08-03 14:03:00
2025-11-19,300454,0.001445278525352478,-0.018893487751483917,0.001445278525352478,1.0,vanilla_transformer_v10,2026-08-03 14:03:00
2025-11-19,601318,0.001433640718460083,-0.0028591114096343517,0.001433640718460083,1.0,vanilla_transformer_v10,2026-08-03 14:03:00
2025-11-19,002594,0.0012486502528190613,-0.01654486544430256,0.0012486502528190613,1.0,vanilla_transformer_v10,2026-08-03 14:03:00
2025-11-19,002465,0.0010903999209403992,0.0034431617241352797,0.0010903999209403992,1.0,vanilla_transformer_v10,2026-08-03 14:03:00
2025-11-19,600584,0.0010871514678001404,-0.012908191420137882,0.0010871514678001404,1.0,vanilla_transformer_v10,2026-08-03 14:03:00
2025-11-19,603501,0.0010618194937705994,-0.012166567146778107,0.0010618194937705994,1.0,vanilla_transformer_v10,2026-08-03 14:03:00
2025-11-19,300782,0.0010429397225379944,-0.012815422378480434,0.0010429397225379944,1.0,vanilla_transformer_v10,2026-08-03 14:03:00
2025-11-19,300750,0.0008212849497795105,-0.030400436371564865,0.0008212849497795105,1.0,vanilla_transformer_v10,2026-08-03 14:03:00
2025-11-19,000977,0.0007825419306755066,0.0016398823354393244,0.0007825419306755066,1.0,vanilla_transformer_v10,2026-08-03 14:03:00
2025-11-19,002230,0.0006303265690803528,-0.01623784750699997,0.0006303265690803528,1.0,vanilla_transformer_v10,2026-08-03 14:03:00
2025-11-19,000568,0.00017583370208740234,-0.002114720642566681,0.00017583370208740234,1.0,vanilla_transformer_v10,2026-08-03 14:03:00
2025-11-19,002371,-4.398077726364136e-05,-0.03467930108308792,4.398077726364136e-05,0.0,vanilla_transformer_v10,2026-08-03 14:03:00
2025-11-19,600887,-8.080899715423584e-05,-0.006103562191128731,8.080899715423584e-05,0.0,vanilla_transformer_v10,2026-08-03 14:03:00
2025-11-19,600036,-0.0003298744559288025,0.00021230069978628308,0.0003298744559288025,0.0,vanilla_transformer_v10,2026-08-03 14:03:00
2025-11-19,000858,-0.0007133185863494873,0.0029981813859194517,0.0007133185863494873,0.0,vanilla_transformer_v10,2026-08-03 14:03:00
2025-11-19,600519,-0.0011379793286323547,-0.002654812065884471,0.0011379793286323547,0.0,vanilla_transformer_v10,2026-08-03 14:03:00
2025-11-20,601138,0.00428888201713562,-0.08325915783643723,0.00428888201713562,1.0,vanilla_transformer_v10,2026-08-03 14:03:00
2025-11-20,601012,0.00367070734500885,-0.06475039571523666,0.00367070734500885,1.0,vanilla_transformer_v10,2026-08-03 14:03:00
2025-11-20,600438,0.002561815083026886,-0.06817657500505447,0.002561815083026886,1.0,vanilla_transformer_v10,2026-08-03 14:03:00
2025-11-20,688012,0.002217888832092285,-0.06014459207653999,0.002217888832092285,1.0,vanilla_transformer_v10,2026-08-03 14:03:00
2025-11-20,300308,0.0018075928092002869,-0.058572061359882355,0.0018075928092002869,1.0,vanilla_transformer_v10,2026-08-03 14:03:00
2025-11-20,300454,0.0009830966591835022,-0.029071304947137833,0.0009830966591835022,1.0,vanilla_transformer_v10,2026-08-03 14:03:00
2025-11-20,002594,0.0009633228182792664,-0.009779112413525581,0.0009633228182792664,1.0,vanilla_transformer_v10,2026-08-03 14:03:00
2025-11-20,600584,0.0007723420858383179,-0.03580089658498764,0.0007723420858383179,1.0,vanilla_transformer_v10,2026-08-03 14:03:00
2025-11-20,688981,0.0006565824151039124,-0.032904002815485,0.0006565824151039124,1.0,vanilla_transformer_v10,2026-08-03 14:03:00
2025-11-20,300750,0.0006122887134552002,-0.025054490193724632,0.0006122887134552002,1.0,vanilla_transformer_v10,2026-08-03 14:03:00
2025-11-20,002371,0.0005540996789932251,-0.04582429304718971,0.0005540996789932251,1.0,vanilla_transformer_v10,2026-08-03 14:03:00
2025-11-20,300782,0.0005226805806159973,0.007057851180434227,0.0005226805806159973,1.0,vanilla_transformer_v10,2026-08-03 14:03:00
2025-11-20,603501,0.0004814043641090393,-0.022456079721450806,0.0004814043641090393,1.0,vanilla_transformer_v10,2026-08-03 14:03:00
2025-11-20,002465,0.00022198259830474854,-0.035590946674346924,0.00022198259830474854,1.0,vanilla_transformer_v10,2026-08-03 14:03:00
2025-11-20,000977,0.0001268237829208374,-0.05337381362915039,0.0001268237829208374,1.0,vanilla_transformer_v10,2026-08-03 14:03:00
2025-11-20,002230,0.00012490153312683105,-0.018129795789718628,0.00012490153312683105,1.0,vanilla_transformer_v10,2026-08-03 14:03:00
2025-11-20,601318,-3.865361213684082e-05,-0.021653756499290466,3.865361213684082e-05,0.0,vanilla_transformer_v10,2026-08-03 14:03:00
2025-11-20,600036,-0.0003036707639694214,-0.005321085918694735,0.0003036707639694214,0.0,vanilla_transformer_v10,2026-08-03 14:03:00
2025-11-20,000568,-0.0005322173237800598,-0.019555848091840744,0.0005322173237800598,0.0,vanilla_transformer_v10,2026-08-03 14:03:00
2025-11-20,600887,-0.0006888806819915771,-0.010257536545395851,0.0006888806819915771,0.0,vanilla_transformer_v10,2026-08-03 14:03:00
2025-11-20,000858,-0.0008023083209991455,-0.0047525037080049515,0.0008023083209991455,0.0,vanilla_transformer_v10,2026-08-03 14:03:00
2025-11-20,600519,-0.001628778874874115,-0.0003470414667390287,0.001628778874874115,0.0,vanilla_transformer_v10,2026-08-03 14:03:00
2025-11-21,601012,0.00524795800447464,-0.004260489251464605,0.00524795800447464,1.0,vanilla_transformer_v10,2026-08-03 14:03:00
2025-11-21,601138,0.004867099225521088,-0.08127253502607346,0.004867099225521088,1.0,vanilla_transformer_v10,2026-08-03 14:03:00
2025-11-21,688012,0.003182046115398407,0.015231911092996597,0.003182046115398407,1.0,vanilla_transformer_v10,2026-08-03 14:03:00
2025-11-21,600438,0.0028652027249336243,-0.010916922241449356,0.0028652027249336243,1.0,vanilla_transformer_v10,2026-08-03 14:03:00
2025-11-21,300454,0.002492561936378479,0.034150298684835434,0.002492561936378479,1.0,vanilla_transformer_v10,2026-08-03 14:03:00
2025-11-21,002465,0.0021497756242752075,0.05588846653699875,0.0021497756242752075,1.0,vanilla_transformer_v10,2026-08-03 14:03:00
2025-11-21,600584,0.0020305290818214417,0.005710332654416561,0.0020305290818214417,1.0,vanilla_transformer_v10,2026-08-03 14:03:00
2025-11-21,300308,0.0019756704568862915,-0.015658944845199585,0.0019756704568862915,1.0,vanilla_transformer_v10,2026-08-03 14:03:00
2025-11-21,000977,0.0017609074711799622,0.025190765038132668,0.0017609074711799622,1.0,vanilla_transformer_v10,2026-08-03 14:03:00
2025-11-21,002594,0.0016684383153915405,0.013197919353842735,0.0016684383153915405,1.0,vanilla_transformer_v10,2026-08-03 14:03:00
2025-11-21,002371,0.0014796853065490723,0.0732005313038826,0.0014796853065490723,1.0,vanilla_transformer_v10,2026-08-03 14:03:00
2025-11-21,300782,0.0014020055532455444,0.0024598913732916117,0.0014020055532455444,1.0,vanilla_transformer_v10,2026-08-03 14:03:00
2025-11-21,002230,0.0013546273112297058,0.02708016149699688,0.0013546273112297058,1.0,vanilla_transformer_v10,2026-08-03 14:03:00
2025-11-21,603501,0.0012088045477867126,0.011135554872453213,0.0012088045477867126,1.0,vanilla_transformer_v10,2026-08-03 14:03:00
2025-11-21,688981,0.0011812523007392883,-0.013273545540869236,0.0011812523007392883,1.0,vanilla_transformer_v10,2026-08-03 14:03:00
2025-11-21,601318,0.0010700076818466187,-0.00870706420391798,0.0010700076818466187,1.0,vanilla_transformer_v10,2026-08-03 14:03:00
2025-11-21,000568,0.0007506087422370911,-0.009582455269992352,0.0007506087422370911,1.0,vanilla_transformer_v10,2026-08-03 14:03:00
2025-11-21,300750,0.0004584267735481262,0.0014912986662238836,0.0004584267735481262,1.0,vanilla_transformer_v10,2026-08-03 14:03:00
2025-11-21,600887,-7.5623393058776855e-06,-0.006549440324306488,7.5623393058776855e-06,0.0,vanilla_transformer_v10,2026-08-03 14:03:00
2025-11-21,600036,-0.00012927502393722534,-0.008659176528453827,0.00012927502393722534,0.0,vanilla_transformer_v10,2026-08-03 14:03:00
2025-11-21,000858,-0.0001797601580619812,-0.009736275300383568,0.0001797601580619812,0.0,vanilla_transformer_v10,2026-08-03 14:03:00
2025-11-21,600519,-0.0007487833499908447,-0.010005692951381207,0.0007487833499908447,0.0,vanilla_transformer_v10,2026-08-03 14:03:00
2025-11-24,601138,0.005191154778003693,0.012001344002783298,0.005191154778003693,1.0,vanilla_transformer_v10,2026-08-03 14:03:00
2025-11-24,002465,0.0035225749015808105,0.010743475519120693,0.0035225749015808105,1.0,vanilla_transformer_v10,2026-08-03 14:03:00
2025-11-24,601012,0.0030696913599967957,0.011659589596092701,0.0030696913599967957,1.0,vanilla_transformer_v10,2026-08-03 14:03:00
2025-11-24,300308,0.002298779785633087,0.048829834908246994,0.002298779785633087,1.0,vanilla_transformer_v10,2026-08-03 14:03:00
2025-11-24,688012,0.0019693300127983093,-0.006183082703500986,0.0019693300127983093,1.0,vanilla_transformer_v10,2026-08-03 14:03:00
2025-11-24,600438,0.0018305927515029907,0.00043897281284444034,0.0018305927515029907,1.0,vanilla_transformer_v10,2026-08-03 14:03:00
2025-11-24,300454,0.0014182254672050476,-0.0018908471101894975,0.0014182254672050476,1.0,vanilla_transformer_v10,2026-08-03 14:03:00
2025-11-24,688981,0.0013923272490501404,0.0015233660815283656,0.0013923272490501404,1.0,vanilla_transformer_v10,2026-08-03 14:03:00
2025-11-24,002371,0.0013760030269622803,0.004221522714942694,0.0013760030269622803,1.0,vanilla_transformer_v10,2026-08-03 14:03:00
2025-11-24,601318,0.0009847432374954224,0.018198076635599136,0.0009847432374954224,1.0,vanilla_transformer_v10,2026-08-03 14:03:00
2025-11-24,002230,0.0005971789360046387,-0.0004064214590471238,0.0005971789360046387,1.0,vanilla_transformer_v10,2026-08-03 14:03:00
2025-11-24,000977,0.0005914047360420227,0.016945309937000275,0.0005914047360420227,1.0,vanilla_transformer_v10,2026-08-03 14:03:00
2025-11-24,002594,0.0004702731966972351,-0.0002027712034760043,0.0004702731966972351,1.0,vanilla_transformer_v10,2026-08-03 14:03:00
2025-11-24,600584,0.0004238635301589966,0.013072081841528416,0.0004238635301589966,1.0,vanilla_transformer_v10,2026-08-03 14:03:00
2025-11-24,300750,0.0003047063946723938,0.004866394214332104,0.0003047063946723938,1.0,vanilla_transformer_v10,2026-08-03 14:03:00
2025-11-24,603501,0.00028429925441741943,0.0021129832603037357,0.00028429925441741943,1.0,vanilla_transformer_v10,2026-08-03 14:03:00
2025-11-24,300782,0.00015301257371902466,0.0034337136894464493,0.00015301257371902466,1.0,vanilla_transformer_v10,2026-08-03 14:03:00
2025-11-24,000568,0.0001414567232131958,0.005027873907238245,0.0001414567232131958,1.0,vanilla_transformer_v10,2026-08-03 14:03:00
2025-11-24,600036,-0.0005333647131919861,0.01444716565310955,0.0005333647131919861,0.0,vanilla_transformer_v10,2026-08-03 14:03:00
2025-11-24,600887,-0.0006566271185874939,0.00861191563308239,0.0006566271185874939,0.0,vanilla_transformer_v10,2026-08-03 14:03:00
2025-11-24,000858,-0.0007565170526504517,-8.396367775276303e-05,0.0007565170526504517,0.0,vanilla_transformer_v10,2026-08-03 14:03:00
2025-11-24,600519,-0.0010036006569862366,-0.005074468906968832,0.0010036006569862366,0.0,vanilla_transformer_v10,2026-08-03 14:03:00
2025-11-25,601138,0.005240745842456818,0.04018952324986458,0.005240745842456818,1.0,vanilla_transformer_v10,2026-08-03 14:03:00
2025-11-25,601012,0.002439938485622406,-0.008987920358777046,0.002439938485622406,1.0,vanilla_transformer_v10,2026-08-03 14:03:00
2025-11-25,300308,0.002402082085609436,0.1244373619556427,0.002402082085609436,1.0,vanilla_transformer_v10,2026-08-03 14:03:00
2025-11-25,688012,0.0019366145133972168,0.003022709395736456,0.0019366145133972168,1.0,vanilla_transformer_v10,2026-08-03 14:03:00
2025-11-25,300454,0.0014756247401237488,0.012312057428061962,0.0014756247401237488,1.0,vanilla_transformer_v10,2026-08-03 14:03:00
2025-11-25,600438,0.0013097897171974182,0.005689179990440607,0.0013097897171974182,1.0,vanilla_transformer_v10,2026-08-03 14:03:00
2025-11-25,601318,0.0008298084139823914,0.005192592274397612,0.0008298084139823914,1.0,vanilla_transformer_v10,2026-08-03 14:03:00
2025-11-25,688981,0.000697016716003418,0.009180509485304356,0.000697016716003418,1.0,vanilla_transformer_v10,2026-08-03 14:03:00
2025-11-25,300750,0.0004237070679664612,0.0012303736293688416,0.0004237070679664612,1.0,vanilla_transformer_v10,2026-08-03 14:03:00
2025-11-25,600584,0.0003043264150619507,0.008093534968793392,0.0003043264150619507,1.0,vanilla_transformer_v10,2026-08-03 14:03:00
2025-11-25,002465,0.00026682019233703613,-0.018321476876735687,0.00026682019233703613,1.0,vanilla_transformer_v10,2026-08-03 14:03:00
2025-11-25,002230,0.00022249668836593628,-0.010141260921955109,0.00022249668836593628,1.0,vanilla_transformer_v10,2026-08-03 14:03:00
2025-11-25,603501,0.00017181038856506348,-0.0013045505620539188,0.00017181038856506348,1.0,vanilla_transformer_v10,2026-08-03 14:03:00
2025-11-25,000977,-3.575533628463745e-05,0.05581345409154892,3.575533628463745e-05,0.0,vanilla_transformer_v10,2026-08-03 14:03:00
2025-11-25,300782,-3.941357135772705e-05,0.0014408244751393795,3.941357135772705e-05,0.0,vanilla_transformer_v10,2026-08-03 14:03:00
2025-11-25,600036,-0.00020850449800491333,0.0,0.00020850449800491333,0.0,vanilla_transformer_v10,2026-08-03 14:03:00
2025-11-25,002371,-0.00025478750467300415,0.008834419772028923,0.00025478750467300415,0.0,vanilla_transformer_v10,2026-08-03 14:03:00
2025-11-25,002594,-0.0002662539482116699,0.012461325153708458,0.0002662539482116699,0.0,vanilla_transformer_v10,2026-08-03 14:03:00
2025-11-25,000568,-0.0002835467457771301,0.009980538859963417,0.0002835467457771301,0.0,vanilla_transformer_v10,2026-08-03 14:03:00
2025-11-25,600887,-0.0009845718741416931,0.0006837347173132002,0.0009845718741416931,0.0,vanilla_transformer_v10,2026-08-03 14:03:00
2025-11-25,000858,-0.001225985586643219,-0.0021112856920808554,0.001225985586643219,0.0,vanilla_transformer_v10,2026-08-03 14:03:00
2025-11-25,600519,-0.001384250819683075,0.0031101598870009184,0.001384250819683075,0.0,vanilla_transformer_v10,2026-08-03 14:03:00
2025-11-26,601138,0.005201347172260284,0.022380538284778595,0.005201347172260284,1.0,vanilla_transformer_v10,2026-08-03 14:03:00
2025-11-26,601012,0.003279648721218109,-0.012311018072068691,0.003279648721218109,1.0,vanilla_transformer_v10,2026-08-03 14:03:00
2025-11-26,600438,0.002244599163532257,0.0061302571557462215,0.002244599163532257,1.0,vanilla_transformer_v10,2026-08-03 14:03:00
2025-11-26,300454,0.002140745520591736,-0.010592957027256489,0.002140745520591736,1.0,vanilla_transformer_v10,2026-08-03 14:03:00
2025-11-26,688012,0.0020653828978538513,-0.016963714733719826,0.0020653828978538513,1.0,vanilla_transformer_v10,2026-08-03 14:03:00
2025-11-26,300308,0.001969344913959503,-0.03602326661348343,0.001969344913959503,1.0,vanilla_transformer_v10,2026-08-03 14:03:00
2025-11-26,000977,0.0018806979060173035,-0.024044042453169823,0.0018806979060173035,1.0,vanilla_transformer_v10,2026-08-03 14:03:00
2025-11-26,688981,0.001232735812664032,0.0,0.001232735812664032,1.0,vanilla_transformer_v10,2026-08-03 14:03:00
2025-11-26,600584,0.0008714571595191956,-0.001356954569928348,0.0008714571595191956,1.0,vanilla_transformer_v10,2026-08-03 14:03:00
2025-11-26,603501,0.0006542503833770752,0.019025910645723343,0.0006542503833770752,1.0,vanilla_transformer_v10,2026-08-03 14:03:00
2025-11-26,601318,0.0006306469440460205,-0.007395531982183456,0.0006306469440460205,1.0,vanilla_transformer_v10,2026-08-03 14:03:00
2025-11-26,002594,0.0006114169955253601,-0.008447355590760708,0.0006114169955253601,1.0,vanilla_transformer_v10,2026-08-03 14:03:00
2025-11-26,000568,0.0005349740386009216,0.0005916819209232926,0.0005349740386009216,1.0,vanilla_transformer_v10,2026-08-03 14:03:00
2025-11-26,300782,0.0005146488547325134,-0.002148403786122799,0.0005146488547325134,1.0,vanilla_transformer_v10,2026-08-03 14:03:00
2025-11-26,002230,0.0004974529147148132,-0.013079221360385418,0.0004974529147148132,1.0,vanilla_transformer_v10,2026-08-03 14:03:00
2025-11-26,300750,0.00043033063411712646,-0.004355047829449177,0.00043033063411712646,1.0,vanilla_transformer_v10,2026-08-03 14:03:00
2025-11-26,002465,0.00035797804594039917,0.002571296412497759,0.00035797804594039917,1.0,vanilla_transformer_v10,2026-08-03 14:03:00
2025-11-26,002371,0.00024121254682540894,0.0006865119212307036,0.00024121254682540894,1.0,vanilla_transformer_v10,2026-08-03 14:03:00
2025-11-26,600887,-0.0003325417637825012,-0.004465369042009115,0.0003325417637825012,0.0,vanilla_transformer_v10,2026-08-03 14:03:00
2025-11-26,000858,-0.00035268813371658325,-0.0027111503295600414,0.00035268813371658325,0.0,vanilla_transformer_v10,2026-08-03 14:03:00
2025-11-26,600519,-0.00048476457595825195,-0.001277606817893684,0.00048476457595825195,0.0,vanilla_transformer_v10,2026-08-03 14:03:00
2025-11-26,600036,-0.0008031874895095825,-0.001401363406330347,0.0008031874895095825,0.0,vanilla_transformer_v10,2026-08-03 14:03:00
2025-11-27,601138,0.004421509802341461,0.007535620592534542,0.004421509802341461,1.0,vanilla_transformer_v10,2026-08-03 14:03:00
2025-11-27,601012,0.0039847418665885925,-0.0005185377085581422,0.0039847418665885925,1.0,vanilla_transformer_v10,2026-08-03 14:03:00
2025-11-27,600438,0.002623319625854492,-0.005257864482700825,0.002623319625854492,1.0,vanilla_transformer_v10,2026-08-03 14:03:00
2025-11-27,688012,0.0024629682302474976,0.008981705643236637,0.0024629682302474976,1.0,vanilla_transformer_v10,2026-08-03 14:03:00
2025-11-27,300454,0.0014616921544075012,-0.006116227246820927,0.0014616921544075012,1.0,vanilla_transformer_v10,2026-08-03 14:03:00
2025-11-27,688981,0.0013680830597877502,0.007865358144044876,0.0013680830597877502,1.0,vanilla_transformer_v10,2026-08-03 14:03:00
2025-11-27,300308,0.0010069981217384338,-0.018296577036380768,0.0010069981217384338,1.0,vanilla_transformer_v10,2026-08-03 14:03:00
2025-11-27,603501,0.0008621662855148315,0.0026799868792295456,0.0008621662855148315,1.0,vanilla_transformer_v10,2026-08-03 14:03:00
2025-11-27,300750,0.0007673725485801697,0.00537455128505826,0.0007673725485801697,1.0,vanilla_transformer_v10,2026-08-03 14:03:00
2025-11-27,002230,0.0007387399673461914,0.0030414776410907507,0.0007387399673461914,1.0,vanilla_transformer_v10,2026-08-03 14:03:00
2025-11-27,601318,0.0006232187151908875,-0.0059344153851270676,0.0006232187151908875,1.0,vanilla_transformer_v10,2026-08-03 14:03:00
2025-11-27,600584,0.0006228908896446228,0.004440939053893089,0.0006228908896446228,1.0,vanilla_transformer_v10,2026-08-03 14:03:00
2025-11-27,600036,0.00038914382457733154,-0.0055397083051502705,0.00038914382457733154,1.0,vanilla_transformer_v10,2026-08-03 14:03:00
2025-11-27,000568,0.00037385523319244385,0.0064244396053254604,0.00037385523319244385,1.0,vanilla_transformer_v10,2026-08-03 14:03:00
2025-11-27,002465,0.0003165528178215027,0.008369222283363342,0.0003165528178215027,1.0,vanilla_transformer_v10,2026-08-03 14:03:00
2025-11-27,000977,9.547173976898193e-05,-0.00744384340941906,9.547173976898193e-05,1.0,vanilla_transformer_v10,2026-08-03 14:03:00
2025-11-27,300782,8.014589548110962e-05,-0.009216907434165478,8.014589548110962e-05,1.0,vanilla_transformer_v10,2026-08-03 14:03:00
2025-11-27,002371,-0.00014153867959976196,0.01388556882739067,0.00014153867959976196,0.0,vanilla_transformer_v10,2026-08-03 14:03:00
2025-11-27,002594,-0.000263310968875885,0.009314860217273235,0.000263310968875885,0.0,vanilla_transformer_v10,2026-08-03 14:03:00
2025-11-27,000858,-0.00046163052320480347,-0.0007646133308298886,0.00046163052320480347,0.0,vanilla_transformer_v10,2026-08-03 14:03:00
2025-11-27,600519,-0.000628247857093811,0.0022083036601543427,0.000628247857093811,0.0,vanilla_transformer_v10,2026-08-03 14:03:00
2025-11-27,600887,-0.000793851912021637,0.011298079043626785,0.000793851912021637,0.0,vanilla_transformer_v10,2026-08-03 14:03:00
2025-11-28,601012,0.004105463624000549,0.009644323959946632,0.004105463624000549,1.0,vanilla_transformer_v10,2026-08-03 14:03:00
2025-11-28,601138,0.004065416753292084,-0.01512845791876316,0.004065416753292084,1.0,vanilla_transformer_v10,2026-08-03 14:03:00
2025-11-28,688012,0.002708844840526581,-0.02292998507618904,0.002708844840526581,1.0,vanilla_transformer_v10,2026-08-03 14:03:00
2025-11-28,600438,0.0022635161876678467,0.01904146373271942,0.0022635161876678467,1.0,vanilla_transformer_v10,2026-08-03 14:03:00
2025-11-28,300454,0.0014596134424209595,0.01356011163443327,0.0014596134424209595,1.0,vanilla_transformer_v10,2026-08-03 14:03:00
2025-11-28,300308,0.0013598129153251648,0.04466378688812256,0.0013598129153251648,1.0,vanilla_transformer_v10,2026-08-03 14:03:00
2025-11-28,601318,0.0010198801755905151,-0.006133157294243574,0.0010198801755905151,1.0,vanilla_transformer_v10,2026-08-03 14:03:00
2025-11-28,300750,0.0008969157934188843,0.025849493220448494,0.0008969157934188843,1.0,vanilla_transformer_v10,2026-08-03 14:03:00
2025-11-28,002465,0.0008504986763000488,0.019714105874300003,0.0008504986763000488,1.0,vanilla_transformer_v10,2026-08-03 14:03:00
2025-11-28,688981,0.0006800368428230286,0.0070175728760659695,0.0006800368428230286,1.0,vanilla_transformer_v10,2026-08-03 14:03:00
2025-11-28,002230,0.00031515955924987793,0.011239632032811642,0.00031515955924987793,1.0,vanilla_transformer_v10,2026-08-03 14:03:00
2025-11-28,000568,0.00021839886903762817,-0.0008832404855638742,0.00021839886903762817,1.0,vanilla_transformer_v10,2026-08-03 14:03:00
2025-11-28,002371,0.00020595639944076538,0.042459625750780106,0.00020595639944076538,1.0,vanilla_transformer_v10,2026-08-03 14:03:00
2025-11-28,600887,0.00013653188943862915,0.0016998618375509977,0.00013653188943862915,1.0,vanilla_transformer_v10,2026-08-03 14:03:00
2025-11-28,600584,0.0001077502965927124,0.032583873718976974,0.0001077502965927124,1.0,vanilla_transformer_v10,2026-08-03 14:03:00
2025-11-28,300782,6.181001663208008e-05,0.016486510634422302,6.181001663208008e-05,1.0,vanilla_transformer_v10,2026-08-03 14:03:00
2025-11-28,002594,4.401057958602905e-05,0.0062835789285600185,4.401057958602905e-05,1.0,vanilla_transformer_v10,2026-08-03 14:03:00
2025-11-28,603501,-0.00016725808382034302,0.015152262523770332,0.00016725808382034302,0.0,vanilla_transformer_v10,2026-08-03 14:03:00
2025-11-28,000977,-0.00016907602548599243,0.014003762044012547,0.00016907602548599243,0.0,vanilla_transformer_v10,2026-08-03 14:03:00
2025-11-28,600036,-0.0003034919500350952,0.011344686150550842,0.0003034919500350952,0.0,vanilla_transformer_v10,2026-08-03 14:03:00
2025-11-28,000858,-0.0005962029099464417,-0.0017001311061903834,0.0005962029099464417,0.0,vanilla_transformer_v10,2026-08-03 14:03:00
2025-11-28,600519,-0.0007113814353942871,-0.001724439556710422,0.0007113814353942871,0.0,vanilla_transformer_v10,2026-08-03 14:03:00
2025-12-01,601138,0.004407636821269989,0.019013574346899986,0.004407636821269989,1.0,vanilla_transformer_v10,2026-08-03 14:03:00
2025-12-01,601012,0.0034206658601760864,-0.023747457191348076,0.0034206658601760864,1.0,vanilla_transformer_v10,2026-08-03 14:03:00
2025-12-01,688012,0.002955019474029541,-0.0062070610001683235,0.002955019474029541,1.0,vanilla_transformer_v10,2026-08-03 14:03:00
2025-12-01,600438,0.0026429221034049988,-0.04246155172586441,0.0026429221034049988,1.0,vanilla_transformer_v10,2026-08-03 14:03:00
2025-12-01,300308,0.0015409067273139954,0.007406733930110931,0.0015409067273139954,1.0,vanilla_transformer_v10,2026-08-03 14:03:00
2025-12-01,300454,0.0012286752462387085,-0.012782741338014603,0.0012286752462387085,1.0,vanilla_transformer_v10,2026-08-03 14:03:00
2025-12-01,601318,0.0008387193083763123,0.0029355825390666723,0.0008387193083763123,1.0,vanilla_transformer_v10,2026-08-03 14:03:00
2025-12-01,002465,0.0005472078919410706,0.008926108479499817,0.0005472078919410706,1.0,vanilla_transformer_v10,2026-08-03 14:03:00
2025-12-01,300750,0.0004503205418586731,-0.00757801765576005,0.0004503205418586731,1.0,vanilla_transformer_v10,2026-08-03 14:03:00
2025-12-01,600584,0.00040087848901748657,-0.01737898960709572,0.00040087848901748657,1.0,vanilla_transformer_v10,2026-08-03 14:03:00
2025-12-01,688981,0.00033940374851226807,-0.012313260696828365,0.00033940374851226807,1.0,vanilla_transformer_v10,2026-08-03 14:03:00
2025-12-01,000568,0.0003300607204437256,-0.015365810133516788,0.0003300607204437256,1.0,vanilla_transformer_v10,2026-08-03 14:03:00
2025-12-01,002230,0.0001731961965560913,-0.011847187764942646,0.0001731961965560913,1.0,vanilla_transformer_v10,2026-08-03 14:03:00
2025-12-01,300782,0.000158749520778656,0.0032649345230311155,0.000158749520778656,1.0,vanilla_transformer_v10,2026-08-03 14:03:00
2025-12-01,600036,-1.2896955013275146e-05,-0.0013952015433460474,1.2896955013275146e-05,0.0,vanilla_transformer_v10,2026-08-03 14:03:00
2025-12-01,002371,-0.00018599629402160645,-0.029964499175548553,0.00018599629402160645,0.0,vanilla_transformer_v10,2026-08-03 14:03:00
2025-12-01,002594,-0.00023233890533447266,0.00881004799157381,0.00023233890533447266,0.0,vanilla_transformer_v10,2026-08-03 14:03:00
2025-12-01,603501,-0.00035881996154785156,-0.0017989930929616094,0.00035881996154785156,0.0,vanilla_transformer_v10,2026-08-03 14:03:00
2025-12-01,000858,-0.00037510693073272705,-0.009221953339874744,0.00037510693073272705,0.0,vanilla_transformer_v10,2026-08-03 14:03:00
2025-12-01,000977,-0.0005394816398620605,-0.021014729514718056,0.0005394816398620605,0.0,vanilla_transformer_v10,2026-08-03 14:03:00
2025-12-01,600519,-0.0005720630288124084,-0.008301185443997383,0.0005720630288124084,0.0,vanilla_transformer_v10,2026-08-03 14:03:00
2025-12-01,600887,-0.0006890073418617249,-0.0027228454127907753,0.0006890073418617249,0.0,vanilla_transformer_v10,2026-08-03 14:03:00
2025-12-02,601012,0.004859164357185364,-0.015963278710842133,0.004859164357185364,1.0,vanilla_transformer_v10,2026-08-03 14:03:00
2025-12-02,601138,0.004574097692966461,0.011702480725944042,0.004574097692966461,1.0,vanilla_transformer_v10,2026-08-03 14:03:00
2025-12-02,600438,0.00396091490983963,-0.014879888854920864,0.00396091490983963,1.0,vanilla_transformer_v10,2026-08-03 14:03:00
2025-12-02,688012,0.003532998263835907,-0.0035204566083848476,0.003532998263835907,1.0,vanilla_transformer_v10,2026-08-03 14:03:00
2025-12-02,300454,0.0021319538354873657,-0.018825726583600044,0.0021319538354873657,1.0,vanilla_transformer_v10,2026-08-03 14:03:00
2025-12-02,002465,0.0015953034162521362,-0.022063899785280228,0.0015953034162521362,1.0,vanilla_transformer_v10,2026-08-03 14:03:00
2025-12-02,601318,0.00090007483959198,-0.007683333475142717,0.00090007483959198,1.0,vanilla_transformer_v10,2026-08-03 14:03:00
2025-12-02,300308,0.0008313432335853577,-0.03428910672664642,0.0008313432335853577,1.0,vanilla_transformer_v10,2026-08-03 14:03:00
2025-12-02,002230,0.0008010566234588623,-0.02000216394662857,0.0008010566234588623,1.0,vanilla_transformer_v10,2026-08-03 14:03:00
2025-12-02,000568,0.0007478520274162292,-0.007433627732098103,0.0007478520274162292,1.0,vanilla_transformer_v10,2026-08-03 14:03:00
2025-12-02,002594,0.0006268918514251709,-0.016361773014068604,0.0006268918514251709,1.0,vanilla_transformer_v10,2026-08-03 14:03:00
2025-12-02,688981,0.00044017285108566284,-0.012287572957575321,0.00044017285108566284,1.0,vanilla_transformer_v10,2026-08-03 14:03:00
2025-12-02,000858,0.00030841678380966187,-0.008355380035936832,0.00030841678380966187,1.0,vanilla_transformer_v10,2026-08-03 14:03:00
2025-12-02,000977,0.000290505588054657,-0.01318051852285862,0.000290505588054657,1.0,vanilla_transformer_v10,2026-08-03 14:03:00
2025-12-02,300750,0.00011426955461502075,-0.010581963695585728,0.00011426955461502075,1.0,vanilla_transformer_v10,2026-08-03 14:03:00
2025-12-02,600036,9.685754776000977e-05,-0.008583013899624348,9.685754776000977e-05,1.0,vanilla_transformer_v10,2026-08-03 14:03:00
2025-12-02,600584,4.965066909790039e-05,0.004060094710439444,4.965066909790039e-05,1.0,vanilla_transformer_v10,2026-08-03 14:03:00
2025-12-02,603501,-6.295740604400635e-05,-0.01603325642645359,6.295740604400635e-05,0.0,vanilla_transformer_v10,2026-08-03 14:03:00
2025-12-02,300782,-8.301436901092529e-05,-0.016870586201548576,8.301436901092529e-05,0.0,vanilla_transformer_v10,2026-08-03 14:03:00
2025-12-02,600519,-0.00017567723989486694,-0.004837485030293465,0.00017567723989486694,0.0,vanilla_transformer_v10,2026-08-03 14:03:00
2025-12-02,002371,-0.0004093945026397705,0.0013145065167918801,0.0004093945026397705,0.0,vanilla_transformer_v10,2026-08-03 14:03:00
2025-12-02,600887,-0.0005575194954872131,-0.0027302796952426434,0.0005575194954872131,0.0,vanilla_transformer_v10,2026-08-03 14:03:00
2025-12-03,601012,0.004016898572444916,-0.006123302970081568,0.004016898572444916,1.0,vanilla_transformer_v10,2026-08-03 14:03:00
2025-12-03,601138,0.003607548773288727,-0.0045270672999322414,0.003607548773288727,1.0,vanilla_transformer_v10,2026-08-03 14:03:00
2025-12-03,600438,0.0031232312321662903,-0.01372582744807005,0.0031232312321662903,1.0,vanilla_transformer_v10,2026-08-03 14:03:00
2025-12-03,688012,0.003011085093021393,0.04141215234994888,0.003011085093021393,1.0,vanilla_transformer_v10,2026-08-03 14:03:00
2025-12-03,300308,0.0028640255331993103,0.022224441170692444,0.0028640255331993103,1.0,vanilla_transformer_v10,2026-08-03 14:03:00
2025-12-03,300454,0.0014115199446678162,-0.0010563380783423781,0.0014115199446678162,1.0,vanilla_transformer_v10,2026-08-03 14:03:00
2025-12-03,002230,0.0013301968574523926,0.002461920725181699,0.0013301968574523926,1.0,vanilla_transformer_v10,2026-08-03 14:03:00
2025-12-03,002465,0.0010383278131484985,0.01969890110194683,0.0010383278131484985,1.0,vanilla_transformer_v10,2026-08-03 14:03:00
2025-12-03,600584,0.0009777918457984924,0.010333926416933537,0.0009777918457984924,1.0,vanilla_transformer_v10,2026-08-03 14:03:00
2025-12-03,000858,0.0006894394755363464,-0.009994689375162125,0.0006894394755363464,1.0,vanilla_transformer_v10,2026-08-03 14:03:00
2025-12-03,688981,0.0006553605198860168,0.02748129703104496,0.0006553605198860168,1.0,vanilla_transformer_v10,2026-08-03 14:03:00
2025-12-03,000568,0.0006147027015686035,-0.038328878581523895,0.0006147027015686035,1.0,vanilla_transformer_v10,2026-08-03 14:03:00
2025-12-03,600036,0.0005290135741233826,0.004895397461950779,0.0005290135741233826,1.0,vanilla_transformer_v10,2026-08-03 14:03:00
2025-12-03,601318,0.0003358200192451477,0.00338576128706336,0.0003358200192451477,1.0,vanilla_transformer_v10,2026-08-03 14:03:00
2025-12-03,300750,0.0001873597502708435,0.01915246993303299,0.0001873597502708435,1.0,vanilla_transformer_v10,2026-08-03 14:03:00
2025-12-03,000977,0.00015388429164886475,0.016107730567455292,0.00015388429164886475,1.0,vanilla_transformer_v10,2026-08-03 14:03:00
2025-12-03,002594,0.00015154480934143066,0.0020016019698232412,0.00015154480934143066,1.0,vanilla_transformer_v10,2026-08-03 14:03:00
2025-12-03,600887,-9.40561294555664e-05,-0.009610866196453571,9.40561294555664e-05,0.0,vanilla_transformer_v10,2026-08-03 14:03:00
2025-12-03,300782,-9.861588478088379e-05,-0.0033205754589289427,9.861588478088379e-05,0.0,vanilla_transformer_v10,2026-08-03 14:03:00
2025-12-03,603501,-0.00011044740676879883,0.0029232664965093136,0.00011044740676879883,0.0,vanilla_transformer_v10,2026-08-03 14:03:00
2025-12-03,002371,-0.00029624998569488525,0.03608037158846855,0.00029624998569488525,0.0,vanilla_transformer_v10,2026-08-03 14:03:00
2025-12-03,600519,-0.00038047879934310913,-0.0035894312895834446,0.00038047879934310913,0.0,vanilla_transformer_v10,2026-08-03 14:03:00
2025-12-04,601012,0.0037414878606796265,0.006123302970081568,0.0037414878606796265,1.0,vanilla_transformer_v10,2026-08-03 14:03:00
2025-12-04,601138,0.00354921817779541,-0.004547654651105404,0.00354921817779541,1.0,vanilla_transformer_v10,2026-08-03 14:03:00
2025-12-04,688012,0.0027250871062278748,0.012390735559165478,0.0027250871062278748,1.0,vanilla_transformer_v10,2026-08-03 14:03:00
2025-12-04,600438,0.0026419535279273987,0.005496349651366472,0.0026419535279273987,1.0,vanilla_transformer_v10,2026-08-03 14:03:00
2025-12-04,002465,0.002630680799484253,0.02955113910138607,0.002630680799484253,1.0,vanilla_transformer_v10,2026-08-03 14:03:00
2025-12-04,000568,0.0025068148970603943,0.005000847391784191,0.0025068148970603943,1.0,vanilla_transformer_v10,2026-08-03 14:03:00
2025-12-04,300308,0.0021081939339637756,0.0028922222554683685,0.0021081939339637756,1.0,vanilla_transformer_v10,2026-08-03 14:03:00
2025-12-04,688981,0.0013116374611854553,-0.004805391188710928,0.0013116374611854553,1.0,vanilla_transformer_v10,2026-08-03 14:03:00
2025-12-04,300454,0.0012247338891029358,-0.0030873750802129507,0.0012247338891029358,1.0,vanilla_transformer_v10,2026-08-03 14:03:00
2025-12-04,002230,0.0010212957859039307,0.004109811503440142,0.0010212957859039307,1.0,vanilla_transformer_v10,2026-08-03 14:03:00
2025-12-04,000858,0.0008192583918571472,0.004444803111255169,0.0008192583918571472,1.0,vanilla_transformer_v10,2026-08-03 14:03:00
2025-12-04,000977,0.000795505940914154,-0.00032482296228408813,0.000795505940914154,1.0,vanilla_transformer_v10,2026-08-03 14:03:00
2025-12-04,002371,0.0007299557328224182,0.0015791731420904398,0.0007299557328224182,1.0,vanilla_transformer_v10,2026-08-03 14:03:00
2025-12-04,300750,0.000450722873210907,0.014850656501948833,0.000450722873210907,1.0,vanilla_transformer_v10,2026-08-03 14:03:00
2025-12-04,601318,0.0003722831606864929,0.057106923311948776,0.0003722831606864929,1.0,vanilla_transformer_v10,2026-08-03 14:03:00
2025-12-04,600036,0.00034891068935394287,0.005294042639434338,0.00034891068935394287,1.0,vanilla_transformer_v10,2026-08-03 14:03:00
2025-12-04,600584,0.0003043636679649353,-0.006730583496391773,0.0003043636679649353,1.0,vanilla_transformer_v10,2026-08-03 14:03:00
2025-12-04,600887,0.00018306821584701538,-0.002419347409158945,0.00018306821584701538,1.0,vanilla_transformer_v10,2026-08-03 14:03:00
2025-12-04,300782,0.00010028481483459473,0.011940848082304,0.00010028481483459473,1.0,vanilla_transformer_v10,2026-08-03 14:03:00
2025-12-04,002594,-5.2951276302337646e-05,0.007735120132565498,5.2951276302337646e-05,0.0,vanilla_transformer_v10,2026-08-03 14:03:00
2025-12-04,603501,-0.00020035356283187866,0.004005589056760073,0.00020035356283187866,0.0,vanilla_transformer_v10,2026-08-03 14:03:00
2025-12-04,600519,-0.0003335922956466675,0.004225657321512699,0.0003335922956466675,0.0,vanilla_transformer_v10,2026-08-03 14:03:00
2025-12-05,601318,0.00421297550201416,0.022503750398755074,0.00421297550201416,1.0,vanilla_transformer_v10,2026-08-03 14:03:00
2025-12-05,601138,0.003256402909755707,0.03674740716814995,0.003256402909755707,1.0,vanilla_transformer_v10,2026-08-03 14:03:00
2025-12-05,002465,0.002901710569858551,0.008610876277089119,0.002901710569858551,1.0,vanilla_transformer_v10,2026-08-03 14:03:00
2025-12-05,601012,0.0027966201305389404,0.0033140513114631176,0.0027966201305389404,1.0,vanilla_transformer_v10,2026-08-03 14:03:00
2025-12-05,600438,0.0019957050681114197,0.0023226886987686157,0.0019957050681114197,1.0,vanilla_transformer_v10,2026-08-03 14:03:00
2025-12-05,300308,0.00180131196975708,0.05954344943165779,0.00180131196975708,1.0,vanilla_transformer_v10,2026-08-03 14:03:00
2025-12-05,688012,0.0015436112880706787,0.008860336616635323,0.0015436112880706787,1.0,vanilla_transformer_v10,2026-08-03 14:03:00
2025-12-05,300454,0.0014190152287483215,0.006604171358048916,0.0014190152287483215,1.0,vanilla_transformer_v10,2026-08-03 14:03:00
2025-12-05,000568,0.001149296760559082,-0.023411797359585762,0.001149296760559082,1.0,vanilla_transformer_v10,2026-08-03 14:03:00
2025-12-05,002230,0.0008742213249206543,0.007140588480979204,0.0008742213249206543,1.0,vanilla_transformer_v10,2026-08-03 14:03:00
2025-12-05,300750,0.00034915655851364136,0.008731351234018803,0.00034915655851364136,1.0,vanilla_transformer_v10,2026-08-03 14:03:00
2025-12-05,600036,0.00029297173023223877,-0.006228701677173376,0.00029297173023223877,1.0,vanilla_transformer_v10,2026-08-03 14:03:00
2025-12-05,688981,0.000226534903049469,0.0261057261377573,0.000226534903049469,1.0,vanilla_transformer_v10,2026-08-03 14:03:00
2025-12-05,000858,0.00016577541828155518,-0.014809082262217999,0.00016577541828155518,1.0,vanilla_transformer_v10,2026-08-03 14:03:00
2025-12-05,000977,0.00012625008821487427,0.022105317562818527,0.00012625008821487427,1.0,vanilla_transformer_v10,2026-08-03 14:03:00
2025-12-05,300782,3.904849290847778e-05,0.0011401581577956676,3.904849290847778e-05,1.0,vanilla_transformer_v10,2026-08-03 14:03:00
2025-12-05,002594,2.7649104595184326e-05,0.005704785231500864,2.7649104595184326e-05,1.0,vanilla_transformer_v10,2026-08-03 14:03:00
2025-12-05,600887,1.650303602218628e-05,-0.00277093518525362,1.650303602218628e-05,1.0,vanilla_transformer_v10,2026-08-03 14:03:00
2025-12-05,002371,-0.0002606436610221863,0.027368126437067986,0.0002606436610221863,0.0,vanilla_transformer_v10,2026-08-03 14:03:00
2025-12-05,603501,-0.00030403584241867065,0.00826376210898161,0.00030403584241867065,0.0,vanilla_transformer_v10,2026-08-03 14:03:00
2025-12-05,600519,-0.00032494962215423584,-0.008278748951852322,0.00032494962215423584,0.0,vanilla_transformer_v10,2026-08-03 14:03:00
2025-12-05,600584,-0.00035104900598526,0.014574330300092697,0.00035104900598526,0.0,vanilla_transformer_v10,2026-08-03 14:03:00
2025-12-08,601138,0.0037228837609291077,0.0698002502322197,0.0037228837609291077,1.0,vanilla_transformer_v10,2026-08-03 14:03:00
2025-12-08,300308,0.0022853612899780273,0.06124544143676758,0.0022853612899780273,1.0,vanilla_transformer_v10,2026-08-03 14:03:00
2025-12-08,002465,0.0021459683775901794,0.01240376103669405,0.0021459683775901794,1.0,vanilla_transformer_v10,2026-08-03 14:03:00
2025-12-08,601318,0.002099946141242981,-0.015116448514163494,0.002099946141242981,1.0,vanilla_transformer_v10,2026-08-03 14:03:00
2025-12-08,601012,0.002091340720653534,0.006623188499361277,0.002091340720653534,1.0,vanilla_transformer_v10,2026-08-03 14:03:00
2025-12-08,000568,0.001917816698551178,-0.026345396414399147,0.001917816698551178,1.0,vanilla_transformer_v10,2026-08-03 14:03:00
2025-12-08,688012,0.0018787682056427002,0.0008637444116175175,0.0018787682056427002,1.0,vanilla_transformer_v10,2026-08-03 14:03:00
2025-12-08,600438,0.0018447116017341614,0.03544839844107628,0.0018447116017341614,1.0,vanilla_transformer_v10,2026-08-03 14:03:00
2025-12-08,300454,0.001308351755142212,-0.008195683360099792,0.001308351755142212,1.0,vanilla_transformer_v10,2026-08-03 14:03:00
2025-12-08,000977,0.0012784823775291443,0.02659047394990921,0.0012784823775291443,1.0,vanilla_transformer_v10,2026-08-03 14:03:00
2025-12-08,002371,0.0010014548897743225,-0.012037006206810474,0.0010014548897743225,1.0,vanilla_transformer_v10,2026-08-03 14:03:00
2025-12-08,000858,0.0009953603148460388,-0.02132568694651127,0.0009953603148460388,1.0,vanilla_transformer_v10,2026-08-03 14:03:00
2025-12-08,688981,0.0009385198354721069,-0.0075368634425103664,0.0009385198354721069,1.0,vanilla_transformer_v10,2026-08-03 14:03:00
2025-12-08,300782,0.0006316825747489929,-0.012778679840266705,0.0006316825747489929,1.0,vanilla_transformer_v10,2026-08-03 14:03:00
2025-12-08,002230,0.0005659535527229309,-0.011250399984419346,0.0005659535527229309,1.0,vanilla_transformer_v10,2026-08-03 14:03:00
2025-12-08,600584,0.0005227699875831604,-0.010252770967781544,0.0005227699875831604,1.0,vanilla_transformer_v10,2026-08-03 14:03:00
2025-12-08,603501,0.000491902232170105,-0.007839866913855076,0.000491902232170105,1.0,vanilla_transformer_v10,2026-08-03 14:03:00
2025-12-08,600036,0.00032188743352890015,-0.0032355599105358124,0.00032188743352890015,1.0,vanilla_transformer_v10,2026-08-03 14:03:00
2025-12-08,300750,0.0002221912145614624,-0.012581301853060722,0.0002221912145614624,1.0,vanilla_transformer_v10,2026-08-03 14:03:00
2025-12-08,600887,-5.932897329330444e-05,-0.00277435383759439,5.932897329330444e-05,0.0,vanilla_transformer_v10,2026-08-03 14:03:00
2025-12-08,002594,-0.0002518966794013977,-0.005175807513296604,0.0002518966794013977,0.0,vanilla_transformer_v10,2026-08-03 14:03:00
2025-12-08,600519,-0.00036991387605667114,-0.012208397500216961,0.00036991387605667114,0.0,vanilla_transformer_v10,2026-08-03 14:03:00
2025-12-09,600438,0.004005394876003265,-0.030448077246546745,0.004005394876003265,1.0,vanilla_transformer_v10,2026-08-03 14:03:00
2025-12-09,002465,0.0036175474524497986,0.010768268257379532,0.0036175474524497986,1.0,vanilla_transformer_v10,2026-08-03 14:03:00
2025-12-09,601138,0.003458268940448761,-0.04183649644255638,0.003458268940448761,1.0,vanilla_transformer_v10,2026-08-03 14:03:00
2025-12-09,601012,0.003159046173095703,0.0,0.003159046173095703,1.0,vanilla_transformer_v10,2026-08-03 14:03:00
2025-12-09,000568,0.0026114359498023987,0.004085144028067589,0.0026114359498023987,1.0,vanilla_transformer_v10,2026-08-03 14:03:00
2025-12-09,300308,0.0024234652519226074,0.01636539399623871,0.0024234652519226074,1.0,vanilla_transformer_v10,2026-08-03 14:03:00
2025-12-09,000977,0.0022429004311561584,-0.021677082404494286,0.0022429004311561584,1.0,vanilla_transformer_v10,2026-08-03 14:03:00
2025-12-09,000858,0.0019332543015480042,0.006650661118328571,0.0019332543015480042,1.0,vanilla_transformer_v10,2026-08-03 14:03:00
2025-12-09,300454,0.001672506332397461,0.0024745925329625607,0.001672506332397461,1.0,vanilla_transformer_v10,2026-08-03 14:03:00
2025-12-09,688012,0.001472271978855133,-0.009833062998950481,0.001472271978855133,1.0,vanilla_transformer_v10,2026-08-03 14:03:00
2025-12-09,600887,0.0007880702614784241,-0.006980523932725191,0.0007880702614784241,1.0,vanilla_transformer_v10,2026-08-03 14:03:00
2025-12-09,300782,0.0007683262228965759,0.008482743054628372,0.0007683262228965759,1.0,vanilla_transformer_v10,2026-08-03 14:03:00
2025-12-09,002371,0.0006001293659210205,0.0023366117384284735,0.0006001293659210205,1.0,vanilla_transformer_v10,2026-08-03 14:03:00
2025-12-09,600036,0.0005981400609016418,-0.03162353113293648,0.0005981400609016418,1.0,vanilla_transformer_v10,2026-08-03 14:03:00
2025-12-09,601318,0.0005064979195594788,0.00163423758931458,0.0005064979195594788,1.0,vanilla_transformer_v10,2026-08-03 14:03:00
2025-12-09,600519,0.00044976919889450073,0.001276245224289596,0.00044976919889450073,1.0,vanilla_transformer_v10,2026-08-03 14:03:00
2025-12-09,688981,0.0004255026578903198,-8.597343548899516e-05,0.0004255026578903198,1.0,vanilla_transformer_v10,2026-08-03 14:03:00
2025-12-09,603501,0.0003996714949607849,0.030116472393274307,0.0003996714949607849,1.0,vanilla_transformer_v10,2026-08-03 14:03:00
2025-12-09,600584,0.0002835467457771301,0.007790072355419397,0.0002835467457771301,1.0,vanilla_transformer_v10,2026-08-03 14:03:00
2025-12-09,002230,0.00026904046535491943,0.010847574099898338,0.00026904046535491943,1.0,vanilla_transformer_v10,2026-08-03 14:03:00
2025-12-09,300750,-0.00010507553815841675,-0.013545080088078976,0.00010507553815841675,0.0,vanilla_transformer_v10,2026-08-03 14:03:00
2025-12-09,002594,-0.00028680264949798584,0.0045508588664233685,0.00028680264949798584,0.0,vanilla_transformer_v10,2026-08-03 14:03:00
2025-12-10,601012,0.0035193338990211487,-0.01776026003062725,0.0035193338990211487,1.0,vanilla_transformer_v10,2026-08-03 14:03:00
2025-12-10,600438,0.0029393061995506287,-0.034215740859508514,0.0029393061995506287,1.0,vanilla_transformer_v10,2026-08-03 14:03:00
2025-12-10,600036,0.0028630271553993225,-0.00048425086424686015,0.0028630271553993225,1.0,vanilla_transformer_v10,2026-08-03 14:03:00
2025-12-10,601138,0.002314552664756775,-0.04555872455239296,0.002314552664756775,1.0,vanilla_transformer_v10,2026-08-03 14:03:00
2025-12-10,002465,0.002282939851284027,0.005288219545036554,0.002282939851284027,1.0,vanilla_transformer_v10,2026-08-03 14:03:00
2025-12-10,000568,0.001885823905467987,-0.009999388828873634,0.001885823905467987,1.0,vanilla_transformer_v10,2026-08-03 14:03:00
2025-12-10,300454,0.0014432519674301147,-0.017811495810747147,0.0014432519674301147,1.0,vanilla_transformer_v10,2026-08-03 14:03:00
2025-12-10,300308,0.0010854676365852356,-0.04854418709874153,0.0010854676365852356,1.0,vanilla_transformer_v10,2026-08-03 14:03:00
2025-12-10,688012,0.0010378137230873108,-0.021296149119734764,0.0010378137230873108,1.0,vanilla_transformer_v10,2026-08-03 14:03:00
2025-12-10,000858,0.000988401472568512,0.0025035629514604807,0.000988401472568512,1.0,vanilla_transformer_v10,2026-08-03 14:03:00
2025-12-10,000977,0.0006469562649726868,-0.02978397347033024,0.0006469562649726868,1.0,vanilla_transformer_v10,2026-08-03 14:03:00
2025-12-10,002230,0.0005240365862846375,-0.0059118191711604595,0.0005240365862846375,1.0,vanilla_transformer_v10,2026-08-03 14:03:00
2025-12-10,603501,0.00040768831968307495,-0.0157502219080925,0.00040768831968307495,1.0,vanilla_transformer_v10,2026-08-03 14:03:00
2025-12-10,600887,0.0003687441349029541,-0.005970915779471397,0.0003687441349029541,1.0,vanilla_transformer_v10,2026-08-03 14:03:00
2025-12-10,300782,0.00020016729831695557,-0.02011929824948311,0.00020016729831695557,1.0,vanilla_transformer_v10,2026-08-03 14:03:00
2025-12-10,600519,8.831173181533813e-05,0.0065299756824970245,8.831173181533813e-05,1.0,vanilla_transformer_v10,2026-08-03 14:03:00
2025-12-10,601318,8.769333362579346e-05,-0.00035726133501157165,8.769333362579346e-05,1.0,vanilla_transformer_v10,2026-08-03 14:03:00
2025-12-10,300750,5.9641897678375244e-05,0.017140613868832588,5.9641897678375244e-05,1.0,vanilla_transformer_v10,2026-08-03 14:03:00
2025-12-10,002594,4.4599175453186035e-05,-0.002470723120495677,4.4599175453186035e-05,1.0,vanilla_transformer_v10,2026-08-03 14:03:00
2025-12-10,002371,1.2256205081939697e-05,-0.011912344954907894,1.2256205081939697e-05,1.0,vanilla_transformer_v10,2026-08-03 14:03:00
2025-12-10,688981,-0.0001555904746055603,-0.023487510159611702,0.0001555904746055603,0.0,vanilla_transformer_v10,2026-08-03 14:03:00
2025-12-10,600584,-0.00016516447067260742,-0.021181486546993256,0.00016516447067260742,0.0,vanilla_transformer_v10,2026-08-03 14:03:00
2025-12-11,002465,0.0036385133862495422,0.011328000575304031,0.0036385133862495422,1.0,vanilla_transformer_v10,2026-08-03 14:03:00
2025-12-11,601138,0.0030431821942329407,-0.008846604265272617,0.0030431821942329407,1.0,vanilla_transformer_v10,2026-08-03 14:03:00
2025-12-11,600438,0.0029441937804222107,0.01679289899766445,0.0029441937804222107,1.0,vanilla_transformer_v10,2026-08-03 14:03:00
2025-12-11,600036,0.002507932484149933,0.0014080790570005774,0.002507932484149933,1.0,vanilla_transformer_v10,2026-08-03 14:03:00
2025-12-11,000568,0.002271600067615509,0.01293005608022213,0.002271600067615509,1.0,vanilla_transformer_v10,2026-08-03 14:03:00
2025-12-11,601012,0.002271316945552826,0.017203032970428467,0.002271316945552826,1.0,vanilla_transformer_v10,2026-08-03 14:03:00
2025-12-11,300454,0.0016661733388900757,0.03591826558113098,0.0016661733388900757,1.0,vanilla_transformer_v10,2026-08-03 14:03:00
2025-12-11,300308,0.0014790073037147522,-0.008231929503381252,0.0014790073037147522,1.0,vanilla_transformer_v10,2026-08-03 14:03:00
2025-12-11,000858,0.0011888891458511353,-0.002681879559531808,0.0011888891458511353,1.0,vanilla_transformer_v10,2026-08-03 14:03:00
2025-12-11,688012,0.0011540576815605164,0.04204146936535835,0.0011540576815605164,1.0,vanilla_transformer_v10,2026-08-03 14:03:00
2025-12-11,300750,0.001001514494419098,0.007205699570477009,0.001001514494419098,1.0,vanilla_transformer_v10,2026-08-03 14:03:00
2025-12-11,600887,0.0009092390537261963,0.010860249400138855,0.0009092390537261963,1.0,vanilla_transformer_v10,2026-08-03 14:03:00
2025-12-11,000977,0.0006184875965118408,0.022643692791461945,0.0006184875965118408,1.0,vanilla_transformer_v10,2026-08-03 14:03:00
2025-12-11,300782,0.0005799978971481323,0.031094275414943695,0.0005799978971481323,1.0,vanilla_transformer_v10,2026-08-03 14:03:00
2025-12-11,601318,0.000357016921043396,0.02186238020658493,0.000357016921043396,1.0,vanilla_transformer_v10,2026-08-03 14:03:00
2025-12-11,002230,0.00034797191619873047,0.016834888607263565,0.00034797191619873047,1.0,vanilla_transformer_v10,2026-08-03 14:03:00
2025-12-11,600519,0.0001813247799873352,0.006114063784480095,0.0001813247799873352,1.0,vanilla_transformer_v10,2026-08-03 14:03:00
2025-12-11,688981,0.0001446157693862915,0.027691539376974106,0.0001446157693862915,1.0,vanilla_transformer_v10,2026-08-03 14:03:00
2025-12-11,002371,7.496774196624756e-05,0.0044029573909938335,7.496774196624756e-05,1.0,vanilla_transformer_v10,2026-08-03 14:03:00
2025-12-11,002594,4.700571298599243e-05,0.007950368337333202,4.700571298599243e-05,1.0,vanilla_transformer_v10,2026-08-03 14:03:00
2025-12-11,600584,-0.00017995387315750122,0.011196346022188663,0.00017995387315750122,0.0,vanilla_transformer_v10,2026-08-03 14:03:00
2025-12-11,603501,-0.0003443881869316101,0.03828835114836693,0.0003443881869316101,0.0,vanilla_transformer_v10,2026-08-03 14:03:00
2025-12-12,601138,0.002325393259525299,-0.043302856385707855,0.002325393259525299,1.0,vanilla_transformer_v10,2026-08-03 14:03:00
2025-12-12,002465,0.0021106302738189697,-0.005962672643363476,0.0021106302738189697,1.0,vanilla_transformer_v10,2026-08-03 14:03:00
2025-12-12,601318,0.0017935335636138916,0.048402439802885056,0.0017935335636138916,1.0,vanilla_transformer_v10,2026-08-03 14:03:00
2025-12-12,601012,0.0016372576355934143,-0.0105059165507555,0.0016372576355934143,1.0,vanilla_transformer_v10,2026-08-03 14:03:00
2025-12-12,000568,0.0015581399202346802,-0.0013812137767672539,0.0015581399202346802,1.0,vanilla_transformer_v10,2026-08-03 14:03:00
2025-12-12,300308,0.0012786462903022766,-0.01932767778635025,0.0012786462903022766,1.0,vanilla_transformer_v10,2026-08-03 14:03:00
2025-12-12,600438,0.001249268651008606,0.005521640181541443,0.001249268651008606,1.0,vanilla_transformer_v10,2026-08-03 14:03:00
2025-12-12,688012,0.0010601803660392761,-0.01321723498404026,0.0010601803660392761,1.0,vanilla_transformer_v10,2026-08-03 14:03:00
2025-12-12,000858,0.000972747802734375,0.007586996536701918,0.000972747802734375,1.0,vanilla_transformer_v10,2026-08-03 14:03:00
2025-12-12,300454,0.0008140057325363159,-0.01819504424929619,0.0008140057325363159,1.0,vanilla_transformer_v10,2026-08-03 14:03:00
2025-12-12,600887,0.000801481306552887,0.0045197042636573315,0.000801481306552887,1.0,vanilla_transformer_v10,2026-08-03 14:03:00
2025-12-12,600036,0.0006715580821037292,0.0014500078978016973,0.0006715580821037292,1.0,vanilla_transformer_v10,2026-08-03 14:03:00
2025-12-12,688981,0.0006008073687553406,-0.03298676013946533,0.0006008073687553406,1.0,vanilla_transformer_v10,2026-08-03 14:03:00
2025-12-12,300782,0.0005268603563308716,-0.0054046884179115295,0.0005268603563308716,1.0,vanilla_transformer_v10,2026-08-03 14:03:00
2025-12-12,002594,0.0004960224032402039,-0.01526646502315998,0.0004960224032402039,1.0,vanilla_transformer_v10,2026-08-03 14:03:00
2025-12-12,000977,0.00045217573642730713,-0.00210418994538486,0.00045217573642730713,1.0,vanilla_transformer_v10,2026-08-03 14:03:00
2025-12-12,002371,0.00031056255102157593,-0.013495083898305893,0.00031056255102157593,1.0,vanilla_transformer_v10,2026-08-03 14:03:00
2025-12-12,002230,0.00028821080923080444,0.003418554784730077,0.00028821080923080444,1.0,vanilla_transformer_v10,2026-08-03 14:03:00
2025-12-12,603501,0.0002658441662788391,-0.01749856397509575,0.0002658441662788391,1.0,vanilla_transformer_v10,2026-08-03 14:03:00
2025-12-12,600584,-0.00030303001403808594,-0.0213963370770216,0.00030303001403808594,0.0,vanilla_transformer_v10,2026-08-03 14:03:00
2025-12-12,600519,-0.0003058239817619324,0.003758723381906748,0.0003058239817619324,0.0,vanilla_transformer_v10,2026-08-03 14:03:00
2025-12-12,300750,-0.0003709271550178528,-0.016218889504671097,0.0003709271550178528,0.0,vanilla_transformer_v10,2026-08-03 14:03:00
2025-12-15,601318,0.0033838972449302673,-0.0011902779806405306,0.0033838972449302673,1.0,vanilla_transformer_v10,2026-08-03 14:03:00
2025-12-15,601138,0.0025296583771705627,-0.003145555965602398,0.0025296583771705627,1.0,vanilla_transformer_v10,2026-08-03 14:03:00
2025-12-15,002465,0.002175070345401764,-0.012989252805709839,0.002175070345401764,1.0,vanilla_transformer_v10,2026-08-03 14:03:00
2025-12-15,601012,0.002133384346961975,-0.030453110113739967,0.002133384346961975,1.0,vanilla_transformer_v10,2026-08-03 14:03:00
2025-12-15,000568,0.0020672008395195007,0.00040527875535190105,0.0020672008395195007,1.0,vanilla_transformer_v10,2026-08-03 14:03:00
2025-12-15,600438,0.0017672330141067505,-0.04417875409126282,0.0017672330141067505,1.0,vanilla_transformer_v10,2026-08-03 14:03:00
2025-12-15,300308,0.0014697909355163574,-0.03397408872842789,0.0014697909355163574,1.0,vanilla_transformer_v10,2026-08-03 14:03:00
2025-12-15,000858,0.0012049898505210876,0.004875993821769953,0.0012049898505210876,1.0,vanilla_transformer_v10,2026-08-03 14:03:00
2025-12-15,600036,0.0011700615286827087,-0.002373836236074567,0.0011700615286827087,1.0,vanilla_transformer_v10,2026-08-03 14:03:00
2025-12-15,300454,0.0011127814650535583,-0.023038789629936218,0.0011127814650535583,1.0,vanilla_transformer_v10,2026-08-03 14:03:00
2025-12-15,000977,0.0009796768426895142,-0.030393734574317932,0.0009796768426895142,1.0,vanilla_transformer_v10,2026-08-03 14:03:00
2025-12-15,600887,0.0009438470005989075,0.004154962487518787,0.0009438470005989075,1.0,vanilla_transformer_v10,2026-08-03 14:03:00
2025-12-15,688012,0.0009058788418769836,-0.012225578539073467,0.0009058788418769836,1.0,vanilla_transformer_v10,2026-08-03 14:03:00
2025-12-15,002371,0.0008700564503669739,-0.013721656985580921,0.0008700564503669739,1.0,vanilla_transformer_v10,2026-08-03 14:03:00
2025-12-15,002230,0.0005818679928779602,-0.0227182749658823,0.0005818679928779602,1.0,vanilla_transformer_v10,2026-08-03 14:03:00
2025-12-15,600519,1.5869736671447754e-06,-0.002808409510180354,1.5869736671447754e-06,1.0,vanilla_transformer_v10,2026-08-03 14:03:00
2025-12-15,002594,-1.8551945686340332e-05,-0.013480493798851967,1.8551945686340332e-05,0.0,vanilla_transformer_v10,2026-08-03 14:03:00
2025-12-15,688981,-9.259581565856934e-05,-0.020652471110224724,9.259581565856934e-05,0.0,vanilla_transformer_v10,2026-08-03 14:03:00
2025-12-15,300782,-0.0002685561776161194,0.045138366520404816,0.0002685561776161194,0.0,vanilla_transformer_v10,2026-08-03 14:03:00
2025-12-15,300750,-0.0004136711359024048,-0.01856287196278572,0.0004136711359024048,0.0,vanilla_transformer_v10,2026-08-03 14:03:00
2025-12-15,600584,-0.0005411878228187561,-0.01850436069071293,0.0005411878228187561,0.0,vanilla_transformer_v10,2026-08-03 14:03:00
2025-12-15,603501,-0.0011230707168579102,0.003792192554101348,0.0011230707168579102,0.0,vanilla_transformer_v10,2026-08-03 14:03:00
2025-12-16,601012,0.0033919289708137512,0.018154853954911232,0.0033919289708137512,1.0,vanilla_transformer_v10,2026-08-03 14:03:00
2025-12-16,002465,0.0032467246055603027,-0.020076898857951164,0.0032467246055603027,1.0,vanilla_transformer_v10,2026-08-03 14:03:00
2025-12-16,601138,0.003147415816783905,0.042338814586400986,0.003147415816783905,1.0,vanilla_transformer_v10,2026-08-03 14:03:00
2025-12-16,600438,0.0030280426144599915,0.01810336485505104,0.0030280426144599915,1.0,vanilla_transformer_v10,2026-08-03 14:03:00
2025-12-16,300308,0.0023534074425697327,0.06691914051771164,0.0023534074425697327,1.0,vanilla_transformer_v10,2026-08-03 14:03:00
2025-12-16,601318,0.0019875317811965942,0.015551825053989887,0.0019875317811965942,1.0,vanilla_transformer_v10,2026-08-03 14:03:00
2025-12-16,600036,0.001886896789073944,-0.004322519060224295,0.001886896789073944,1.0,vanilla_transformer_v10,2026-08-03 14:03:00
2025-12-16,300782,0.0016589537262916565,0.07047156989574432,0.0016589537262916565,1.0,vanilla_transformer_v10,2026-08-03 14:03:00
2025-12-16,000568,0.0016572996973991394,-0.006121975835412741,0.0016572996973991394,1.0,vanilla_transformer_v10,2026-08-03 14:03:00
2025-12-16,600887,0.0016246959567070007,0.013260782696306705,0.0016246959567070007,1.0,vanilla_transformer_v10,2026-08-03 14:03:00
2025-12-16,300454,0.0015278235077857971,0.021890532225370407,0.0015278235077857971,1.0,vanilla_transformer_v10,2026-08-03 14:03:00
2025-12-16,000977,0.0013212785124778748,0.03726377338171005,0.0013212785124778748,1.0,vanilla_transformer_v10,2026-08-03 14:03:00
2025-12-16,688012,0.00102224200963974,0.024125361815094948,0.00102224200963974,1.0,vanilla_transformer_v10,2026-08-03 14:03:00
2025-12-16,000858,0.0009235069155693054,0.003536934731528163,0.0009235069155693054,1.0,vanilla_transformer_v10,2026-08-03 14:03:00
2025-12-16,688981,0.0008169636130332947,0.023127062246203423,0.0008169636130332947,1.0,vanilla_transformer_v10,2026-08-03 14:03:00
2025-12-16,600584,0.0007025972008705139,0.015431471168994904,0.0007025972008705139,1.0,vanilla_transformer_v10,2026-08-03 14:03:00
2025-12-16,002371,0.0006373599171638489,0.004190976265817881,0.0006373599171638489,1.0,vanilla_transformer_v10,2026-08-03 14:03:00
2025-12-16,002594,0.0005568265914916992,0.010119033977389336,0.0005568265914916992,1.0,vanilla_transformer_v10,2026-08-03 14:03:00
2025-12-16,002230,0.0005440935492515564,0.011832687072455883,0.0005440935492515564,1.0,vanilla_transformer_v10,2026-08-03 14:03:00
2025-12-16,600519,1.656264066696167e-05,0.007775746751576662,1.656264066696167e-05,1.0,vanilla_transformer_v10,2026-08-03 14:03:00
2025-12-16,300750,-4.773586988449097e-05,0.013156465254724026,4.773586988449097e-05,0.0,vanilla_transformer_v10,2026-08-03 14:03:00
2025-12-16,603501,-0.0005457624793052673,0.007483718916773796,0.0005457624793052673,0.0,vanilla_transformer_v10,2026-08-03 14:03:00
2025-12-17,601138,0.0030938833951950073,-0.05371648445725441,0.0030938833951950073,1.0,vanilla_transformer_v10,2026-08-03 14:03:00
2025-12-17,300308,0.002154335379600525,-0.032347649335861206,0.002154335379600525,1.0,vanilla_transformer_v10,2026-08-03 14:03:00
2025-12-17,600438,0.001924179494380951,-0.020023589953780174,0.001924179494380951,1.0,vanilla_transformer_v10,2026-08-03 14:03:00
2025-12-17,002465,0.0016086846590042114,0.026222940534353256,0.0016086846590042114,1.0,vanilla_transformer_v10,2026-08-03 14:03:00
2025-12-17,601012,0.0012303441762924194,-0.004515067208558321,0.0012303441762924194,1.0,vanilla_transformer_v10,2026-08-03 14:03:00
2025-12-17,600036,0.0011346936225891113,0.02025928534567356,0.0011346936225891113,1.0,vanilla_transformer_v10,2026-08-03 14:03:00
2025-12-17,601318,0.0010483413934707642,0.006591734942048788,0.0010483413934707642,1.0,vanilla_transformer_v10,2026-08-03 14:03:00
2025-12-17,000568,0.0010024979710578918,-0.0011472714832052588,0.0010024979710578918,1.0,vanilla_transformer_v10,2026-08-03 14:03:00
2025-12-17,000977,0.0009500384330749512,-0.025619378313422203,0.0009500384330749512,1.0,vanilla_transformer_v10,2026-08-03 14:03:00
2025-12-17,300782,0.0007540956139564514,-0.02728298306465149,0.0007540956139564514,1.0,vanilla_transformer_v10,2026-08-03 14:03:00
2025-12-17,002371,0.0006019994616508484,-0.0036945403553545475,0.0006019994616508484,1.0,vanilla_transformer_v10,2026-08-03 14:03:00
2025-12-17,300454,0.0005649030208587646,-0.0017691291868686676,0.0005649030208587646,1.0,vanilla_transformer_v10,2026-08-03 14:03:00
2025-12-17,688981,0.0004709884524345398,-0.004334563855081797,0.0004709884524345398,1.0,vanilla_transformer_v10,2026-08-03 14:03:00
2025-12-17,600887,0.0004434660077095032,0.004150243941694498,0.0004434660077095032,1.0,vanilla_transformer_v10,2026-08-03 14:03:00
2025-12-17,300750,0.0004320964217185974,-0.030234282836318016,0.0004320964217185974,1.0,vanilla_transformer_v10,2026-08-03 14:03:00
2025-12-17,688012,0.0002733394503593445,-0.0233591478317976,0.0002733394503593445,1.0,vanilla_transformer_v10,2026-08-03 14:03:00
2025-12-17,600584,0.00016792863607406616,-0.007232214789837599,0.00016792863607406616,1.0,vanilla_transformer_v10,2026-08-03 14:03:00
2025-12-17,002594,-2.9146671295166016e-05,-0.017793046310544014,2.9146671295166016e-05,0.0,vanilla_transformer_v10,2026-08-03 14:03:00
2025-12-17,000858,-7.272511720657349e-05,-0.0035265744663774967,7.272511720657349e-05,0.0,vanilla_transformer_v10,2026-08-03 14:03:00
2025-12-17,002230,-0.00011946260929107666,-0.013685306534171104,0.00011946260929107666,0.0,vanilla_transformer_v10,2026-08-03 14:03:00
2025-12-17,600519,-0.0005530640482902527,-0.0014664572663605213,0.0005530640482902527,0.0,vanilla_transformer_v10,2026-08-03 14:03:00
2025-12-17,603501,-0.0006896704435348511,-0.022030282765626907,0.0006896704435348511,0.0,vanilla_transformer_v10,2026-08-03 14:03:00
2025-12-18,002465,0.003744684159755707,-0.0023268123622983694,0.003744684159755707,1.0,vanilla_transformer_v10,2026-08-03 14:03:00
2025-12-18,601138,0.002933703362941742,0.00028964519151486456,0.002933703362941742,1.0,vanilla_transformer_v10,2026-08-03 14:03:00
2025-12-18,600036,0.0027588680386543274,-0.009006913751363754,0.0027588680386543274,1.0,vanilla_transformer_v10,2026-08-03 14:03:00
2025-12-18,600438,0.0015609562397003174,0.0019202240509912372,0.0015609562397003174,1.0,vanilla_transformer_v10,2026-08-03 14:03:00
2025-12-18,300308,0.001494079828262329,0.0008755452581681311,0.001494079828262329,1.0,vanilla_transformer_v10,2026-08-03 14:03:00
2025-12-18,000568,0.0008396059274673462,0.0009830516064539552,0.0008396059274673462,1.0,vanilla_transformer_v10,2026-08-03 14:03:00
2025-12-18,300750,0.0007656291127204895,0.005362991709262133,0.0007656291127204895,1.0,vanilla_transformer_v10,2026-08-03 14:03:00
2025-12-18,601012,0.0005170851945877075,0.021253280341625214,0.0005170851945877075,1.0,vanilla_transformer_v10,2026-08-03 14:03:00
2025-12-18,002594,0.0004174560308456421,0.007438246626406908,0.0004174560308456421,1.0,vanilla_transformer_v10,2026-08-03 14:03:00
2025-12-18,000977,0.00040749460458755493,0.005868732929229736,0.00040749460458755493,1.0,vanilla_transformer_v10,2026-08-03 14:03:00
2025-12-18,300454,0.0003215894103050232,-0.012382680550217628,0.0003215894103050232,1.0,vanilla_transformer_v10,2026-08-03 14:03:00
2025-12-18,688012,0.00017784535884857178,0.0,0.00017784535884857178,1.0,vanilla_transformer_v10,2026-08-03 14:03:00
2025-12-18,002371,0.00011823326349258423,0.011799669824540615,0.00011823326349258423,1.0,vanilla_transformer_v10,2026-08-03 14:03:00
2025-12-18,688981,8.913874626159668e-05,0.007331216707825661,8.913874626159668e-05,1.0,vanilla_transformer_v10,2026-08-03 14:03:00
2025-12-18,002230,-7.524341344833374e-05,0.0028753604274243116,7.524341344833374e-05,0.0,vanilla_transformer_v10,2026-08-03 14:03:00
2025-12-18,000858,-0.00011449307203292847,0.0009060996817424893,0.00011449307203292847,0.0,vanilla_transformer_v10,2026-08-03 14:03:00
2025-12-18,600887,-0.00023633241653442383,0.007220698986202478,0.00023633241653442383,0.0,vanilla_transformer_v10,2026-08-03 14:03:00
2025-12-18,601318,-0.0003055259585380554,0.003627910977229476,0.0003055259585380554,0.0,vanilla_transformer_v10,2026-08-03 14:03:00
2025-12-18,600584,-0.00037391483783721924,0.0024919777642935514,0.00037391483783721924,0.0,vanilla_transformer_v10,2026-08-03 14:03:00
2025-12-18,603501,-0.0007140710949897766,0.011163453571498394,0.0007140710949897766,0.0,vanilla_transformer_v10,2026-08-03 14:03:00
2025-12-18,600519,-0.0010993555188179016,0.0021009077318012714,0.0010993555188179016,0.0,vanilla_transformer_v10,2026-08-03 14:03:00
2025-12-18,300782,-0.0011007487773895264,-0.014189950190484524,0.0011007487773895264,0.0,vanilla_transformer_v10,2026-08-03 14:03:00
2025-12-19,601012,0.002908080816268921,0.0016529160784557462,0.002908080816268921,1.0,vanilla_transformer_v10,2026-08-03 14:03:00
2025-12-19,600438,0.002616092562675476,0.0019165438134223223,0.002616092562675476,1.0,vanilla_transformer_v10,2026-08-03 14:03:00
2025-12-19,601138,0.0023682788014411926,0.039048049598932266,0.0023682788014411926,1.0,vanilla_transformer_v10,2026-08-03 14:03:00
2025-12-19,002465,0.0017145946621894836,0.015862509608268738,0.0017145946621894836,1.0,vanilla_transformer_v10,2026-08-03 14:03:00
2025-12-19,300308,0.0014440491795539856,0.07706455886363983,0.0014440491795539856,1.0,vanilla_transformer_v10,2026-08-03 14:03:00
2025-12-19,600036,0.0010125786066055298,-0.005258787889033556,0.0010125786066055298,1.0,vanilla_transformer_v10,2026-08-03 14:03:00
2025-12-19,000568,0.0006971210241317749,-0.006243327632546425,0.0006971210241317749,1.0,vanilla_transformer_v10,2026-08-03 14:03:00
2025-12-19,300750,0.0006274059414863586,-0.005797198507934809,0.0006274059414863586,1.0,vanilla_transformer_v10,2026-08-03 14:03:00
2025-12-19,002594,0.000613771378993988,0.0015146672958508134,0.000613771378993988,1.0,vanilla_transformer_v10,2026-08-03 14:03:00
2025-12-19,300454,0.0005827173590660095,-0.00125571817625314,0.0005827173590660095,1.0,vanilla_transformer_v10,2026-08-03 14:03:00
2025-12-19,002371,0.0005302354693412781,0.037085358053445816,0.0005302354693412781,1.0,vanilla_transformer_v10,2026-08-03 14:03:00
2025-12-19,000977,0.00039971619844436646,0.04395686462521553,0.00039971619844436646,1.0,vanilla_transformer_v10,2026-08-03 14:03:00
2025-12-19,601318,-5.764514207839966e-05,-0.003068913472816348,5.764514207839966e-05,0.0,vanilla_transformer_v10,2026-08-03 14:03:00
2025-12-19,600887,-0.00013147294521331787,-0.0027463813312351704,0.00013147294521331787,0.0,vanilla_transformer_v10,2026-08-03 14:03:00
2025-12-19,600584,-0.00020883232355117798,0.028403395786881447,0.00020883232355117798,0.0,vanilla_transformer_v10,2026-08-03 14:03:00
2025-12-19,688981,-0.0003108680248260498,0.05828717350959778,0.0003108680248260498,0.0,vanilla_transformer_v10,2026-08-03 14:03:00
2025-12-19,000858,-0.00031259655952453613,-0.001813021139241755,0.00031259655952453613,0.0,vanilla_transformer_v10,2026-08-03 14:03:00
2025-12-19,002230,-0.0005867108702659607,0.005113029852509499,0.0005867108702659607,0.0,vanilla_transformer_v10,2026-08-03 14:03:00
2025-12-19,603501,-0.0009170770645141602,0.010577804408967495,0.0009170770645141602,0.0,vanilla_transformer_v10,2026-08-03 14:03:00
2025-12-19,600519,-0.0010082721710205078,-0.0012342341942712665,0.0010082721710205078,0.0,vanilla_transformer_v10,2026-08-03 14:03:00
2025-12-19,688012,-0.0011180266737937927,0.0,0.0011180266737937927,0.0,vanilla_transformer_v10,2026-08-03 14:03:00
2025-12-19,300782,-0.0011981725692749023,0.004493599757552147,0.0011981725692749023,0.0,vanilla_transformer_v10,2026-08-03 14:03:00
2025-12-22,601138,0.002710491418838501,0.036238327622413635,0.002710491418838501,1.0,vanilla_transformer_v10,2026-08-03 14:03:00
2025-12-22,300308,0.0019223466515541077,0.005650852806866169,0.0019223466515541077,1.0,vanilla_transformer_v10,2026-08-03 14:03:00
2025-12-22,002371,0.0015255436301231384,0.03405874967575073,0.0015255436301231384,1.0,vanilla_transformer_v10,2026-08-03 14:03:00
2025-12-22,002465,0.0012050345540046692,-0.019681738689541817,0.0012050345540046692,1.0,vanilla_transformer_v10,2026-08-03 14:03:00
2025-12-22,000977,0.0009992346167564392,0.009422702714800835,0.0009992346167564392,1.0,vanilla_transformer_v10,2026-08-03 14:03:00
2025-12-22,600438,0.0009262189269065857,0.0009568962268531322,0.0009262189269065857,1.0,vanilla_transformer_v10,2026-08-03 14:03:00
2025-12-22,300750,0.000889994204044342,0.016699470579624176,0.000889994204044342,1.0,vanilla_transformer_v10,2026-08-03 14:03:00
2025-12-22,000568,0.0007568001747131348,-0.007697131019085646,0.0007568001747131348,1.0,vanilla_transformer_v10,2026-08-03 14:03:00
2025-12-22,688981,0.000708848237991333,-0.004576667211949825,0.000708848237991333,1.0,vanilla_transformer_v10,2026-08-03 14:03:00
2025-12-22,600584,0.0006890520453453064,-0.004334576893597841,0.0006890520453453064,1.0,vanilla_transformer_v10,2026-08-03 14:03:00
2025-12-22,601318,0.0003873780369758606,0.013782477006316185,0.0003873780369758606,1.0,vanilla_transformer_v10,2026-08-03 14:03:00
2025-12-22,600036,0.0002691596746444702,0.003333775093778968,0.0002691596746444702,1.0,vanilla_transformer_v10,2026-08-03 14:03:00
2025-12-22,300782,0.00026576220989227295,-0.02832546830177307,0.00026576220989227295,1.0,vanilla_transformer_v10,2026-08-03 14:03:00
2025-12-22,300454,0.0002576485276222229,-0.01802176982164383,0.0002576485276222229,1.0,vanilla_transformer_v10,2026-08-03 14:03:00
2025-12-22,600887,0.0001336410641670227,-0.005858609452843666,0.0001336410641670227,1.0,vanilla_transformer_v10,2026-08-03 14:03:00
2025-12-22,601012,1.9215047359466553e-05,-0.004966967273503542,1.9215047359466553e-05,1.0,vanilla_transformer_v10,2026-08-03 14:03:00
2025-12-22,002594,-4.286319017410278e-05,0.004630725365132093,4.286319017410278e-05,0.0,vanilla_transformer_v10,2026-08-03 14:03:00
2025-12-22,603501,-7.767230272293091e-05,-0.00405515544116497,7.767230272293091e-05,0.0,vanilla_transformer_v10,2026-08-03 14:03:00
2025-12-22,000858,-0.0004132464528083801,-0.005542282946407795,0.0004132464528083801,0.0,vanilla_transformer_v10,2026-08-03 14:03:00
2025-12-22,002230,-0.0005838051438331604,-0.008802820928394794,0.0005838051438331604,0.0,vanilla_transformer_v10,2026-08-03 14:03:00
2025-12-22,600519,-0.0006026849150657654,-0.0002843833644874394,0.0006026849150657654,0.0,vanilla_transformer_v10,2026-08-03 14:03:00
2025-12-22,688012,-0.0006057322025299072,0.0,0.0006057322025299072,0.0,vanilla_transformer_v10,2026-08-03 14:03:00
2025-12-23,601138,0.0027685388922691345,0.03561912104487419,0.0027685388922691345,1.0,vanilla_transformer_v10,2026-08-03 14:03:00
2025-12-23,002465,0.0025309473276138306,0.03015303798019886,0.0025309473276138306,1.0,vanilla_transformer_v10,2026-08-03 14:03:00
2025-12-23,600438,0.002495214343070984,0.008571109734475613,0.002495214343070984,1.0,vanilla_transformer_v10,2026-08-03 14:03:00
2025-12-23,300454,0.0016700848937034607,0.0066487789154052734,0.0016700848937034607,1.0,vanilla_transformer_v10,2026-08-03 14:03:00
2025-12-23,000568,0.001500442624092102,-0.0038262198213487864,0.001500442624092102,1.0,vanilla_transformer_v10,2026-08-03 14:03:00
2025-12-23,600036,0.0013665929436683655,-0.001928725396282971,0.0013665929436683655,1.0,vanilla_transformer_v10,2026-08-03 14:03:00
2025-12-23,601318,0.0012344643473625183,-0.006636274978518486,0.0012344643473625183,1.0,vanilla_transformer_v10,2026-08-03 14:03:00
2025-12-23,300308,0.001158200204372406,0.021348224952816963,0.001158200204372406,1.0,vanilla_transformer_v10,2026-08-03 14:03:00
2025-12-23,600887,0.0011355578899383545,-0.0017299194587394595,0.0011355578899383545,1.0,vanilla_transformer_v10,2026-08-03 14:03:00
2025-12-23,002371,0.0011281594634056091,-0.0006661314400844276,0.0011281594634056091,1.0,vanilla_transformer_v10,2026-08-03 14:03:00
2025-12-23,300750,0.0011120513081550598,-0.00663526589050889,0.0011120513081550598,1.0,vanilla_transformer_v10,2026-08-03 14:03:00
2025-12-23,601012,0.0009026750922203064,0.006086036562919617,0.0009026750922203064,1.0,vanilla_transformer_v10,2026-08-03 14:03:00
2025-12-23,000977,0.00031926482915878296,0.022816060110926628,0.00031926482915878296,1.0,vanilla_transformer_v10,2026-08-03 14:03:00
2025-12-23,300782,0.00029524415731430054,0.03722771629691124,0.00029524415731430054,1.0,vanilla_transformer_v10,2026-08-03 14:03:00
2025-12-23,000858,0.0002766624093055725,-0.004017297178506851,0.0002766624093055725,1.0,vanilla_transformer_v10,2026-08-03 14:03:00
2025-12-23,002230,0.00017936527729034424,0.00226067123003304,0.00017936527729034424,1.0,vanilla_transformer_v10,2026-08-03 14:03:00
2025-12-23,002594,4.827231168746948e-05,-0.004126345738768578,4.827231168746948e-05,1.0,vanilla_transformer_v10,2026-08-03 14:03:00
2025-12-23,600584,-6.774812936782837e-05,0.013238444924354553,6.774812936782837e-05,0.0,vanilla_transformer_v10,2026-08-03 14:03:00
2025-12-23,603501,-0.00017198175191879272,0.010394503362476826,0.00017198175191879272,0.0,vanilla_transformer_v10,2026-08-03 14:03:00
2025-12-23,600519,-0.00024762749671936035,-0.004955544136464596,0.00024762749671936035,0.0,vanilla_transformer_v10,2026-08-03 14:03:00
2025-12-23,688981,-0.0003048032522201538,0.02885408326983452,0.0003048032522201538,0.0,vanilla_transformer_v10,2026-08-03 14:03:00
2025-12-23,688012,-0.0003487393260002136,0.0,0.0003487393260002136,0.0,vanilla_transformer_v10,2026-08-03 14:03:00
2025-12-24,002465,0.0027259811758995056,0.015453411266207695,0.0027259811758995056,1.0,vanilla_transformer_v10,2026-08-03 14:03:00
2025-12-24,601138,0.0022415444254875183,0.023946339264512062,0.0022415444254875183,1.0,vanilla_transformer_v10,2026-08-03 14:03:00
2025-12-24,300308,0.0014735981822013855,0.008476804941892624,0.0014735981822013855,1.0,vanilla_transformer_v10,2026-08-03 14:03:00
2025-12-24,600438,0.0013103261590003967,0.016034549102187157,0.0013103261590003967,1.0,vanilla_transformer_v10,2026-08-03 14:03:00
2025-12-24,300782,0.0012149736285209656,-0.006150800734758377,0.0012149736285209656,1.0,vanilla_transformer_v10,2026-08-03 14:03:00
2025-12-24,000568,0.0007527917623519897,0.006481570657342672,0.0007527917623519897,1.0,vanilla_transformer_v10,2026-08-03 14:03:00
2025-12-24,601012,0.0006981566548347473,0.007687631994485855,0.0006981566548347473,1.0,vanilla_transformer_v10,2026-08-03 14:03:00
2025-12-24,300454,0.00067853182554245,0.010924137197434902,0.00067853182554245,1.0,vanilla_transformer_v10,2026-08-03 14:03:00
2025-12-24,600036,0.0006649419665336609,-0.0011853805044665933,0.0006649419665336609,1.0,vanilla_transformer_v10,2026-08-03 14:03:00
2025-12-24,601318,0.000662781298160553,0.025293532758951187,0.000662781298160553,1.0,vanilla_transformer_v10,2026-08-03 14:03:00
2025-12-24,000977,0.0006114393472671509,-0.002549606142565608,0.0006114393472671509,1.0,vanilla_transformer_v10,2026-08-03 14:03:00
2025-12-24,300750,0.000545017421245575,-0.006916975602507591,0.000545017421245575,1.0,vanilla_transformer_v10,2026-08-03 14:03:00
2025-12-24,600887,0.00035300105810165405,0.011019292287528515,0.00035300105810165405,1.0,vanilla_transformer_v10,2026-08-03 14:03:00
2025-12-24,688981,0.0001615956425666809,-0.0026775950100272894,0.0001615956425666809,1.0,vanilla_transformer_v10,2026-08-03 14:03:00
2025-12-24,600584,8.5487961769104e-05,0.0002905920846387744,8.5487961769104e-05,1.0,vanilla_transformer_v10,2026-08-03 14:03:00
2025-12-24,000858,4.7147274017333984e-05,0.012003797106444836,4.7147274017333984e-05,1.0,vanilla_transformer_v10,2026-08-03 14:03:00
2025-12-24,002371,3.929436206817627e-05,-0.016556933522224426,3.929436206817627e-05,1.0,vanilla_transformer_v10,2026-08-03 14:03:00
2025-12-24,603501,2.2366642951965332e-05,0.0049855406396090984,2.2366642951965332e-05,1.0,vanilla_transformer_v10,2026-08-03 14:03:00
2025-12-24,002594,-2.512335777282715e-05,0.004461073782294989,2.512335777282715e-05,0.0,vanilla_transformer_v10,2026-08-03 14:03:00
2025-12-24,002230,-0.00018583238124847412,0.00040637864731252193,0.00018583238124847412,0.0,vanilla_transformer_v10,2026-08-03 14:03:00
2025-12-24,600519,-0.0003126561641693115,0.009428046643733978,0.0003126561641693115,0.0,vanilla_transformer_v10,2026-08-03 14:03:00
2025-12-24,688012,-0.0006109774112701416,0.0,0.0006109774112701416,0.0,vanilla_transformer_v10,2026-08-03 14:03:00
2025-12-25,601318,0.0020750537514686584,0.005081517621874809,0.0020750537514686584,1.0,vanilla_transformer_v10,2026-08-03 14:03:00
2025-12-25,300308,0.0019567906856536865,-0.020210493355989456,0.0019567906856536865,1.0,vanilla_transformer_v10,2026-08-03 14:03:00
2025-12-25,601138,0.0018730014562606812,-0.044106729328632355,0.0018730014562606812,1.0,vanilla_transformer_v10,2026-08-03 14:03:00
2025-12-25,002465,0.0018016919493675232,0.01881248503923416,0.0018016919493675232,1.0,vanilla_transformer_v10,2026-08-03 14:03:00
2025-12-25,600438,0.0015272870659828186,0.019449083134531975,0.0015272870659828186,1.0,vanilla_transformer_v10,2026-08-03 14:03:00
2025-12-25,000568,0.001241333782672882,-0.011077964678406715,0.001241333782672882,1.0,vanilla_transformer_v10,2026-08-03 14:03:00
2025-12-25,601012,0.0008400902152061462,0.040218040347099304,0.0008400902152061462,1.0,vanilla_transformer_v10,2026-08-03 14:03:00
2025-12-25,300454,0.0007681101560592651,0.02386663481593132,0.0007681101560592651,1.0,vanilla_transformer_v10,2026-08-03 14:03:00
2025-12-25,600887,0.0007645785808563232,-0.003430763026699424,0.0007645785808563232,1.0,vanilla_transformer_v10,2026-08-03 14:03:00
2025-12-25,300750,0.0007112398743629456,0.0037914738059043884,0.0007112398743629456,1.0,vanilla_transformer_v10,2026-08-03 14:03:00
2025-12-25,000858,0.00033210963010787964,-0.007439224049448967,0.00033210963010787964,1.0,vanilla_transformer_v10,2026-08-03 14:03:00
2025-12-25,002230,0.0002915114164352417,0.0018491935916244984,0.0002915114164352417,1.0,vanilla_transformer_v10,2026-08-03 14:03:00
2025-12-25,002594,0.00019966065883636475,0.05305211991071701,0.00019966065883636475,1.0,vanilla_transformer_v10,2026-08-03 14:03:00
2025-12-25,600036,0.00014811009168624878,-0.001890733721666038,0.00014811009168624878,1.0,vanilla_transformer_v10,2026-08-03 14:03:00
2025-12-25,002371,8.80807638168335e-05,-0.03044453077018261,8.80807638168335e-05,1.0,vanilla_transformer_v10,2026-08-03 14:03:00
2025-12-25,600519,8.656829595565796e-05,-2.8315856980043463e-05,8.656829595565796e-05,1.0,vanilla_transformer_v10,2026-08-03 14:03:00
2025-12-25,000977,-0.00017001479864120483,0.010040724650025368,0.00017001479864120483,0.0,vanilla_transformer_v10,2026-08-03 14:03:00
2025-12-25,300782,-0.0002249404788017273,-0.01441625040024519,0.0002249404788017273,0.0,vanilla_transformer_v10,2026-08-03 14:03:00
2025-12-25,688981,-0.0005238056182861328,-0.007994169369339943,0.0005238056182861328,0.0,vanilla_transformer_v10,2026-08-03 14:03:00
2025-12-25,603501,-0.0006637945771217346,0.01334375236183405,0.0006637945771217346,0.0,vanilla_transformer_v10,2026-08-03 14:03:00
2025-12-25,600584,-0.0007081776857376099,-0.008901270106434822,0.0007081776857376099,0.0,vanilla_transformer_v10,2026-08-03 14:03:00
2025-12-25,688012,-0.00097714364528656,0.0,0.00097714364528656,0.0,vanilla_transformer_v10,2026-08-03 14:03:00
2025-12-26,601012,0.002598710358142853,-0.016961175948381424,0.002598710358142853,1.0,vanilla_transformer_v10,2026-08-03 14:03:00
2025-12-26,600438,0.0022537708282470703,-0.013359496369957924,0.0022537708282470703,1.0,vanilla_transformer_v10,2026-08-03 14:03:00
2025-12-26,002465,0.0021984949707984924,0.0956362932920456,0.0021984949707984924,1.0,vanilla_transformer_v10,2026-08-03 14:03:00
2025-12-26,002594,0.0021053701639175415,0.0019974957685917616,0.0021053701639175415,1.0,vanilla_transformer_v10,2026-08-03 14:03:00
2025-12-26,601138,0.0015770643949508667,0.02171439118683338,0.0015770643949508667,1.0,vanilla_transformer_v10,2026-08-03 14:03:00
2025-12-26,300750,0.0011034384369850159,-0.013770714402198792,0.0011034384369850159,1.0,vanilla_transformer_v10,2026-08-03 14:03:00
2025-12-26,300308,0.001066356897354126,-0.01445791870355606,0.001066356897354126,1.0,vanilla_transformer_v10,2026-08-03 14:03:00
2025-12-26,000568,0.0009300932288169861,-0.01842871867120266,0.0009300932288169861,1.0,vanilla_transformer_v10,2026-08-03 14:03:00
2025-12-26,300454,0.0007768794894218445,-0.0021942344028502703,0.0007768794894218445,1.0,vanilla_transformer_v10,2026-08-03 14:03:00
2025-12-26,002371,0.0007383003830909729,-0.013622152619063854,0.0007383003830909729,1.0,vanilla_transformer_v10,2026-08-03 14:03:00
2025-12-26,002230,0.0003142356872558594,0.0036731951404362917,0.0003142356872558594,1.0,vanilla_transformer_v10,2026-08-03 14:03:00
2025-12-26,601318,0.0002921745181083679,-0.018150633201003075,0.0002921745181083679,1.0,vanilla_transformer_v10,2026-08-03 14:03:00
2025-12-26,600036,0.00019166618585586548,0.004040942061692476,0.00019166618585586548,1.0,vanilla_transformer_v10,2026-08-03 14:03:00
2025-12-26,000977,9.554624557495117e-05,0.009234113618731499,9.554624557495117e-05,1.0,vanilla_transformer_v10,2026-08-03 14:03:00
2025-12-26,600887,7.621943950653076e-05,-0.007932355627417564,7.621943950653076e-05,1.0,vanilla_transformer_v10,2026-08-03 14:03:00
2025-12-26,300782,-7.385015487670898e-05,0.01573924906551838,7.385015487670898e-05,0.0,vanilla_transformer_v10,2026-08-03 14:03:00
2025-12-26,000858,-0.0002467930316925049,-0.015792690217494965,0.0002467930316925049,0.0,vanilla_transformer_v10,2026-08-03 14:03:00
2025-12-26,600584,-0.0007328316569328308,-0.004922318272292614,0.0007328316569328308,0.0,vanilla_transformer_v10,2026-08-03 14:03:00
2025-12-26,603501,-0.0009521022439002991,-0.015002838335931301,0.0009521022439002991,0.0,vanilla_transformer_v10,2026-08-03 14:03:00
2025-12-26,688981,-0.0010091587901115417,0.0032706488855183125,0.0010091587901115417,0.0,vanilla_transformer_v10,2026-08-03 14:03:00
2025-12-26,600519,-0.001145772635936737,-0.008614940568804741,0.001145772635936737,0.0,vanilla_transformer_v10,2026-08-03 14:03:00
2025-12-26,688012,-0.0011458173394203186,0.0,0.0011458173394203186,0.0,vanilla_transformer_v10,2026-08-03 14:03:00
2025-12-29,002465,0.0027262791991233826,-0.015057089738547802,0.0027262791991233826,1.0,vanilla_transformer_v10,2026-08-03 14:03:00
2025-12-29,601138,0.0022977516055107117,-0.015649771317839622,0.0022977516055107117,1.0,vanilla_transformer_v10,2026-08-03 14:03:00
2025-12-29,300308,0.001734912395477295,0.022401215508580208,0.001734912395477295,1.0,vanilla_transformer_v10,2026-08-03 14:03:00
2025-12-29,601012,0.0012827441096305847,-0.014004569500684738,0.0012827441096305847,1.0,vanilla_transformer_v10,2026-08-03 14:03:00
2025-12-29,000568,0.0011511370539665222,0.005444683600217104,0.0011511370539665222,1.0,vanilla_transformer_v10,2026-08-03 14:03:00
2025-12-29,600036,0.0010899007320404053,0.009771070443093777,0.0010899007320404053,1.0,vanilla_transformer_v10,2026-08-03 14:03:00
2025-12-29,002371,0.000995144248008728,0.013598534278571606,0.000995144248008728,1.0,vanilla_transformer_v10,2026-08-03 14:03:00
2025-12-29,601318,0.0006415024399757385,-0.015559142455458641,0.0006415024399757385,1.0,vanilla_transformer_v10,2026-08-03 14:03:00
2025-12-29,600438,0.0006072521209716797,-0.023547561839222908,0.0006072521209716797,1.0,vanilla_transformer_v10,2026-08-03 14:03:00
2025-12-29,300782,0.0005244165658950806,0.07781622558832169,0.0005244165658950806,1.0,vanilla_transformer_v10,2026-08-03 14:03:00
2025-12-29,600887,0.0004459396004676819,-0.006255607586354017,0.0004459396004676819,1.0,vanilla_transformer_v10,2026-08-03 14:03:00
2025-12-29,000858,0.0003043040633201599,-0.006500530056655407,0.0003043040633201599,1.0,vanilla_transformer_v10,2026-08-03 14:03:00
2025-12-29,300750,0.0002875998616218567,-0.00029626494506374,0.0002875998616218567,1.0,vanilla_transformer_v10,2026-08-03 14:03:00
2025-12-29,002594,0.00014872848987579346,-0.0045715817250311375,0.00014872848987579346,1.0,vanilla_transformer_v10,2026-08-03 14:03:00
2025-12-29,300454,7.093697786331177e-05,0.0021942344028502703,7.093697786331177e-05,1.0,vanilla_transformer_v10,2026-08-03 14:03:00
2025-12-29,002230,-4.400312900543213e-05,-0.001422699075192213,4.400312900543213e-05,0.0,vanilla_transformer_v10,2026-08-03 14:03:00
2025-12-29,688981,-5.509704351425171e-05,0.02244020253419876,5.509704351425171e-05,0.0,vanilla_transformer_v10,2026-08-03 14:03:00
2025-12-29,000977,-0.00019565969705581665,-0.0009136861772276461,0.00019565969705581665,0.0,vanilla_transformer_v10,2026-08-03 14:03:00
2025-12-29,600584,-0.00024931877851486206,0.013024256564676762,0.00024931877851486206,0.0,vanilla_transformer_v10,2026-08-03 14:03:00
2025-12-29,603501,-0.0003589913249015808,-0.0009738493827171624,0.0003589913249015808,0.0,vanilla_transformer_v10,2026-08-03 14:03:00
2025-12-29,688012,-0.0008611157536506653,0.0,0.0008611157536506653,0.0,vanilla_transformer_v10,2026-08-03 14:03:00
2025-12-29,600519,-0.0009416863322257996,-0.008797368966042995,0.0009416863322257996,0.0,vanilla_transformer_v10,2026-08-03 14:03:00
2025-12-30,002465,0.0025742650032043457,0.04080728441476822,0.0025742650032043457,1.0,vanilla_transformer_v10,2026-08-03 14:03:00
2025-12-30,300308,0.0022372975945472717,-0.0354294627904892,0.0022372975945472717,1.0,vanilla_transformer_v10,2026-08-03 14:03:00
2025-12-30,601318,0.0022036731243133545,-0.005862663500010967,0.0022036731243133545,1.0,vanilla_transformer_v10,2026-08-03 14:03:00
2025-12-30,002371,0.001832127571105957,0.00017543740977998823,0.001832127571105957,1.0,vanilla_transformer_v10,2026-08-03 14:03:00
2025-12-30,300782,0.0015290230512619019,-0.011232683435082436,0.0015290230512619019,1.0,vanilla_transformer_v10,2026-08-03 14:03:00
2025-12-30,600036,0.001148514449596405,-0.00426310021430254,0.001148514449596405,1.0,vanilla_transformer_v10,2026-08-03 14:03:00
2025-12-30,000568,0.0010983645915985107,-0.013927945867180824,0.0010983645915985107,1.0,vanilla_transformer_v10,2026-08-03 14:03:00
2025-12-30,601138,0.0010701492428779602,-0.034500010311603546,0.0010701492428779602,1.0,vanilla_transformer_v10,2026-08-03 14:03:00
2025-12-30,600438,0.0010075867176055908,-0.023584969341754913,0.0010075867176055908,1.0,vanilla_transformer_v10,2026-08-03 14:03:00
2025-12-30,600887,0.0009133592247962952,-0.003140423446893692,0.0009133592247962952,1.0,vanilla_transformer_v10,2026-08-03 14:03:00
2025-12-30,000858,0.0006016269326210022,-0.013312790542840958,0.0006016269326210022,1.0,vanilla_transformer_v10,2026-08-03 14:03:00
2025-12-30,300750,0.00042562931776046753,-0.005262723192572594,0.00042562931776046753,1.0,vanilla_transformer_v10,2026-08-03 14:03:00
2025-12-30,300454,0.0001408904790878296,0.015398973599076271,0.0001408904790878296,1.0,vanilla_transformer_v10,2026-08-03 14:03:00
2025-12-30,600584,5.463510751724243e-05,-0.008688406087458134,5.463510751724243e-05,1.0,vanilla_transformer_v10,2026-08-03 14:03:00
2025-12-30,600519,-2.8625130653381348e-05,-0.009064425714313984,2.8625130653381348e-05,0.0,vanilla_transformer_v10,2026-08-03 14:03:00
2025-12-30,002230,-4.766881465911865e-05,0.026997501030564308,4.766881465911865e-05,0.0,vanilla_transformer_v10,2026-08-03 14:03:00
2025-12-30,688981,-9.18656587600708e-05,-0.019749946892261505,9.18656587600708e-05,0.0,vanilla_transformer_v10,2026-08-03 14:03:00
2025-12-30,601012,-0.0001088455319404602,-0.013088720850646496,0.0001088455319404602,0.0,vanilla_transformer_v10,2026-08-03 14:03:00
2025-12-30,603501,-0.0004006326198577881,-0.00713220564648509,0.0004006326198577881,0.0,vanilla_transformer_v10,2026-08-03 14:03:00
2025-12-30,002594,-0.00046225637197494507,-0.020574873313307762,0.00046225637197494507,0.0,vanilla_transformer_v10,2026-08-03 14:03:00
2025-12-30,688012,-0.0006510019302368164,0.0,0.0006510019302368164,0.0,vanilla_transformer_v10,2026-08-03 14:03:00
2025-12-30,000977,-0.0007959306240081787,-0.014284896664321423,0.0007959306240081787,0.0,vanilla_transformer_v10,2026-08-03 14:03:00
2025-12-31,002465,0.002398267388343811,0.09555890411138535,0.002398267388343811,1.0,vanilla_transformer_v10,2026-08-03 14:03:00
2025-12-31,601138,0.0020090490579605103,0.02578708529472351,0.0020090490579605103,1.0,vanilla_transformer_v10,2026-08-03 14:03:00
2025-12-31,300308,0.0019967854022979736,0.021906554698944092,0.0019967854022979736,1.0,vanilla_transformer_v10,2026-08-03 14:03:00
2025-12-31,600438,0.0013364851474761963,0.02832186594605446,0.0013364851474761963,1.0,vanilla_transformer_v10,2026-08-03 14:03:00
2025-12-31,002371,0.0012417137622833252,0.03305770829319954,0.0012417137622833252,1.0,vanilla_transformer_v10,2026-08-03 14:03:00
2025-12-31,000568,0.0011295974254608154,0.015200270339846611,0.0011295974254608154,1.0,vanilla_transformer_v10,2026-08-03 14:03:00
2025-12-31,002230,0.0011066049337387085,0.0682077705860138,0.0011066049337387085,1.0,vanilla_transformer_v10,2026-08-03 14:03:00
2025-12-31,000858,0.0009622946381568909,0.01832999475300312,0.0009622946381568909,1.0,vanilla_transformer_v10,2026-08-03 14:03:00
2025-12-31,601318,0.0007877424359321594,0.05629732087254524,0.0007877424359321594,1.0,vanilla_transformer_v10,2026-08-03 14:03:00
2025-12-31,601012,0.0006854161620140076,0.01580667309463024,0.0006854161620140076,1.0,vanilla_transformer_v10,2026-08-03 14:03:00
2025-12-31,600036,0.00055655837059021,0.005911261774599552,0.00055655837059021,1.0,vanilla_transformer_v10,2026-08-03 14:03:00
2025-12-31,600887,0.00048242509365081787,0.00034707231679931283,0.00048242509365081787,1.0,vanilla_transformer_v10,2026-08-03 14:03:00
2025-12-31,002594,0.00016498565673828125,0.003987233154475689,0.00016498565673828125,1.0,vanilla_transformer_v10,2026-08-03 14:03:00
2025-12-31,300750,2.259761095046997e-05,0.027504775673151016,2.259761095046997e-05,1.0,vanilla_transformer_v10,2026-08-03 14:03:00
2025-12-31,300454,1.3582408428192139e-05,0.0418471097946167,1.3582408428192139e-05,1.0,vanilla_transformer_v10,2026-08-03 14:03:00
2025-12-31,600519,-0.00015810132026672363,0.034835584461688995,0.00015810132026672363,0.0,vanilla_transformer_v10,2026-08-03 14:03:00
2025-12-31,600584,-0.0005966424942016602,0.04207368567585945,0.0005966424942016602,0.0,vanilla_transformer_v10,2026-08-03 14:03:00
2025-12-31,688981,-0.0006660446524620056,0.05634847655892372,0.0006660446524620056,0.0,vanilla_transformer_v10,2026-08-03 14:03:00
2025-12-31,000977,-0.0008050352334976196,0.019021105021238327,0.0008050352334976196,0.0,vanilla_transformer_v10,2026-08-03 14:03:00
2025-12-31,300782,-0.0009344890713691711,-0.007496462669223547,0.0009344890713691711,0.0,vanilla_transformer_v10,2026-08-03 14:03:00
2025-12-31,603501,-0.0010030865669250488,0.022318914532661438,0.0010030865669250488,0.0,vanilla_transformer_v10,2026-08-03 14:03:00
2025-12-31,688012,-0.001445092260837555,0.13238641619682312,0.001445092260837555,0.0,vanilla_transformer_v10,2026-08-03 14:03:00
2026-01-05,002465,0.0026611238718032837,0.09520077705383301,0.0026611238718032837,1.0,vanilla_transformer_v10,2026-08-03 14:03:00
2026-01-05,300308,0.0023345723748207092,-0.02972409501671791,0.0023345723748207092,1.0,vanilla_transformer_v10,2026-08-03 14:03:00
2026-01-05,601318,0.002301163971424103,0.026723964139819145,0.002301163971424103,1.0,vanilla_transformer_v10,2026-08-03 14:03:00
2026-01-05,002230,0.0016889944672584534,0.0009397153044119477,0.0016889944672584534,1.0,vanilla_transformer_v10,2026-08-03 14:03:00
2026-01-05,601138,0.0009548813104629517,0.00594885740429163,0.0009548813104629517,1.0,vanilla_transformer_v10,2026-08-03 14:03:00
2026-01-05,600887,0.0009039714932441711,0.0003511822724249214,0.0009039714932441711,1.0,vanilla_transformer_v10,2026-08-03 14:03:00
2026-01-05,000568,0.000760398805141449,0.005242223385721445,0.000760398805141449,1.0,vanilla_transformer_v10,2026-08-03 14:03:00
2026-01-05,002371,0.0007391497492790222,0.023865094408392906,0.0007391497492790222,1.0,vanilla_transformer_v10,2026-08-03 14:03:00
2026-01-05,000858,0.000561937689781189,0.002499193884432316,0.000561937689781189,1.0,vanilla_transformer_v10,2026-08-03 14:03:00
2026-01-05,600519,0.0005198344588279724,0.0014086512383073568,0.0005198344588279724,1.0,vanilla_transformer_v10,2026-08-03 14:03:00
2026-01-05,600584,0.0005017220973968506,0.0021070383954793215,0.0005017220973968506,1.0,vanilla_transformer_v10,2026-08-03 14:03:00
2026-01-05,300750,0.0004635155200958252,-0.009344437159597874,0.0004635155200958252,1.0,vanilla_transformer_v10,2026-08-03 14:03:00
2026-01-05,600438,0.00037498027086257935,0.02251390740275383,0.00037498027086257935,1.0,vanilla_transformer_v10,2026-08-03 14:03:00
2026-01-05,688981,0.00028518587350845337,0.014439305290579796,0.00028518587350845337,1.0,vanilla_transformer_v10,2026-08-03 14:03:00
2026-01-05,688012,0.0002707764506340027,0.05724538490176201,0.0002707764506340027,1.0,vanilla_transformer_v10,2026-08-03 14:03:00
2026-01-05,600036,0.00016599148511886597,0.008930749259889126,0.00016599148511886597,1.0,vanilla_transformer_v10,2026-08-03 14:03:00
2026-01-05,300454,-3.851950168609619e-06,0.001819836674258113,3.851950168609619e-06,0.0,vanilla_transformer_v10,2026-08-03 14:03:00
2026-01-05,603501,-0.0002914145588874817,0.01662646420300007,0.0002914145588874817,0.0,vanilla_transformer_v10,2026-08-03 14:03:00
2026-01-05,300782,-0.00030685216188430786,-0.0038402234204113483,0.00030685216188430786,0.0,vanilla_transformer_v10,2026-08-03 14:03:00
2026-01-05,601012,-0.0003357306122779846,0.01820257306098938,0.0003357306122779846,0.0,vanilla_transformer_v10,2026-08-03 14:03:00
2026-01-05,002594,-0.0004949942231178284,0.0189712792634964,0.0004949942231178284,0.0,vanilla_transformer_v10,2026-08-03 14:03:00
2026-01-05,000977,-0.0005563944578170776,0.003076790366321802,0.0005563944578170776,0.0,vanilla_transformer_v10,2026-08-03 14:03:00
2026-01-06,300308,0.002426140010356903,0.023433146998286247,0.002426140010356903,1.0,vanilla_transformer_v10,2026-08-03 14:03:00
2026-01-06,002465,0.002352215349674225,0.020217295736074448,0.002352215349674225,1.0,vanilla_transformer_v10,2026-08-03 14:03:00
2026-01-06,601318,0.0017772018909454346,-0.011794066987931728,0.0017772018909454346,1.0,vanilla_transformer_v10,2026-08-03 14:03:00
2026-01-06,002371,0.0015260055661201477,0.05883558467030525,0.0015260055661201477,1.0,vanilla_transformer_v10,2026-08-03 14:03:00
2026-01-06,601138,0.0008240193128585815,-0.014203464612364769,0.0008240193128585815,1.0,vanilla_transformer_v10,2026-08-03 14:03:00
2026-01-06,600887,0.0006105750799179077,-0.007013103924691677,0.0006105750799179077,1.0,vanilla_transformer_v10,2026-08-03 14:03:00
2026-01-06,000568,0.0004999488592147827,-0.012726396322250366,0.0004999488592147827,1.0,vanilla_transformer_v10,2026-08-03 14:03:00
2026-01-06,002230,0.0003507062792778015,-0.016276365146040916,0.0003507062792778015,1.0,vanilla_transformer_v10,2026-08-03 14:03:00
2026-01-06,300750,0.00029694288969039917,-0.007999371737241745,0.00029694288969039917,1.0,vanilla_transformer_v10,2026-08-03 14:03:00
2026-01-06,600438,0.0002397969365119934,0.0027684581000357866,0.0002397969365119934,1.0,vanilla_transformer_v10,2026-08-03 14:03:00
2026-01-06,600036,0.00020658224821090698,-0.013665668666362762,0.00020658224821090698,1.0,vanilla_transformer_v10,2026-08-03 14:03:00
2026-01-06,601012,0.00019430369138717651,-0.009603363461792469,0.00019430369138717651,1.0,vanilla_transformer_v10,2026-08-03 14:03:00
2026-01-06,000858,-3.4794211387634277e-06,-0.00602561654523015,3.4794211387634277e-06,0.0,vanilla_transformer_v10,2026-08-03 14:03:00
2026-01-06,000977,-7.484853267669678e-05,-0.009879237040877342,7.484853267669678e-05,0.0,vanilla_transformer_v10,2026-08-03 14:03:00
2026-01-06,002594,-0.00010025501251220703,-0.02419356256723404,0.00010025501251220703,0.0,vanilla_transformer_v10,2026-08-03 14:03:00
2026-01-06,300454,-0.0002665966749191284,0.005768454167991877,0.0002665966749191284,0.0,vanilla_transformer_v10,2026-08-03 14:03:00
2026-01-06,688981,-0.0003562942147254944,-0.014208473265171051,0.0003562942147254944,0.0,vanilla_transformer_v10,2026-08-03 14:03:00
2026-01-06,603501,-0.0004219040274620056,-0.010548444464802742,0.0004219040274620056,0.0,vanilla_transformer_v10,2026-08-03 14:03:00
2026-01-06,300782,-0.00044995546340942383,-0.0022449882235378027,0.00044995546340942383,0.0,vanilla_transformer_v10,2026-08-03 14:03:00
2026-01-06,600519,-0.0006276890635490417,-0.00326181179843843,0.0006276890635490417,0.0,vanilla_transformer_v10,2026-08-03 14:03:00
2026-01-06,600584,-0.0006598532199859619,0.016491346061229706,0.0006598532199859619,0.0,vanilla_transformer_v10,2026-08-03 14:03:00
2026-01-06,688012,-0.0008464902639389038,0.06650156527757645,0.0008464902639389038,0.0,vanilla_transformer_v10,2026-08-03 14:03:00
2026-01-07,002465,0.002891756594181061,0.043294988572597504,0.002891756594181061,1.0,vanilla_transformer_v10,2026-08-03 14:03:00
2026-01-07,300308,0.0028367117047309875,-0.039758019149303436,0.0028367117047309875,1.0,vanilla_transformer_v10,2026-08-03 14:03:00
2026-01-07,002371,0.001721315085887909,-0.01712256483733654,0.001721315085887909,1.0,vanilla_transformer_v10,2026-08-03 14:03:00
2026-01-07,601138,0.0012192055583000183,-0.029164494946599007,0.0012192055583000183,1.0,vanilla_transformer_v10,2026-08-03 14:03:00
2026-01-07,600584,0.0010567083954811096,-0.0025567507836967707,0.0010567083954811096,1.0,vanilla_transformer_v10,2026-08-03 14:03:00
2026-01-07,000568,0.0009501203894615173,-0.004535329528152943,0.0009501203894615173,1.0,vanilla_transformer_v10,2026-08-03 14:03:00
2026-01-07,601012,0.0008435919880867004,0.006421481259167194,0.0008435919880867004,1.0,vanilla_transformer_v10,2026-08-03 14:03:00
2026-01-07,600887,0.0008308067917823792,-0.04167278856039047,0.0008308067917823792,1.0,vanilla_transformer_v10,2026-08-03 14:03:00
2026-01-07,600438,0.0007668659090995789,0.00046066546929068863,0.0007668659090995789,1.0,vanilla_transformer_v10,2026-08-03 14:03:00
2026-01-07,600036,0.0006675496697425842,-0.01363428309559822,0.0006675496697425842,1.0,vanilla_transformer_v10,2026-08-03 14:03:00
2026-01-07,601318,0.0006627738475799561,-0.042659759521484375,0.0006627738475799561,1.0,vanilla_transformer_v10,2026-08-03 14:03:00
2026-01-07,002594,0.0005387812852859497,-0.007409738376736641,0.0005387812852859497,1.0,vanilla_transformer_v10,2026-08-03 14:03:00
2026-01-07,300750,0.0002774745225906372,-0.0048700254410505295,0.0002774745225906372,1.0,vanilla_transformer_v10,2026-08-03 14:03:00
2026-01-07,002230,0.00027094781398773193,0.007320081349462271,0.00027094781398773193,1.0,vanilla_transformer_v10,2026-08-03 14:03:00
2026-01-07,300782,0.00021269917488098145,0.002103348495438695,0.00021269917488098145,1.0,vanilla_transformer_v10,2026-08-03 14:03:00
2026-01-07,603501,4.955381155014038e-05,0.017905281856656075,4.955381155014038e-05,1.0,vanilla_transformer_v10,2026-08-03 14:03:00
2026-01-07,000858,4.0180981159210205e-05,-0.005783847998827696,4.0180981159210205e-05,1.0,vanilla_transformer_v10,2026-08-03 14:03:00
2026-01-07,688981,-0.00018931180238723755,0.0013070389395579696,0.00018931180238723755,0.0,vanilla_transformer_v10,2026-08-03 14:03:00
2026-01-07,000977,-0.0002376362681388855,-0.004442082718014717,0.0002376362681388855,0.0,vanilla_transformer_v10,2026-08-03 14:03:00
2026-01-07,300454,-0.00045615434646606445,0.011113041080534458,0.00045615434646606445,0.0,vanilla_transformer_v10,2026-08-03 14:03:00
2026-01-07,688012,-0.0005331113934516907,-0.018491871654987335,0.0005331113934516907,0.0,vanilla_transformer_v10,2026-08-03 14:03:00
2026-01-07,600519,-0.0006627887487411499,-0.007800580468028784,0.0006627887487411499,0.0,vanilla_transformer_v10,2026-08-03 14:03:00
2026-01-08,600887,0.0036102309823036194,0.01528981328010559,0.0036102309823036194,1.0,vanilla_transformer_v10,2026-08-03 14:03:00
2026-01-08,002465,0.003470197319984436,-0.01538226567208767,0.003470197319984436,1.0,vanilla_transformer_v10,2026-08-03 14:03:00
2026-01-08,601318,0.0030041486024856567,-0.019832558929920197,0.0030041486024856567,1.0,vanilla_transformer_v10,2026-08-03 14:03:00
2026-01-08,300308,0.002571888267993927,-0.020788148045539856,0.002571888267993927,1.0,vanilla_transformer_v10,2026-08-03 14:03:00
2026-01-08,601138,0.0012001991271972656,0.0024745683185756207,0.0012001991271972656,1.0,vanilla_transformer_v10,2026-08-03 14:03:00
2026-01-08,600036,0.0010611191391944885,-0.006731944624334574,0.0010611191391944885,1.0,vanilla_transformer_v10,2026-08-03 14:03:00
2026-01-08,601012,0.0008887201547622681,-0.020464003086090088,0.0008887201547622681,1.0,vanilla_transformer_v10,2026-08-03 14:03:00
2026-01-08,600438,0.0006884485483169556,-0.03906329721212387,0.0006884485483169556,1.0,vanilla_transformer_v10,2026-08-03 14:03:00
2026-01-08,000568,0.0006243810057640076,0.00231313263066113,0.0006243810057640076,1.0,vanilla_transformer_v10,2026-08-03 14:03:00
2026-01-08,688981,0.0002157464623451233,-0.00980589259415865,0.0002157464623451233,1.0,vanilla_transformer_v10,2026-08-03 14:03:00
2026-01-08,603501,0.0001305416226387024,-0.0025936057791113853,0.0001305416226387024,1.0,vanilla_transformer_v10,2026-08-03 14:03:00
2026-01-08,300750,7.989257574081421e-05,5.643659460474737e-05,7.989257574081421e-05,1.0,vanilla_transformer_v10,2026-08-03 14:03:00
2026-01-08,002371,2.693384885787964e-05,-0.018264122307300568,2.693384885787964e-05,1.0,vanilla_transformer_v10,2026-08-03 14:03:00
2026-01-08,000977,-5.786120891571045e-05,0.026158874854445457,5.786120891571045e-05,0.0,vanilla_transformer_v10,2026-08-03 14:03:00
2026-01-08,300782,-0.00011964142322540283,0.02986268326640129,0.00011964142322540283,0.0,vanilla_transformer_v10,2026-08-03 14:03:00
2026-01-08,000858,-0.00013840943574905396,0.0022449458483606577,0.00013840943574905396,0.0,vanilla_transformer_v10,2026-08-03 14:03:00
2026-01-08,600584,-0.0003134384751319885,0.05492262542247772,0.0003134384751319885,0.0,vanilla_transformer_v10,2026-08-03 14:03:00
2026-01-08,002594,-0.000508435070514679,0.0013423919444903731,0.000508435070514679,0.0,vanilla_transformer_v10,2026-08-03 14:03:00
2026-01-08,002230,-0.0006041377782821655,0.040194377303123474,0.0006041377782821655,0.0,vanilla_transformer_v10,2026-08-03 14:03:00
2026-01-08,600519,-0.0007312595844268799,0.0048027788288891315,0.0007312595844268799,0.0,vanilla_transformer_v10,2026-08-03 14:03:00
2026-01-08,300454,-0.0010990127921104431,0.08643560856580734,0.0010990127921104431,0.0,vanilla_transformer_v10,2026-08-03 14:03:00
2026-01-08,688012,-0.0020827651023864746,-0.02696130983531475,0.0020827651023864746,0.0,vanilla_transformer_v10,2026-08-03 14:03:00
2026-01-09,601318,0.003125995397567749,-0.021225668489933014,0.003125995397567749,1.0,vanilla_transformer_v10,2026-08-03 14:03:00
2026-01-09,300308,0.0028433650732040405,0.014927403070032597,0.0028433650732040405,1.0,vanilla_transformer_v10,2026-08-03 14:03:00
2026-01-09,002465,0.002538442611694336,0.09527226537466049,0.002538442611694336,1.0,vanilla_transformer_v10,2026-08-03 14:03:00
2026-01-09,600438,0.0016575157642364502,0.02089557610452175,0.0016575157642364502,1.0,vanilla_transformer_v10,2026-08-03 14:03:00
2026-01-09,600887,0.0016072317957878113,0.002167169936001301,0.0016072317957878113,1.0,vanilla_transformer_v10,2026-08-03 14:03:00
2026-01-09,601012,0.0014707967638969421,0.044665079563856125,0.0014707967638969421,1.0,vanilla_transformer_v10,2026-08-03 14:03:00
2026-01-09,002230,0.0008418038487434387,0.06946422904729843,0.0008418038487434387,1.0,vanilla_transformer_v10,2026-08-03 14:03:00
2026-01-09,600584,0.0006606951355934143,0.05893966928124428,0.0006606951355934143,1.0,vanilla_transformer_v10,2026-08-03 14:03:00
2026-01-09,601138,0.000615336000919342,-0.009103511460125446,0.000615336000919342,1.0,vanilla_transformer_v10,2026-08-03 14:03:00
2026-01-09,000568,0.0004706457257270813,0.02058088779449463,0.0004706457257270813,1.0,vanilla_transformer_v10,2026-08-03 14:03:00
2026-01-09,600036,0.0002777501940727234,-0.004364485386759043,0.0002777501940727234,1.0,vanilla_transformer_v10,2026-08-03 14:03:00
2026-01-09,300750,0.00010051578283309937,-0.020655442029237747,0.00010051578283309937,1.0,vanilla_transformer_v10,2026-08-03 14:03:00
2026-01-09,002371,7.523596286773682e-05,0.008703253231942654,7.523596286773682e-05,1.0,vanilla_transformer_v10,2026-08-03 14:03:00
2026-01-09,000977,-2.0876526832580566e-05,0.02678769826889038,2.0876526832580566e-05,0.0,vanilla_transformer_v10,2026-08-03 14:03:00
2026-01-09,000858,-8.714944124221802e-05,0.01307506300508976,8.714944124221802e-05,0.0,vanilla_transformer_v10,2026-08-03 14:03:00
2026-01-09,300782,-0.00012426823377609253,0.020861487835645676,0.00012426823377609253,0.0,vanilla_transformer_v10,2026-08-03 14:03:00
2026-01-09,300454,-0.00024553388357162476,0.13054564595222473,0.00024553388357162476,0.0,vanilla_transformer_v10,2026-08-03 14:03:00
2026-01-09,002594,-0.00047200173139572144,0.004733080044388771,0.00047200173139572144,0.0,vanilla_transformer_v10,2026-08-03 14:03:00
2026-01-09,600519,-0.0007014870643615723,0.0029058975633233786,0.0007014870643615723,0.0,vanilla_transformer_v10,2026-08-03 14:03:00
2026-01-09,688981,-0.0007728040218353271,-0.009511259384453297,0.0007728040218353271,0.0,vanilla_transformer_v10,2026-08-03 14:03:00
2026-01-09,603501,-0.0007926896214485168,0.015298447571694851,0.0007926896214485168,0.0,vanilla_transformer_v10,2026-08-03 14:03:00
2026-01-09,688012,-0.0018725767731666565,0.04644078016281128,0.0018725767731666565,0.0,vanilla_transformer_v10,2026-08-03 14:03:00
2026-01-12,601012,0.0030908212065696716,-0.03870098292827606,0.0030908212065696716,1.0,vanilla_transformer_v10,2026-08-03 14:03:00
2026-01-12,300308,0.002768881618976593,-0.010546090081334114,0.002768881618976593,1.0,vanilla_transformer_v10,2026-08-03 14:03:00
2026-01-12,601318,0.002238526940345764,0.009593301452696323,0.002238526940345764,1.0,vanilla_transformer_v10,2026-08-03 14:03:00
2026-01-12,002465,0.0015622302889823914,0.0953446477651596,0.0015622302889823914,1.0,vanilla_transformer_v10,2026-08-03 14:03:00
2026-01-12,002230,0.001448020339012146,0.02141977846622467,0.001448020339012146,1.0,vanilla_transformer_v10,2026-08-03 14:03:00
2026-01-12,601138,0.0011619627475738525,-0.02483118325471878,0.0011619627475738525,1.0,vanilla_transformer_v10,2026-08-03 14:03:00
2026-01-12,600584,0.000912688672542572,-0.034485094249248505,0.000912688672542572,1.0,vanilla_transformer_v10,2026-08-03 14:03:00
2026-01-12,600036,0.0008959099650382996,0.0002231395774288103,0.0008959099650382996,1.0,vanilla_transformer_v10,2026-08-03 14:03:00
2026-01-12,600438,0.0008660778403282166,-0.03930598869919777,0.0008660778403282166,1.0,vanilla_transformer_v10,2026-08-03 14:03:00
2026-01-12,600887,0.0008241459727287292,-0.007601334247738123,0.0008241459727287292,1.0,vanilla_transformer_v10,2026-08-03 14:03:00
2026-01-12,300750,0.0006110444664955139,-0.0074452972039580345,0.0006110444664955139,1.0,vanilla_transformer_v10,2026-08-03 14:03:00
2026-01-12,000568,0.00040572136640548706,-0.010874518193304539,0.00040572136640548706,1.0,vanilla_transformer_v10,2026-08-03 14:03:00
2026-01-12,002371,5.586445331573486e-05,-0.023486560210585594,5.586445331573486e-05,1.0,vanilla_transformer_v10,2026-08-03 14:03:00
2026-01-12,000858,5.163997411727905e-05,-0.005082401446998119,5.163997411727905e-05,1.0,vanilla_transformer_v10,2026-08-03 14:03:00
2026-01-12,000977,-0.00010886043310165405,-0.04493553563952446,0.00010886043310165405,0.0,vanilla_transformer_v10,2026-08-03 14:03:00
2026-01-12,603501,-0.0002852007746696472,-0.03945799544453621,0.0002852007746696472,0.0,vanilla_transformer_v10,2026-08-03 14:03:00
2026-01-12,300454,-0.00029355287551879883,-0.002882224041968584,0.00029355287551879883,0.0,vanilla_transformer_v10,2026-08-03 14:03:00
2026-01-12,300782,-0.00033111870288848877,-0.028013164177536964,0.00033111870288848877,0.0,vanilla_transformer_v10,2026-08-03 14:03:00
2026-01-12,600519,-0.00040140002965927124,-0.008629626594483852,0.00040140002965927124,0.0,vanilla_transformer_v10,2026-08-03 14:03:00
2026-01-12,688981,-0.0004358068108558655,-0.03207724541425705,0.0004358068108558655,0.0,vanilla_transformer_v10,2026-08-03 14:03:00
2026-01-12,002594,-0.0004987418651580811,-0.002869816729798913,0.0004987418651580811,0.0,vanilla_transformer_v10,2026-08-03 14:03:00
2026-01-12,688012,-0.0009310692548751831,-0.019134435802698135,0.0009310692548751831,0.0,vanilla_transformer_v10,2026-08-03 14:03:00
2026-01-13,300308,0.0029930993914604187,0.012283634394407272,0.0029930993914604187,1.0,vanilla_transformer_v10,2026-08-03 14:03:00
2026-01-13,601012,0.002267204225063324,0.004865790717303753,0.002267204225063324,1.0,vanilla_transformer_v10,2026-08-03 14:03:00
2026-01-13,601318,0.002100728452205658,-0.017753900960087776,0.002100728452205658,1.0,vanilla_transformer_v10,2026-08-03 14:03:00
2026-01-13,600438,0.0016910359263420105,0.005836592521518469,0.0016910359263420105,1.0,vanilla_transformer_v10,2026-08-03 14:03:00
2026-01-13,002230,0.0016614347696304321,0.028328824788331985,0.0016614347696304321,1.0,vanilla_transformer_v10,2026-08-03 14:03:00
2026-01-13,600036,0.001584962010383606,-0.02613050490617752,0.001584962010383606,1.0,vanilla_transformer_v10,2026-08-03 14:03:00
2026-01-13,600887,0.0015447363257408142,-0.00473449844866991,0.0015447363257408142,1.0,vanilla_transformer_v10,2026-08-03 14:03:00
2026-01-13,000568,0.001193806529045105,-0.009706370532512665,0.001193806529045105,1.0,vanilla_transformer_v10,2026-08-03 14:03:00
2026-01-13,601138,0.0011006072163581848,0.009472043253481388,0.0011006072163581848,1.0,vanilla_transformer_v10,2026-08-03 14:03:00
2026-01-13,000977,0.0005969628691673279,0.02752946875989437,0.0005969628691673279,1.0,vanilla_transformer_v10,2026-08-03 14:03:00
2026-01-13,002465,0.0005803927779197693,0.09527362138032913,0.0005803927779197693,1.0,vanilla_transformer_v10,2026-08-03 14:03:00
2026-01-13,000858,0.0005481764674186707,-0.008927443064749241,0.0005481764674186707,1.0,vanilla_transformer_v10,2026-08-03 14:03:00
2026-01-13,300750,0.0004296824336051941,-0.014072493650019169,0.0004296824336051941,1.0,vanilla_transformer_v10,2026-08-03 14:03:00
2026-01-13,002371,0.00017521530389785767,0.00630507618188858,0.00017521530389785767,1.0,vanilla_transformer_v10,2026-08-03 14:03:00
2026-01-13,002594,0.00017124414443969727,-0.01126504223793745,0.00017124414443969727,1.0,vanilla_transformer_v10,2026-08-03 14:03:00
2026-01-13,300782,0.0001496151089668274,-0.010602732188999653,0.0001496151089668274,1.0,vanilla_transformer_v10,2026-08-03 14:03:00
2026-01-13,603501,6.720423698425293e-05,-0.00522135104984045,6.720423698425293e-05,1.0,vanilla_transformer_v10,2026-08-03 14:03:00
2026-01-13,688981,3.3095479011535645e-05,0.0069321575574576855,3.3095479011535645e-05,1.0,vanilla_transformer_v10,2026-08-03 14:03:00
2026-01-13,600519,-1.946091651916504e-05,-0.009248809888958931,1.946091651916504e-05,0.0,vanilla_transformer_v10,2026-08-03 14:03:00
2026-01-13,300454,-0.0005872845649719238,0.022443700581789017,0.0005872845649719238,0.0,vanilla_transformer_v10,2026-08-03 14:03:00
2026-01-13,600584,-0.0008285418152809143,-0.005254401359707117,0.0008285418152809143,0.0,vanilla_transformer_v10,2026-08-03 14:03:00
2026-01-13,688012,-0.0021510347723960876,0.01825975440442562,0.0021510347723960876,0.0,vanilla_transformer_v10,2026-08-03 14:03:00
2026-01-14,002465,0.0025323182344436646,-0.10526186972856522,0.0025323182344436646,1.0,vanilla_transformer_v10,2026-08-03 14:03:00
2026-01-14,300308,0.00250215083360672,0.052588727325201035,0.00250215083360672,1.0,vanilla_transformer_v10,2026-08-03 14:03:00
2026-01-14,600036,0.002352416515350342,0.00100718776229769,0.002352416515350342,1.0,vanilla_transformer_v10,2026-08-03 14:03:00
2026-01-14,601318,0.0019730478525161743,0.006079334765672684,0.0019730478525161743,1.0,vanilla_transformer_v10,2026-08-03 14:03:00
2026-01-14,601012,0.0018549412488937378,-0.004865790717303753,0.0018549412488937378,1.0,vanilla_transformer_v10,2026-08-03 14:03:00
2026-01-14,600438,0.0011270493268966675,-0.027080612257122993,0.0011270493268966675,1.0,vanilla_transformer_v10,2026-08-03 14:03:00
2026-01-14,600887,0.0011098533868789673,-0.006587896030396223,0.0011098533868789673,1.0,vanilla_transformer_v10,2026-08-03 14:03:00
2026-01-14,002230,0.0009641051292419434,0.011909406632184982,0.0009641051292419434,1.0,vanilla_transformer_v10,2026-08-03 14:03:00
2026-01-14,000568,0.000834733247756958,-0.012919310480356216,0.000834733247756958,1.0,vanilla_transformer_v10,2026-08-03 14:03:00
2026-01-14,601138,0.0007599815726280212,0.013139691203832626,0.0007599815726280212,1.0,vanilla_transformer_v10,2026-08-03 14:03:00
2026-01-14,300782,0.000591665506362915,-0.018954453989863396,0.000591665506362915,1.0,vanilla_transformer_v10,2026-08-03 14:03:00
2026-01-14,000977,0.0005593970417976379,-0.020604966208338737,0.0005593970417976379,1.0,vanilla_transformer_v10,2026-08-03 14:03:00
2026-01-14,688981,0.0004355385899543762,-0.0004017193568870425,0.0004355385899543762,1.0,vanilla_transformer_v10,2026-08-03 14:03:00
2026-01-14,300750,0.0004242807626724243,-0.0006477351416833699,0.0004242807626724243,1.0,vanilla_transformer_v10,2026-08-03 14:03:00
2026-01-14,002371,0.00035703927278518677,0.026861554011702538,0.00035703927278518677,1.0,vanilla_transformer_v10,2026-08-03 14:03:00
2026-01-14,603501,0.0003038942813873291,0.00590039137750864,0.0003038942813873291,1.0,vanilla_transformer_v10,2026-08-03 14:03:00
2026-01-14,000858,0.0002388209104537964,-0.00891619361937046,0.0002388209104537964,1.0,vanilla_transformer_v10,2026-08-03 14:03:00
2026-01-14,002594,1.4066696166992188e-05,-0.004501977004110813,1.4066696166992188e-05,1.0,vanilla_transformer_v10,2026-08-03 14:03:00
2026-01-14,600519,-0.00019524246454238892,-0.006545240059494972,0.00019524246454238892,0.0,vanilla_transformer_v10,2026-08-03 14:03:00
2026-01-14,688012,-0.00022758543491363525,0.05149369314312935,0.00022758543491363525,0.0,vanilla_transformer_v10,2026-08-03 14:03:00
2026-01-14,600584,-0.0003043711185455322,0.046814922243356705,0.0003043711185455322,0.0,vanilla_transformer_v10,2026-08-03 14:03:00
2026-01-14,300454,-0.0007798448204994202,0.0227037463337183,0.0007798448204994202,0.0,vanilla_transformer_v10,2026-08-03 14:03:00
2026-01-15,300308,0.002811908721923828,-0.01291291881352663,0.002811908721923828,1.0,vanilla_transformer_v10,2026-08-03 14:03:00
2026-01-15,600036,0.0023989155888557434,-0.00974810030311346,0.0023989155888557434,1.0,vanilla_transformer_v10,2026-08-03 14:03:00
2026-01-15,600438,0.0018206611275672913,0.0,0.0018206611275672913,1.0,vanilla_transformer_v10,2026-08-03 14:03:00
2026-01-15,601012,0.0016301348805427551,0.01236399170011282,0.0016301348805427551,1.0,vanilla_transformer_v10,2026-08-03 14:03:00
2026-01-15,600887,0.0015909895300865173,-0.009227445349097252,0.0015909895300865173,1.0,vanilla_transformer_v10,2026-08-03 14:03:00
2026-01-15,601318,0.001407817006111145,-0.016134001314640045,0.001407817006111145,1.0,vanilla_transformer_v10,2026-08-03 14:03:00
2026-01-15,601138,0.0013488009572029114,0.04108303412795067,0.0013488009572029114,1.0,vanilla_transformer_v10,2026-08-03 14:03:00
2026-01-15,600584,0.0012111961841583252,0.09530460834503174,0.0012111961841583252,1.0,vanilla_transformer_v10,2026-08-03 14:03:00
2026-01-15,002230,0.0011863932013511658,0.004871751181781292,0.0011863932013511658,1.0,vanilla_transformer_v10,2026-08-03 14:03:00
2026-01-15,000568,0.0011221766471862793,-0.009406110271811485,0.0011221766471862793,1.0,vanilla_transformer_v10,2026-08-03 14:03:00
2026-01-15,300782,0.0007639005780220032,0.008214522153139114,0.0007639005780220032,1.0,vanilla_transformer_v10,2026-08-03 14:03:00
2026-01-15,002371,0.0007520318031311035,0.03328205645084381,0.0007520318031311035,1.0,vanilla_transformer_v10,2026-08-03 14:03:00
2026-01-15,300750,0.0006404668092727661,-0.004057878162711859,0.0006404668092727661,1.0,vanilla_transformer_v10,2026-08-03 14:03:00
2026-01-15,000858,0.0005851686000823975,-0.008806001394987106,0.0005851686000823975,1.0,vanilla_transformer_v10,2026-08-03 14:03:00
2026-01-15,688981,0.0005225911736488342,0.02028467133641243,0.0005225911736488342,1.0,vanilla_transformer_v10,2026-08-03 14:03:00
2026-01-15,603501,0.00024953484535217285,0.018217481672763824,0.00024953484535217285,1.0,vanilla_transformer_v10,2026-08-03 14:03:00
2026-01-15,000977,0.0001263245940208435,-0.0006142237107269466,0.0001263245940208435,1.0,vanilla_transformer_v10,2026-08-03 14:03:00
2026-01-15,600519,0.00011025369167327881,-0.004973174072802067,0.00011025369167327881,1.0,vanilla_transformer_v10,2026-08-03 14:03:00
2026-01-15,002594,-3.300607204437256e-06,0.0019886652007699013,3.300607204437256e-06,0.0,vanilla_transformer_v10,2026-08-03 14:03:00
2026-01-15,688012,-0.00027820467948913574,0.016433481127023697,0.00027820467948913574,0.0,vanilla_transformer_v10,2026-08-03 14:03:00
2026-01-15,300454,-0.0007427111268043518,-0.04206901043653488,0.0007427111268043518,0.0,vanilla_transformer_v10,2026-08-03 14:03:00
2026-01-15,002465,-0.00458083301782608,-0.10552815347909927,0.00458083301782608,0.0,vanilla_transformer_v10,2026-08-03 14:03:00
2026-01-16,600036,0.0032913610339164734,-0.004399275407195091,0.0032913610339164734,1.0,vanilla_transformer_v10,2026-08-03 14:03:00
2026-01-16,601138,0.0029334649443626404,-0.03388776257634163,0.0029334649443626404,1.0,vanilla_transformer_v10,2026-08-03 14:03:00
2026-01-16,002230,0.0028954818844795227,-0.0424870140850544,0.0028954818844795227,1.0,vanilla_transformer_v10,2026-08-03 14:03:00
2026-01-16,601012,0.0028178617358207703,-0.02213951013982296,0.0028178617358207703,1.0,vanilla_transformer_v10,2026-08-03 14:03:00
2026-01-16,600584,0.002568580210208893,0.009043809957802296,0.002568580210208893,1.0,vanilla_transformer_v10,2026-08-03 14:03:00
2026-01-16,300308,0.0024123787879943848,-0.01881449483335018,0.0024123787879943848,1.0,vanilla_transformer_v10,2026-08-03 14:03:00
2026-01-16,601318,0.002375975251197815,-0.00048132461961358786,0.002375975251197815,1.0,vanilla_transformer_v10,2026-08-03 14:03:00
2026-01-16,600887,0.002009063959121704,0.004438907373696566,0.002009063959121704,1.0,vanilla_transformer_v10,2026-08-03 14:03:00
2026-01-16,600438,0.0012738555669784546,-0.03818121179938316,0.0012738555669784546,1.0,vanilla_transformer_v10,2026-08-03 14:03:00
2026-01-16,000568,0.0011971965432167053,-0.006056450307369232,0.0011971965432167053,1.0,vanilla_transformer_v10,2026-08-03 14:03:00
2026-01-16,688981,0.001111350953578949,-0.013477292843163013,0.001111350953578949,1.0,vanilla_transformer_v10,2026-08-03 14:03:00
2026-01-16,002371,0.0008827820420265198,-1.7737520465743728e-05,0.0008827820420265198,1.0,vanilla_transformer_v10,2026-08-03 14:03:00
2026-01-16,000858,0.0008726939558982849,-0.005815555807203054,0.0008726939558982849,1.0,vanilla_transformer_v10,2026-08-03 14:03:00
2026-01-16,300782,0.0008462518453598022,-0.02079661376774311,0.0008462518453598022,1.0,vanilla_transformer_v10,2026-08-03 14:03:00
2026-01-16,000977,0.0005737990140914917,-0.0341951809823513,0.0005737990140914917,1.0,vanilla_transformer_v10,2026-08-03 14:03:00
2026-01-16,603501,0.0005695745348930359,-0.014716433361172676,0.0005695745348930359,1.0,vanilla_transformer_v10,2026-08-03 14:03:00
2026-01-16,002594,0.0005412176251411438,0.0034376790281385183,0.0005412176251411438,1.0,vanilla_transformer_v10,2026-08-03 14:03:00
2026-01-16,300750,0.00052662193775177,-0.009746897965669632,0.00052662193775177,1.0,vanilla_transformer_v10,2026-08-03 14:03:00
2026-01-16,688012,0.000397704541683197,0.004919832572340965,0.000397704541683197,1.0,vanilla_transformer_v10,2026-08-03 14:03:00
2026-01-16,300454,0.00039199739694595337,-0.06386297196149826,0.00039199739694595337,1.0,vanilla_transformer_v10,2026-08-03 14:03:00
2026-01-16,600519,0.00029221922159194946,-0.004350810311734676,0.00029221922159194946,1.0,vanilla_transformer_v10,2026-08-03 14:03:00
2026-01-16,002465,-0.0035166069865226746,-0.10558981448411942,0.0035166069865226746,0.0,vanilla_transformer_v10,2026-08-03 14:03:00
2026-01-19,601012,0.0030305981636047363,-0.05266616865992546,0.0030305981636047363,1.0,vanilla_transformer_v10,2026-08-03 14:03:00
2026-01-19,600438,0.002099357545375824,-0.0359337292611599,0.002099357545375824,1.0,vanilla_transformer_v10,2026-08-03 14:03:00
2026-01-19,002230,0.0014504268765449524,-0.04044856131076813,0.0014504268765449524,1.0,vanilla_transformer_v10,2026-08-03 14:03:00
2026-01-19,300308,0.0014203041791915894,-0.03444255515933037,0.0014203041791915894,1.0,vanilla_transformer_v10,2026-08-03 14:03:00
2026-01-19,600584,0.001298762857913971,0.01344143133610487,0.001298762857913971,1.0,vanilla_transformer_v10,2026-08-03 14:03:00
2026-01-19,601138,0.00129670649766922,-0.020334962755441666,0.00129670649766922,1.0,vanilla_transformer_v10,2026-08-03 14:03:00
2026-01-19,600036,0.0012828931212425232,0.004630281124264002,0.0012828931212425232,1.0,vanilla_transformer_v10,2026-08-03 14:03:00
2026-01-19,600887,0.0008983388543128967,0.0033151840325444937,0.0008983388543128967,1.0,vanilla_transformer_v10,2026-08-03 14:03:00
2026-01-19,300750,0.0006583854556083679,0.0019987178966403008,0.0006583854556083679,1.0,vanilla_transformer_v10,2026-08-03 14:03:00
2026-01-19,000977,0.0006570294499397278,-0.0196591317653656,0.0006570294499397278,1.0,vanilla_transformer_v10,2026-08-03 14:03:00
2026-01-19,000568,0.0005162283778190613,0.023232968524098396,0.0005162283778190613,1.0,vanilla_transformer_v10,2026-08-03 14:03:00
2026-01-19,601318,0.0002433881163597107,0.004515330772846937,0.0002433881163597107,1.0,vanilla_transformer_v10,2026-08-03 14:03:00
2026-01-19,000858,0.00013652443885803223,0.0034355942625552416,0.00013652443885803223,1.0,vanilla_transformer_v10,2026-08-03 14:03:00
2026-01-19,002594,-7.113814353942871e-05,-0.015194879844784737,7.113814353942871e-05,0.0,vanilla_transformer_v10,2026-08-03 14:03:00
2026-01-19,300454,-0.0001534000039100647,-0.014888960868120193,0.0001534000039100647,0.0,vanilla_transformer_v10,2026-08-03 14:03:00
2026-01-19,300782,-0.0002039596438407898,-0.009796766564249992,0.0002039596438407898,0.0,vanilla_transformer_v10,2026-08-03 14:03:00
2026-01-19,688981,-0.0004114285111427307,-0.02513568289577961,0.0004114285111427307,0.0,vanilla_transformer_v10,2026-08-03 14:03:00
2026-01-19,600519,-0.00047303736209869385,-0.0017825645627453923,0.00047303736209869385,0.0,vanilla_transformer_v10,2026-08-03 14:03:00
2026-01-19,603501,-0.0009160861372947693,0.0005635390407405794,0.0009160861372947693,0.0,vanilla_transformer_v10,2026-08-03 14:03:00
2026-01-19,002371,-0.0010876581072807312,-0.018631502985954285,0.0010876581072807312,0.0,vanilla_transformer_v10,2026-08-03 14:03:00
2026-01-19,688012,-0.001577429473400116,-0.039507344365119934,0.001577429473400116,0.0,vanilla_transformer_v10,2026-08-03 14:03:00
2026-01-19,002465,-0.002650059759616852,-0.06935637444257736,0.002650059759616852,0.0,vanilla_transformer_v10,2026-08-03 14:03:00
2026-01-20,601012,0.004490315914154053,-0.009259868413209915,0.004490315914154053,1.0,vanilla_transformer_v10,2026-08-03 14:03:00
2026-01-20,002465,0.004032142460346222,-0.0223698653280735,0.004032142460346222,1.0,vanilla_transformer_v10,2026-08-03 14:03:00
2026-01-20,600438,0.0028335154056549072,-0.005429612006992102,0.0028335154056549072,1.0,vanilla_transformer_v10,2026-08-03 14:03:00
2026-01-20,300308,0.00232812762260437,-0.00531415082514286,0.00232812762260437,1.0,vanilla_transformer_v10,2026-08-03 14:03:00
2026-01-20,600036,0.001734703779220581,-0.012691646814346313,0.001734703779220581,1.0,vanilla_transformer_v10,2026-08-03 14:03:00
2026-01-20,600887,0.0009980574250221252,-0.012587127275764942,0.0009980574250221252,1.0,vanilla_transformer_v10,2026-08-03 14:03:00
2026-01-20,601318,0.0007923468947410583,-0.011326787061989307,0.0007923468947410583,1.0,vanilla_transformer_v10,2026-08-03 14:03:00
2026-01-20,000977,0.0006621330976486206,0.01996184140443802,0.0006621330976486206,1.0,vanilla_transformer_v10,2026-08-03 14:03:00
2026-01-20,000568,0.0005431696772575378,-0.026849091053009033,0.0005431696772575378,1.0,vanilla_transformer_v10,2026-08-03 14:03:00
2026-01-20,601138,0.0004778429865837097,0.031168116256594658,0.0004778429865837097,1.0,vanilla_transformer_v10,2026-08-03 14:03:00
2026-01-20,002230,0.0004374459385871887,-0.009251643903553486,0.0004374459385871887,1.0,vanilla_transformer_v10,2026-08-03 14:03:00
2026-01-20,000858,0.0001836344599723816,-0.017885470762848854,0.0001836344599723816,1.0,vanilla_transformer_v10,2026-08-03 14:03:00
2026-01-20,600584,-5.014240741729736e-05,0.06114380061626434,5.014240741729736e-05,0.0,vanilla_transformer_v10,2026-08-03 14:03:00
2026-01-20,300750,-0.0001699104905128479,0.0005958587862551212,0.0001699104905128479,0.0,vanilla_transformer_v10,2026-08-03 14:03:00
2026-01-20,688981,-0.00019972771406173706,0.04018666595220566,0.00019972771406173706,0.0,vanilla_transformer_v10,2026-08-03 14:03:00
2026-01-20,300782,-0.0002611875534057617,0.020141934975981712,0.0002611875534057617,0.0,vanilla_transformer_v10,2026-08-03 14:03:00
2026-01-20,600519,-0.0004455298185348511,-0.016508733853697777,0.0004455298185348511,0.0,vanilla_transformer_v10,2026-08-03 14:03:00
2026-01-20,002594,-0.0005516409873962402,-0.006790626794099808,0.0005516409873962402,0.0,vanilla_transformer_v10,2026-08-03 14:03:00
2026-01-20,300454,-0.0008251592516899109,-0.009312312118709087,0.0008251592516899109,0.0,vanilla_transformer_v10,2026-08-03 14:03:00
2026-01-20,603501,-0.0011458024382591248,0.010981732979416847,0.0011458024382591248,0.0,vanilla_transformer_v10,2026-08-03 14:03:00
2026-01-20,002371,-0.0016660317778587341,-0.008809270337224007,0.0016660317778587341,0.0,vanilla_transformer_v10,2026-08-03 14:03:00
2026-01-20,688012,-0.0018346384167671204,0.0018548326333984733,0.0018346384167671204,0.0,vanilla_transformer_v10,2026-08-03 14:03:00
2026-01-21,002465,0.004213325679302216,0.032837964594364166,0.004213325679302216,1.0,vanilla_transformer_v10,2026-08-03 14:03:00
2026-01-21,600584,0.002178482711315155,-0.06294378638267517,0.002178482711315155,1.0,vanilla_transformer_v10,2026-08-03 14:03:00
2026-01-21,300308,0.001837126910686493,0.06503263115882874,0.001837126910686493,1.0,vanilla_transformer_v10,2026-08-03 14:03:00
2026-01-21,601012,0.0018342509865760803,0.02126314304769039,0.0018342509865760803,1.0,vanilla_transformer_v10,2026-08-03 14:03:00
2026-01-21,600438,0.0017784163355827332,0.017696134746074677,0.0017784163355827332,1.0,vanilla_transformer_v10,2026-08-03 14:03:00
2026-01-21,601138,0.001634262502193451,0.019182000309228897,0.001634262502193451,1.0,vanilla_transformer_v10,2026-08-03 14:03:00
2026-01-21,688981,0.0014529228210449219,-0.003070989390835166,0.0014529228210449219,1.0,vanilla_transformer_v10,2026-08-03 14:03:00
2026-01-21,600036,0.0013084188103675842,-0.01025167666375637,0.0013084188103675842,1.0,vanilla_transformer_v10,2026-08-03 14:03:00
2026-01-21,601318,0.0011899694800376892,-0.016076181083917618,0.0011899694800376892,1.0,vanilla_transformer_v10,2026-08-03 14:03:00
2026-01-21,600887,0.0009611696004867554,-0.0011193357640877366,0.0009611696004867554,1.0,vanilla_transformer_v10,2026-08-03 14:03:00
2026-01-21,000977,0.0006283149123191833,-0.011139294132590294,0.0006283149123191833,1.0,vanilla_transformer_v10,2026-08-03 14:03:00
2026-01-21,300782,0.0005380064249038696,-0.007556771393865347,0.0005380064249038696,1.0,vanilla_transformer_v10,2026-08-03 14:03:00
2026-01-21,300750,0.0002865046262741089,-0.011533116921782494,0.0002865046262741089,1.0,vanilla_transformer_v10,2026-08-03 14:03:00
2026-01-21,000568,0.00027786940336227417,-0.007360943127423525,0.00027786940336227417,1.0,vanilla_transformer_v10,2026-08-03 14:03:00
2026-01-21,000858,0.00011037290096282959,-0.002818336011841893,0.00011037290096282959,1.0,vanilla_transformer_v10,2026-08-03 14:03:00
2026-01-21,603501,-0.00020786374807357788,-0.012165531516075134,0.00020786374807357788,0.0,vanilla_transformer_v10,2026-08-03 14:03:00
2026-01-21,600519,-0.0003153607249259949,-0.008174914866685867,0.0003153607249259949,0.0,vanilla_transformer_v10,2026-08-03 14:03:00
2026-01-21,002371,-0.0003553330898284912,-0.01807447150349617,0.0003553330898284912,0.0,vanilla_transformer_v10,2026-08-03 14:03:00
2026-01-21,300454,-0.0004740208387374878,0.1822977513074875,0.0004740208387374878,0.0,vanilla_transformer_v10,2026-08-03 14:03:00
2026-01-21,002230,-0.0004993602633476257,0.006005721632391214,0.0004993602633476257,0.0,vanilla_transformer_v10,2026-08-03 14:03:00
2026-01-21,002594,-0.0005414038896560669,0.00023609166964888573,0.0005414038896560669,0.0,vanilla_transformer_v10,2026-08-03 14:03:00
2026-01-21,688012,-0.0005815848708152771,-0.032122381031513214,0.0005815848708152771,0.0,vanilla_transformer_v10,2026-08-03 14:03:00
2026-01-22,002465,0.003826051950454712,0.0675932914018631,0.003826051950454712,1.0,vanilla_transformer_v10,2026-08-03 14:03:00
2026-01-22,600036,0.0028421729803085327,-0.00930769369006157,0.0028421729803085327,1.0,vanilla_transformer_v10,2026-08-03 14:03:00
2026-01-22,601012,0.0022666677832603455,0.09536781907081604,0.0022666677832603455,1.0,vanilla_transformer_v10,2026-08-03 14:03:00
2026-01-22,300454,0.0022094622254371643,0.001130178919993341,0.0022094622254371643,1.0,vanilla_transformer_v10,2026-08-03 14:03:00
2026-01-22,601318,0.0017327219247817993,-0.013938372023403645,0.0017327219247817993,1.0,vanilla_transformer_v10,2026-08-03 14:03:00
2026-01-22,300308,0.001677878201007843,-0.059718482196331024,0.001677878201007843,1.0,vanilla_transformer_v10,2026-08-03 14:03:00
2026-01-22,600438,0.0015387162566184998,0.07472046464681625,0.0015387162566184998,1.0,vanilla_transformer_v10,2026-08-03 14:03:00
2026-01-22,601138,0.0015221908688545227,-0.043060023337602615,0.0015221908688545227,1.0,vanilla_transformer_v10,2026-08-03 14:03:00
2026-01-22,600584,0.0013120248913764954,-0.007727548014372587,0.0013120248913764954,1.0,vanilla_transformer_v10,2026-08-03 14:03:00
2026-01-22,600887,0.0006386041641235352,0.0003747559094335884,0.0006386041641235352,1.0,vanilla_transformer_v10,2026-08-03 14:03:00
2026-01-22,000977,0.00046408921480178833,-0.003249443368986249,0.00046408921480178833,1.0,vanilla_transformer_v10,2026-08-03 14:03:00
2026-01-22,300750,0.0004387497901916504,0.0034739228431135416,0.0004387497901916504,1.0,vanilla_transformer_v10,2026-08-03 14:03:00
2026-01-22,000568,0.0004325360059738159,-0.00276396912522614,0.0004325360059738159,1.0,vanilla_transformer_v10,2026-08-03 14:03:00
2026-01-22,000858,7.781386375427246e-05,0.0022353087551891804,7.781386375427246e-05,1.0,vanilla_transformer_v10,2026-08-03 14:03:00
2026-01-22,688981,5.011260509490967e-05,-0.014617355540394783,5.011260509490967e-05,1.0,vanilla_transformer_v10,2026-08-03 14:03:00
2026-01-22,002230,3.501772880554199e-05,0.005295820068567991,3.501772880554199e-05,1.0,vanilla_transformer_v10,2026-08-03 14:03:00
2026-01-22,300782,2.218782901763916e-05,0.030821848660707474,2.218782901763916e-05,1.0,vanilla_transformer_v10,2026-08-03 14:03:00
2026-01-22,600519,-6.584823131561279e-05,-0.0022865473292768,6.584823131561279e-05,0.0,vanilla_transformer_v10,2026-08-03 14:03:00
2026-01-22,688012,-0.00017928332090377808,0.03907458484172821,0.00017928332090377808,0.0,vanilla_transformer_v10,2026-08-03 14:03:00
2026-01-22,002371,-0.00029503554105758667,0.019407495856285095,0.00029503554105758667,0.0,vanilla_transformer_v10,2026-08-03 14:03:00
2026-01-22,603501,-0.0004986301064491272,0.00433376245200634,0.0004986301064491272,0.0,vanilla_transformer_v10,2026-08-03 14:03:00
2026-01-22,002594,-0.0008241534233093262,-0.005003560334444046,0.0008241534233093262,0.0,vanilla_transformer_v10,2026-08-03 14:03:00
2026-01-23,600438,0.0034720078110694885,-0.03411437198519707,0.0034720078110694885,1.0,vanilla_transformer_v10,2026-08-03 14:03:00
2026-01-23,600036,0.0034334808588027954,0.013788093812763691,0.0034334808588027954,1.0,vanilla_transformer_v10,2026-08-03 14:03:00
2026-01-23,601012,0.003370143473148346,-0.013531006872653961,0.003370143473148346,1.0,vanilla_transformer_v10,2026-08-03 14:03:00
2026-01-23,002465,0.0031437724828720093,-0.10547102987766266,0.0031437724828720093,1.0,vanilla_transformer_v10,2026-08-03 14:03:00
2026-01-23,601318,0.0028449296951293945,0.0037392540834844112,0.0028449296951293945,1.0,vanilla_transformer_v10,2026-08-03 14:03:00
2026-01-23,300308,0.0017407462000846863,0.008171886205673218,0.0017407462000846863,1.0,vanilla_transformer_v10,2026-08-03 14:03:00
2026-01-23,601138,0.001526065170764923,-0.014208581298589706,0.001526065170764923,1.0,vanilla_transformer_v10,2026-08-03 14:03:00
2026-01-23,600887,0.0011719167232513428,-0.0052321781404316425,0.0011719167232513428,1.0,vanilla_transformer_v10,2026-08-03 14:03:00
2026-01-23,000568,0.0005714371800422668,0.003477600170299411,0.0005714371800422668,1.0,vanilla_transformer_v10,2026-08-03 14:03:00
2026-01-23,300750,0.0004817470908164978,-0.014364587143063545,0.0004817470908164978,1.0,vanilla_transformer_v10,2026-08-03 14:03:00
2026-01-23,000977,0.0003485679626464844,0.01469135470688343,0.0003485679626464844,1.0,vanilla_transformer_v10,2026-08-03 14:03:00
2026-01-23,600584,0.00029459595680236816,-0.03550403565168381,0.00029459595680236816,1.0,vanilla_transformer_v10,2026-08-03 14:03:00
2026-01-23,688012,0.0002874433994293213,-0.04006001353263855,0.0002874433994293213,1.0,vanilla_transformer_v10,2026-08-03 14:03:00
2026-01-23,300454,0.0002618953585624695,0.03631031513214111,0.0002618953585624695,1.0,vanilla_transformer_v10,2026-08-03 14:03:00
2026-01-23,000858,0.00025191158056259155,-0.006329628638923168,0.00025191158056259155,1.0,vanilla_transformer_v10,2026-08-03 14:03:00
2026-01-23,600519,0.00014560669660568237,0.0037327567115426064,0.00014560669660568237,1.0,vanilla_transformer_v10,2026-08-03 14:03:00
2026-01-23,002230,5.25936484336853e-05,-0.009925981983542442,5.25936484336853e-05,1.0,vanilla_transformer_v10,2026-08-03 14:03:00
2026-01-23,002594,1.4774501323699951e-05,-0.010973392985761166,1.4774501323699951e-05,1.0,vanilla_transformer_v10,2026-08-03 14:03:00
2026-01-23,300782,-8.472055196762085e-05,-0.03867806866765022,8.472055196762085e-05,0.0,vanilla_transformer_v10,2026-08-03 14:03:00
2026-01-23,688981,-0.00033770501613616943,-0.024628594517707825,0.00033770501613616943,0.0,vanilla_transformer_v10,2026-08-03 14:03:00
2026-01-23,603501,-0.0005206987261772156,-0.037653930485248566,0.0005206987261772156,0.0,vanilla_transformer_v10,2026-08-03 14:03:00
2026-01-23,002371,-0.0005221739411354065,-0.028117645531892776,0.0005221739411354065,0.0,vanilla_transformer_v10,2026-08-03 14:03:00
2026-01-26,002465,0.0050172582268714905,0.011850246228277683,0.0050172582268714905,1.0,vanilla_transformer_v10,2026-08-03 14:03:00
2026-01-26,600036,0.003679141402244568,0.00206835032440722,0.003679141402244568,1.0,vanilla_transformer_v10,2026-08-03 14:03:00
2026-01-26,601318,0.0036591067910194397,0.018049607053399086,0.0036591067910194397,1.0,vanilla_transformer_v10,2026-08-03 14:03:00
2026-01-26,601012,0.0023584142327308655,0.005746000912040472,0.0023584142327308655,1.0,vanilla_transformer_v10,2026-08-03 14:03:00
2026-01-26,300308,0.0015653520822525024,0.0428120382130146,0.0015653520822525024,1.0,vanilla_transformer_v10,2026-08-03 14:03:00
2026-01-26,600887,0.0014327093958854675,-0.011689793318510056,0.0014327093958854675,1.0,vanilla_transformer_v10,2026-08-03 14:03:00
2026-01-26,300454,0.001432575285434723,0.04105357825756073,0.001432575285434723,1.0,vanilla_transformer_v10,2026-08-03 14:03:00
2026-01-26,600438,0.0013718381524085999,-0.005102762021124363,0.0013718381524085999,1.0,vanilla_transformer_v10,2026-08-03 14:03:00
2026-01-26,000977,0.0011873096227645874,-0.030693182721734047,0.0011873096227645874,1.0,vanilla_transformer_v10,2026-08-03 14:03:00
2026-01-26,000568,0.0007540211081504822,-0.0006243992829695344,0.0007540211081504822,1.0,vanilla_transformer_v10,2026-08-03 14:03:00
2026-01-26,000858,0.000748850405216217,-0.0129845654591918,0.000748850405216217,1.0,vanilla_transformer_v10,2026-08-03 14:03:00
2026-01-26,300750,0.00033470243215560913,-0.007782140281051397,0.00033470243215560913,1.0,vanilla_transformer_v10,2026-08-03 14:03:00
2026-01-26,600519,0.00026206672191619873,0.0007526343688368797,0.00026206672191619873,1.0,vanilla_transformer_v10,2026-08-03 14:03:00
2026-01-26,603501,0.00015417486429214478,0.0019225733121857047,0.00015417486429214478,1.0,vanilla_transformer_v10,2026-08-03 14:03:00
2026-01-26,002230,-0.00016463547945022583,-0.0003405586467124522,0.00016463547945022583,0.0,vanilla_transformer_v10,2026-08-03 14:03:00
2026-01-26,601138,-0.00025222450494766235,0.028493547812104225,0.00025222450494766235,0.0,vanilla_transformer_v10,2026-08-03 14:03:00
2026-01-26,688981,-0.0002697780728340149,0.01731961779296398,0.0002697780728340149,0.0,vanilla_transformer_v10,2026-08-03 14:03:00
2026-01-26,002594,-0.00030460208654403687,-0.008880075067281723,0.00030460208654403687,0.0,vanilla_transformer_v10,2026-08-03 14:03:00
2026-01-26,300782,-0.00035975128412246704,0.022392744198441505,0.00035975128412246704,0.0,vanilla_transformer_v10,2026-08-03 14:03:00
2026-01-26,600584,-0.0006574168801307678,0.018637236207723618,0.0006574168801307678,0.0,vanilla_transformer_v10,2026-08-03 14:03:00
2026-01-26,688012,-0.0012767389416694641,0.011176743544638157,0.0012767389416694641,0.0,vanilla_transformer_v10,2026-08-03 14:03:00
2026-01-26,002371,-0.0013317391276359558,0.0029387909453362226,0.0013317391276359558,0.0,vanilla_transformer_v10,2026-08-03 14:03:00
2026-01-27,601012,0.002841345965862274,-0.01997426338493824,0.002841345965862274,1.0,vanilla_transformer_v10,2026-08-03 14:03:00
2026-01-27,002465,0.0027983710169792175,-0.03371863439679146,0.0027983710169792175,1.0,vanilla_transformer_v10,2026-08-03 14:03:00
2026-01-27,601318,0.0019296929240226746,-0.008589642122387886,0.0019296929240226746,1.0,vanilla_transformer_v10,2026-08-03 14:03:00
2026-01-27,600036,0.001865573227405548,-0.007873128168284893,0.001865573227405548,1.0,vanilla_transformer_v10,2026-08-03 14:03:00
2026-01-27,601138,0.001371540129184723,-0.004692900460213423,0.001371540129184723,1.0,vanilla_transformer_v10,2026-08-03 14:03:00
2026-01-27,300308,0.0013481155037879944,0.019943775609135628,0.0013481155037879944,1.0,vanilla_transformer_v10,2026-08-03 14:03:00
2026-01-27,000977,0.0011261031031608582,0.01584829017519951,0.0011261031031608582,1.0,vanilla_transformer_v10,2026-08-03 14:03:00
2026-01-27,600887,0.0010344237089157104,-0.008761792443692684,0.0010344237089157104,1.0,vanilla_transformer_v10,2026-08-03 14:03:00
2026-01-27,600438,0.0009058639407157898,-0.024910056963562965,0.0009058639407157898,1.0,vanilla_transformer_v10,2026-08-03 14:03:00
2026-01-27,300454,0.0008725449442863464,-0.029086260125041008,0.0008725449442863464,1.0,vanilla_transformer_v10,2026-08-03 14:03:00
2026-01-27,000858,0.00048789381980895996,-0.0031704017892479897,0.00048789381980895996,1.0,vanilla_transformer_v10,2026-08-03 14:03:00
2026-01-27,000568,0.00048632174730300903,0.005149620119482279,0.00048632174730300903,1.0,vanilla_transformer_v10,2026-08-03 14:03:00
2026-01-27,688981,0.0004529133439064026,0.03563322499394417,0.0004529133439064026,1.0,vanilla_transformer_v10,2026-08-03 14:03:00
2026-01-27,300782,0.00043160468339920044,-0.00011829699360532686,0.00043160468339920044,1.0,vanilla_transformer_v10,2026-08-03 14:03:00
2026-01-27,002230,0.0003628656268119812,-0.014383617788553238,0.0003628656268119812,1.0,vanilla_transformer_v10,2026-08-03 14:03:00
2026-01-27,300750,0.0002659037709236145,0.0017329032998532057,0.0002659037709236145,1.0,vanilla_transformer_v10,2026-08-03 14:03:00
2026-01-27,603501,0.00022017210721969604,0.025457486510276794,0.00022017210721969604,1.0,vanilla_transformer_v10,2026-08-03 14:03:00
2026-01-27,688012,0.0002178475260734558,0.0317208431661129,0.0002178475260734558,1.0,vanilla_transformer_v10,2026-08-03 14:03:00
2026-01-27,002594,7.869303226470947e-05,0.016526468098163605,7.869303226470947e-05,1.0,vanilla_transformer_v10,2026-08-03 14:03:00
2026-01-27,600584,-5.941838026046753e-05,0.0376657210290432,5.941838026046753e-05,0.0,vanilla_transformer_v10,2026-08-03 14:03:00
2026-01-27,600519,-0.00022210925817489624,-0.014490591362118721,0.00022210925817489624,0.0,vanilla_transformer_v10,2026-08-03 14:03:00
2026-01-27,002371,-0.0002563595771789551,0.00864151120185852,0.0002563595771789551,0.0,vanilla_transformer_v10,2026-08-03 14:03:00
2026-01-28,600036,0.0021918118000030518,0.019126778468489647,0.0021918118000030518,1.0,vanilla_transformer_v10,2026-08-03 14:03:00
2026-01-28,002465,0.002093769609928131,0.01616811193525791,0.002093769609928131,1.0,vanilla_transformer_v10,2026-08-03 14:03:00
2026-01-28,601318,0.002015158534049988,0.04896385595202446,0.002015158534049988,1.0,vanilla_transformer_v10,2026-08-03 14:03:00
2026-01-28,600887,0.0013323798775672913,0.026053866371512413,0.0013323798775672913,1.0,vanilla_transformer_v10,2026-08-03 14:03:00
2026-01-28,601012,0.0012161284685134888,-0.0026702284812927246,0.0012161284685134888,1.0,vanilla_transformer_v10,2026-08-03 14:03:00
2026-01-28,688012,0.000940859317779541,-0.05919874459505081,0.000940859317779541,1.0,vanilla_transformer_v10,2026-08-03 14:03:00
2026-01-28,002230,0.0007973760366439819,0.062231387943029404,0.0007973760366439819,1.0,vanilla_transformer_v10,2026-08-03 14:03:00
2026-01-28,000977,0.0007921233773231506,-0.02926034852862358,0.0007921233773231506,1.0,vanilla_transformer_v10,2026-08-03 14:03:00
2026-01-28,300308,0.0007914677262306213,-0.02278999611735344,0.0007914677262306213,1.0,vanilla_transformer_v10,2026-08-03 14:03:00
2026-01-28,600438,0.0007618218660354614,0.002095737960189581,0.0007618218660354614,1.0,vanilla_transformer_v10,2026-08-03 14:03:00
2026-01-28,000568,0.0006581693887710571,0.09527706354856491,0.0006581693887710571,1.0,vanilla_transformer_v10,2026-08-03 14:03:00
2026-01-28,000858,0.0006523951888084412,0.09530553221702576,0.0006523951888084412,1.0,vanilla_transformer_v10,2026-08-03 14:03:00
2026-01-28,300454,0.0006508156657218933,-0.034638240933418274,0.0006508156657218933,1.0,vanilla_transformer_v10,2026-08-03 14:03:00
2026-01-28,603501,0.0005081146955490112,-0.041415583342313766,0.0005081146955490112,1.0,vanilla_transformer_v10,2026-08-03 14:03:00
2026-01-28,600584,0.0004924610257148743,-0.021624526008963585,0.0004924610257148743,1.0,vanilla_transformer_v10,2026-08-03 14:03:00
2026-01-28,002594,0.0004822090268135071,-0.011078930459916592,0.0004822090268135071,1.0,vanilla_transformer_v10,2026-08-03 14:03:00
2026-01-28,600519,0.00043629854917526245,0.08263534307479858,0.00043629854917526245,1.0,vanilla_transformer_v10,2026-08-03 14:03:00
2026-01-28,688981,0.00034146755933761597,-0.04902356490492821,0.00034146755933761597,1.0,vanilla_transformer_v10,2026-08-03 14:03:00
2026-01-28,300750,0.00033202022314071655,0.005577003583312035,0.00033202022314071655,1.0,vanilla_transformer_v10,2026-08-03 14:03:00
2026-01-28,601138,0.00023033469915390015,-0.05225493013858795,0.00023033469915390015,1.0,vanilla_transformer_v10,2026-08-03 14:03:00
2026-01-28,300782,8.171051740646362e-05,-0.02634727954864502,8.171051740646362e-05,1.0,vanilla_transformer_v10,2026-08-03 14:03:00
2026-01-28,002371,-7.728487253189087e-05,-0.05450677126646042,7.728487253189087e-05,0.0,vanilla_transformer_v10,2026-08-03 14:03:00
2026-01-29,002230,0.003361232578754425,-0.023225311189889908,0.003361232578754425,1.0,vanilla_transformer_v10,2026-08-03 14:03:00
2026-01-29,601318,0.0028108730912208557,-0.01857169158756733,0.0028108730912208557,1.0,vanilla_transformer_v10,2026-08-03 14:03:00
2026-01-29,600887,0.0026961341500282288,-0.018431371077895164,0.0026961341500282288,1.0,vanilla_transformer_v10,2026-08-03 14:03:00
2026-01-29,000858,0.0025073885917663574,-0.053491294384002686,0.0025073885917663574,1.0,vanilla_transformer_v10,2026-08-03 14:03:00
2026-01-29,601138,0.0024870336055755615,0.0017477429937571287,0.0024870336055755615,1.0,vanilla_transformer_v10,2026-08-03 14:03:00
2026-01-29,002465,0.0023574456572532654,-0.0011916585499420762,0.0023574456572532654,1.0,vanilla_transformer_v10,2026-08-03 14:03:00
2026-01-29,600036,0.002236396074295044,0.0036152994725853205,0.002236396074295044,1.0,vanilla_transformer_v10,2026-08-03 14:03:00
2026-01-29,601012,0.0017103031277656555,-0.0485876239836216,0.0017103031277656555,1.0,vanilla_transformer_v10,2026-08-03 14:03:00
2026-01-29,000568,0.0016498789191246033,-0.016161803156137466,0.0016498789191246033,1.0,vanilla_transformer_v10,2026-08-03 14:03:00
2026-01-29,300454,0.001195654273033142,-0.05372844636440277,0.001195654273033142,1.0,vanilla_transformer_v10,2026-08-03 14:03:00
2026-01-29,600519,0.001195065677165985,-0.02587178163230419,0.001195065677165985,1.0,vanilla_transformer_v10,2026-08-03 14:03:00
2026-01-29,688012,0.0009225234389305115,0.0015735194319859147,0.0009225234389305115,1.0,vanilla_transformer_v10,2026-08-03 14:03:00
2026-01-29,300308,0.000789448618888855,0.05568292737007141,0.000789448618888855,1.0,vanilla_transformer_v10,2026-08-03 14:03:00
2026-01-29,000977,0.0006872639060020447,-0.0015823289286345243,0.0006872639060020447,1.0,vanilla_transformer_v10,2026-08-03 14:03:00
2026-01-29,002371,0.0003526732325553894,-0.00029325418290682137,0.0003526732325553894,1.0,vanilla_transformer_v10,2026-08-03 14:03:00
2026-01-29,600438,0.00019186735153198242,-0.04615529626607895,0.00019186735153198242,1.0,vanilla_transformer_v10,2026-08-03 14:03:00
2026-01-29,603501,-8.044391870498657e-05,-0.013755538500845432,8.044391870498657e-05,0.0,vanilla_transformer_v10,2026-08-03 14:03:00
2026-01-29,688981,-8.869171142578125e-05,0.004646053072065115,8.869171142578125e-05,0.0,vanilla_transformer_v10,2026-08-03 14:03:00
2026-01-29,300782,-0.0003388151526451111,0.00024289531575050205,0.0003388151526451111,0.0,vanilla_transformer_v10,2026-08-03 14:03:00
2026-01-29,300750,-0.000511854887008667,0.023446867242455482,0.000511854887008667,0.0,vanilla_transformer_v10,2026-08-03 14:03:00
2026-01-29,002594,-0.0006065294146537781,-0.015524065122008324,0.0006065294146537781,0.0,vanilla_transformer_v10,2026-08-03 14:03:00
2026-01-29,600584,-0.0007942840456962585,0.01013512909412384,0.0007942840456962585,0.0,vanilla_transformer_v10,2026-08-03 14:03:00
2026-01-30,601012,0.0033284202218055725,-0.013501567766070366,0.0033284202218055725,1.0,vanilla_transformer_v10,2026-08-03 14:03:00
2026-01-30,300454,0.0026162490248680115,-0.10797669738531113,0.0026162490248680115,1.0,vanilla_transformer_v10,2026-08-03 14:03:00
2026-01-30,002230,0.002527758479118347,-0.044601716101169586,0.002527758479118347,1.0,vanilla_transformer_v10,2026-08-03 14:03:00
2026-01-30,600438,0.002271018922328949,-0.01998003013432026,0.002271018922328949,1.0,vanilla_transformer_v10,2026-08-03 14:03:00
2026-01-30,600036,0.002042315900325775,-0.00570701016113162,0.002042315900325775,1.0,vanilla_transformer_v10,2026-08-03 14:03:00
2026-01-30,688012,0.0019619688391685486,-0.04487285763025284,0.0019619688391685486,1.0,vanilla_transformer_v10,2026-08-03 14:03:00
2026-01-30,002465,0.0017690286040306091,-0.02837984636425972,0.0017690286040306091,1.0,vanilla_transformer_v10,2026-08-03 14:03:00
2026-01-30,000858,0.0016285255551338196,0.021573664620518684,0.0016285255551338196,1.0,vanilla_transformer_v10,2026-08-03 14:03:00
2026-01-30,300308,0.0015148147940635681,-0.09361744672060013,0.0015148147940635681,1.0,vanilla_transformer_v10,2026-08-03 14:03:00
2026-01-30,601318,0.0015069395303726196,-0.010962702333927155,0.0015069395303726196,1.0,vanilla_transformer_v10,2026-08-03 14:03:00
2026-01-30,601138,0.001496046781539917,-0.03554876521229744,0.001496046781539917,1.0,vanilla_transformer_v10,2026-08-03 14:03:00
2026-01-30,002371,0.0012000352144241333,-0.029036805033683777,0.0012000352144241333,1.0,vanilla_transformer_v10,2026-08-03 14:03:00
2026-01-30,000977,0.0010961368680000305,-0.03247843310236931,0.0010961368680000305,1.0,vanilla_transformer_v10,2026-08-03 14:03:00
2026-01-30,300782,0.001074180006980896,-0.050405312329530716,0.001074180006980896,1.0,vanilla_transformer_v10,2026-08-03 14:03:00
2026-01-30,600887,0.0010490119457244873,0.004169568419456482,0.0010490119457244873,1.0,vanilla_transformer_v10,2026-08-03 14:03:00
2026-01-30,603501,0.0008960813283920288,-0.027229104191064835,0.0008960813283920288,1.0,vanilla_transformer_v10,2026-08-03 14:03:00
2026-01-30,688981,0.000788860023021698,-0.04925379902124405,0.000788860023021698,1.0,vanilla_transformer_v10,2026-08-03 14:03:00
2026-01-30,600584,0.0006685927510261536,-0.06554923951625824,0.0006685927510261536,1.0,vanilla_transformer_v10,2026-08-03 14:03:00
2026-01-30,002594,0.00034874677658081055,-0.04317473992705345,0.00034874677658081055,1.0,vanilla_transformer_v10,2026-08-03 14:03:00
2026-01-30,300750,0.00026029348373413086,-0.002921494422480464,0.00026029348373413086,1.0,vanilla_transformer_v10,2026-08-03 14:03:00
2026-01-30,000568,0.00016116350889205933,0.009057097136974335,0.00016116350889205933,1.0,vanilla_transformer_v10,2026-08-03 14:03:00
2026-01-30,600519,-0.00020106881856918335,0.01838795654475689,0.00020106881856918335,0.0,vanilla_transformer_v10,2026-08-03 14:03:00
2026-02-02,300454,0.005587287247180939,0.039204806089401245,0.005587287247180939,1.0,vanilla_transformer_v10,2026-08-03 14:03:00
2026-02-02,002230,0.003520660102367401,0.019461892545223236,0.003520660102367401,1.0,vanilla_transformer_v10,2026-08-03 14:03:00
2026-02-02,300308,0.002907663583755493,-0.0022009725216776133,0.002907663583755493,1.0,vanilla_transformer_v10,2026-08-03 14:03:00
2026-02-02,002465,0.002793937921524048,0.04992664232850075,0.002793937921524048,1.0,vanilla_transformer_v10,2026-08-03 14:03:00
2026-02-02,000977,0.0026465505361557007,0.0037880069576203823,0.0026465505361557007,1.0,vanilla_transformer_v10,2026-08-03 14:03:00
2026-02-02,688012,0.0026201754808425903,0.04028845578432083,0.0026201754808425903,1.0,vanilla_transformer_v10,2026-08-03 14:03:00
2026-02-02,600887,0.002532564103603363,0.005655419081449509,0.002532564103603363,1.0,vanilla_transformer_v10,2026-08-03 14:03:00
2026-02-02,600438,0.0025216341018676758,0.04492904245853424,0.0025216341018676758,1.0,vanilla_transformer_v10,2026-08-03 14:03:00
2026-02-02,000858,0.0023891255259513855,-9.597440657671541e-05,0.0023891255259513855,1.0,vanilla_transformer_v10,2026-08-03 14:03:00
2026-02-02,601012,0.002361014485359192,0.05139099806547165,0.002361014485359192,1.0,vanilla_transformer_v10,2026-08-03 14:03:00
2026-02-02,600036,0.0023289769887924194,-0.00391627149656415,0.0023289769887924194,1.0,vanilla_transformer_v10,2026-08-03 14:03:00
2026-02-02,002594,0.0020577609539031982,0.0036760063376277685,0.0020577609539031982,1.0,vanilla_transformer_v10,2026-08-03 14:03:00
2026-02-02,000568,0.0019244551658630371,0.0024549299851059914,0.0019244551658630371,1.0,vanilla_transformer_v10,2026-08-03 14:03:00
2026-02-02,601318,0.0018676668405532837,0.00842505507171154,0.0018676668405532837,1.0,vanilla_transformer_v10,2026-08-03 14:03:00
2026-02-02,300782,0.0016967058181762695,0.014781279489398003,0.0016967058181762695,1.0,vanilla_transformer_v10,2026-08-03 14:03:00
2026-02-02,600584,0.0016461089253425598,0.02874140255153179,0.0016461089253425598,1.0,vanilla_transformer_v10,2026-08-03 14:03:00
2026-02-02,688981,0.0014282241463661194,-0.008837845176458359,0.0014282241463661194,1.0,vanilla_transformer_v10,2026-08-03 14:03:00
2026-02-02,002371,0.0013168752193450928,0.02431335859000683,0.0013168752193450928,1.0,vanilla_transformer_v10,2026-08-03 14:03:00
2026-02-02,601138,0.0012549161911010742,0.0012055456172674894,0.0012549161911010742,1.0,vanilla_transformer_v10,2026-08-03 14:03:00
2026-02-02,603501,0.0011485591530799866,0.0041196602396667,0.0011485591530799866,1.0,vanilla_transformer_v10,2026-08-03 14:03:00
2026-02-02,600519,0.0009181872010231018,0.033028945326805115,0.0009181872010231018,1.0,vanilla_transformer_v10,2026-08-03 14:03:00
2026-02-02,300750,0.00038398057222366333,-0.0030797775834798813,0.00038398057222366333,1.0,vanilla_transformer_v10,2026-08-03 14:03:00
2026-02-03,601012,0.0034435614943504333,0.03905585780739784,0.0034435614943504333,1.0,vanilla_transformer_v10,2026-08-03 14:03:00
2026-02-03,300454,0.003174789249897003,-0.04980818182229996,0.003174789249897003,1.0,vanilla_transformer_v10,2026-08-03 14:03:00
2026-02-03,002465,0.00260191410779953,-0.00961508322507143,0.00260191410779953,1.0,vanilla_transformer_v10,2026-08-03 14:03:00
2026-02-03,300308,0.002476617693901062,-0.05167699605226517,0.002476617693901062,1.0,vanilla_transformer_v10,2026-08-03 14:03:00
2026-02-03,601138,0.0019336119294166565,-0.0429263673722744,0.0019336119294166565,1.0,vanilla_transformer_v10,2026-08-03 14:03:00
2026-02-03,002230,0.0016014203429222107,-0.020685290917754173,0.0016014203429222107,1.0,vanilla_transformer_v10,2026-08-03 14:03:00
2026-02-03,600438,0.0015939697623252869,0.04708538576960564,0.0015939697623252869,1.0,vanilla_transformer_v10,2026-08-03 14:03:00
2026-02-03,688012,0.0012836754322052002,0.008208371698856354,0.0012836754322052002,1.0,vanilla_transformer_v10,2026-08-03 14:03:00
2026-02-03,688981,0.0011445730924606323,-0.010308923199772835,0.0011445730924606323,1.0,vanilla_transformer_v10,2026-08-03 14:03:00
2026-02-03,601318,0.0009723231196403503,0.012245536781847477,0.0009723231196403503,1.0,vanilla_transformer_v10,2026-08-03 14:03:00
2026-02-03,000977,0.0008004382252693176,-0.020182088017463684,0.0008004382252693176,1.0,vanilla_transformer_v10,2026-08-03 14:03:00
2026-02-03,600887,0.00062590092420578,0.015294229611754417,0.00062590092420578,1.0,vanilla_transformer_v10,2026-08-03 14:03:00
2026-02-03,002371,0.0005547255277633667,-0.005068321246653795,0.0005547255277633667,1.0,vanilla_transformer_v10,2026-08-03 14:03:00
2026-02-03,000858,0.00048467516899108887,0.011493830941617489,0.00048467516899108887,1.0,vanilla_transformer_v10,2026-08-03 14:03:00
2026-02-03,002594,0.0004671141505241394,0.020069006830453873,0.0004671141505241394,1.0,vanilla_transformer_v10,2026-08-03 14:03:00
2026-02-03,603501,0.00015478581190109253,-0.009680379182100296,0.00015478581190109253,1.0,vanilla_transformer_v10,2026-08-03 14:03:00
2026-02-03,600584,0.00013982504606246948,-0.038919903337955475,0.00013982504606246948,1.0,vanilla_transformer_v10,2026-08-03 14:03:00
2026-02-03,000568,0.00011973828077316284,0.032181866466999054,0.00011973828077316284,1.0,vanilla_transformer_v10,2026-08-03 14:03:00
2026-02-03,600036,9.215623140335083e-05,0.018375467509031296,9.215623140335083e-05,1.0,vanilla_transformer_v10,2026-08-03 14:03:00
2026-02-03,600519,3.182142972946167e-05,0.03339086472988129,3.182142972946167e-05,1.0,vanilla_transformer_v10,2026-08-03 14:03:00
2026-02-03,300782,6.51925802230835e-06,-0.01815853826701641,6.51925802230835e-06,1.0,vanilla_transformer_v10,2026-08-03 14:03:00
2026-02-03,300750,-0.00010973215103149414,0.048044782131910324,0.00010973215103149414,0.0,vanilla_transformer_v10,2026-08-03 14:03:00
2026-02-04,601012,0.00336465984582901,-0.05754301697015762,0.00336465984582901,1.0,vanilla_transformer_v10,2026-08-03 14:03:00
2026-02-04,300454,0.003082290291786194,-0.022761086001992226,0.003082290291786194,1.0,vanilla_transformer_v10,2026-08-03 14:03:00
2026-02-04,300308,0.00248931348323822,0.003545834682881832,0.00248931348323822,1.0,vanilla_transformer_v10,2026-08-03 14:03:00
2026-02-04,600438,0.00196259468793869,-0.06275968998670578,0.00196259468793869,1.0,vanilla_transformer_v10,2026-08-03 14:03:00
2026-02-04,601138,0.001770012080669403,0.00876512099057436,0.001770012080669403,1.0,vanilla_transformer_v10,2026-08-03 14:03:00
2026-02-04,002230,0.0016335323452949524,-0.020951149985194206,0.0016335323452949524,1.0,vanilla_transformer_v10,2026-08-03 14:03:00
2026-02-04,002465,0.0011273026466369629,-0.017671523615717888,0.0011273026466369629,1.0,vanilla_transformer_v10,2026-08-03 14:03:00
2026-02-04,000977,0.0010916441679000854,-0.003831996815279126,0.0010916441679000854,1.0,vanilla_transformer_v10,2026-08-03 14:03:00
2026-02-04,000858,0.00102909654378891,0.003404684131965041,0.00102909654378891,1.0,vanilla_transformer_v10,2026-08-03 14:03:00
2026-02-04,600036,0.0009986981749534607,0.017773598432540894,0.0009986981749534607,1.0,vanilla_transformer_v10,2026-08-03 14:03:00
2026-02-04,000568,0.0008891820907592773,-0.006671236827969551,0.0008891820907592773,1.0,vanilla_transformer_v10,2026-08-03 14:03:00
2026-02-04,600887,0.000800304114818573,0.007377866189926863,0.000800304114818573,1.0,vanilla_transformer_v10,2026-08-03 14:03:00
2026-02-04,688012,0.0003899708390235901,0.02172314189374447,0.0003899708390235901,1.0,vanilla_transformer_v10,2026-08-03 14:03:00
2026-02-04,600519,0.0003795921802520752,0.019481219351291656,0.0003795921802520752,1.0,vanilla_transformer_v10,2026-08-03 14:03:00
2026-02-04,600584,0.00037782639265060425,-0.02675406076014042,0.00037782639265060425,1.0,vanilla_transformer_v10,2026-08-03 14:03:00
2026-02-04,002594,0.00030694156885147095,0.010801726952195168,0.00030694156885147095,1.0,vanilla_transformer_v10,2026-08-03 14:03:00
2026-02-04,300750,0.00024362653493881226,-0.005739122629165649,0.00024362653493881226,1.0,vanilla_transformer_v10,2026-08-03 14:03:00
2026-02-04,601318,-0.00011961162090301514,-0.0007580064702779055,0.00011961162090301514,0.0,vanilla_transformer_v10,2026-08-03 14:03:00
2026-02-04,688981,-0.0004058033227920532,-0.02682829461991787,0.0004058033227920532,0.0,vanilla_transformer_v10,2026-08-03 14:03:00
2026-02-04,002371,-0.0006178468465805054,-0.0010207073064520955,0.0006178468465805054,0.0,vanilla_transformer_v10,2026-08-03 14:03:00
2026-02-04,300782,-0.0008209794759750366,-0.0028231206815689802,0.0008209794759750366,0.0,vanilla_transformer_v10,2026-08-03 14:03:00
2026-02-04,603501,-0.0008870810270309448,0.0028460081666707993,0.0008870810270309448,0.0,vanilla_transformer_v10,2026-08-03 14:03:00
2026-02-05,300454,0.003636285662651062,-0.023291243240237236,0.003636285662651062,1.0,vanilla_transformer_v10,2026-08-03 14:03:00
2026-02-05,601012,0.0034406259655952454,0.007093604188412428,0.0034406259655952454,1.0,vanilla_transformer_v10,2026-08-03 14:03:00
2026-02-05,300308,0.0024170279502868652,-0.03989582881331444,0.0024170279502868652,1.0,vanilla_transformer_v10,2026-08-03 14:03:00
2026-02-05,688012,0.002324417233467102,-0.02175162546336651,0.002324417233467102,1.0,vanilla_transformer_v10,2026-08-03 14:03:00
2026-02-05,601138,0.002204395830631256,0.009615458548069,0.002204395830631256,1.0,vanilla_transformer_v10,2026-08-03 14:03:00
2026-02-05,600438,0.0021340474486351013,0.010851259343326092,0.0021340474486351013,1.0,vanilla_transformer_v10,2026-08-03 14:03:00
2026-02-05,600036,0.002071276307106018,-0.002752150408923626,0.002071276307106018,1.0,vanilla_transformer_v10,2026-08-03 14:03:00
2026-02-05,002230,0.0018350109457969666,-0.016999831423163414,0.0018350109457969666,1.0,vanilla_transformer_v10,2026-08-03 14:03:00
2026-02-05,600887,0.0015586093068122864,-0.004790310747921467,0.0015586093068122864,1.0,vanilla_transformer_v10,2026-08-03 14:03:00
2026-02-05,000977,0.0014624744653701782,-0.004718489479273558,0.0014624744653701782,1.0,vanilla_transformer_v10,2026-08-03 14:03:00
2026-02-05,000858,0.0013583973050117493,-0.017509350553154945,0.0013583973050117493,1.0,vanilla_transformer_v10,2026-08-03 14:03:00
2026-02-05,600584,0.0013289526104927063,-0.013497286476194859,0.0013289526104927063,1.0,vanilla_transformer_v10,2026-08-03 14:03:00
2026-02-05,688981,0.0012746304273605347,0.008017860352993011,0.0012746304273605347,1.0,vanilla_transformer_v10,2026-08-03 14:03:00
2026-02-05,601318,0.0008937940001487732,-0.006704892031848431,0.0008937940001487732,1.0,vanilla_transformer_v10,2026-08-03 14:03:00
2026-02-05,002465,0.0008301138877868652,0.004626314155757427,0.0008301138877868652,1.0,vanilla_transformer_v10,2026-08-03 14:03:00
2026-02-05,000568,0.0007735267281532288,-0.021186497062444687,0.0007735267281532288,1.0,vanilla_transformer_v10,2026-08-03 14:03:00
2026-02-05,002371,0.0007415711879730225,0.004480060189962387,0.0007415711879730225,1.0,vanilla_transformer_v10,2026-08-03 14:03:00
2026-02-05,002594,0.0006189197301864624,-0.0032106153666973114,0.0006189197301864624,1.0,vanilla_transformer_v10,2026-08-03 14:03:00
2026-02-05,600519,0.000414237380027771,-0.02605317160487175,0.000414237380027771,1.0,vanilla_transformer_v10,2026-08-03 14:03:00
2026-02-05,300782,0.00038345903158187866,0.011549891903996468,0.00038345903158187866,1.0,vanilla_transformer_v10,2026-08-03 14:03:00
2026-02-05,603501,0.0001855790615081787,-0.014374411664903164,0.0001855790615081787,1.0,vanilla_transformer_v10,2026-08-03 14:03:00
2026-02-05,300750,-0.0007555708289146423,0.01685137301683426,0.0007555708289146423,0.0,vanilla_transformer_v10,2026-08-03 14:03:00
2026-02-06,300454,0.0038873180747032166,0.037234917283058167,0.0038873180747032166,1.0,vanilla_transformer_v10,2026-08-03 14:03:00
2026-02-06,601012,0.0033209621906280518,0.043705977499485016,0.0033209621906280518,1.0,vanilla_transformer_v10,2026-08-03 14:03:00
2026-02-06,601138,0.002524852752685547,0.020471232011914253,0.002524852752685547,1.0,vanilla_transformer_v10,2026-08-03 14:03:00
2026-02-06,300308,0.00237157940864563,0.04698750749230385,0.00237157940864563,1.0,vanilla_transformer_v10,2026-08-03 14:03:00
2026-02-06,002230,0.0018412396311759949,0.028772983700037003,0.0018412396311759949,1.0,vanilla_transformer_v10,2026-08-03 14:03:00
2026-02-06,600438,0.0016087144613265991,0.027075553312897682,0.0016087144613265991,1.0,vanilla_transformer_v10,2026-08-03 14:03:00
2026-02-06,000977,0.00151883065700531,0.018346698954701424,0.00151883065700531,1.0,vanilla_transformer_v10,2026-08-03 14:03:00
2026-02-06,002465,0.0014969632029533386,0.02708490751683712,0.0014969632029533386,1.0,vanilla_transformer_v10,2026-08-03 14:03:00
2026-02-06,688981,0.0013055801391601562,0.019593825563788414,0.0013055801391601562,1.0,vanilla_transformer_v10,2026-08-03 14:03:00
2026-02-06,300782,0.0011742711067199707,0.011166808195412159,0.0011742711067199707,1.0,vanilla_transformer_v10,2026-08-03 14:03:00
2026-02-06,600584,0.0011115893721580505,0.05946815013885498,0.0011115893721580505,1.0,vanilla_transformer_v10,2026-08-03 14:03:00
2026-02-06,688012,0.001065865159034729,0.008254780434072018,0.001065865159034729,1.0,vanilla_transformer_v10,2026-08-03 14:03:00
2026-02-06,002371,0.0005842596292495728,0.024619100615382195,0.0005842596292495728,1.0,vanilla_transformer_v10,2026-08-03 14:03:00
2026-02-06,600036,0.0005091801285743713,-0.003031607950106263,0.0005091801285743713,1.0,vanilla_transformer_v10,2026-08-03 14:03:00
2026-02-06,601318,0.000437416136264801,0.026553982868790627,0.000437416136264801,1.0,vanilla_transformer_v10,2026-08-03 14:03:00
2026-02-06,600887,0.00037342309951782227,0.0,0.00037342309951782227,1.0,vanilla_transformer_v10,2026-08-03 14:03:00
2026-02-06,603501,0.0003425180912017822,0.00910912174731493,0.0003425180912017822,1.0,vanilla_transformer_v10,2026-08-03 14:03:00
2026-02-06,000858,0.000332660973072052,0.003357060020789504,0.000332660973072052,1.0,vanilla_transformer_v10,2026-08-03 14:03:00
2026-02-06,300750,0.0003090798854827881,-0.0007906589889898896,0.0003090798854827881,1.0,vanilla_transformer_v10,2026-08-03 14:03:00
2026-02-06,000568,0.00012411177158355713,-0.01261722669005394,0.00012411177158355713,1.0,vanilla_transformer_v10,2026-08-03 14:03:00
2026-02-06,600519,-8.772313594818115e-05,0.00654569361358881,8.772313594818115e-05,0.0,vanilla_transformer_v10,2026-08-03 14:03:00
2026-02-06,002594,-8.890032768249512e-05,0.002682102145627141,8.890032768249512e-05,0.0,vanilla_transformer_v10,2026-08-03 14:03:00
2026-02-09,300454,0.0031724870204925537,0.014583518728613853,0.0031724870204925537,1.0,vanilla_transformer_v10,2026-08-03 14:03:00
2026-02-09,601012,0.0027785226702690125,-0.019482869654893875,0.0027785226702690125,1.0,vanilla_transformer_v10,2026-08-03 14:03:00
2026-02-09,002230,0.0019170567393302917,0.007940199226140976,0.0019170567393302917,1.0,vanilla_transformer_v10,2026-08-03 14:03:00
2026-02-09,600584,0.0018216222524642944,-0.011194038204848766,0.0018216222524642944,1.0,vanilla_transformer_v10,2026-08-03 14:03:00
2026-02-09,300308,0.0017428696155548096,-0.018328998237848282,0.0017428696155548096,1.0,vanilla_transformer_v10,2026-08-03 14:03:00
2026-02-09,601138,0.0017365440726280212,0.009781132452189922,0.0017365440726280212,1.0,vanilla_transformer_v10,2026-08-03 14:03:00
2026-02-09,600438,0.0014699921011924744,-0.012146285735070705,0.0014699921011924744,1.0,vanilla_transformer_v10,2026-08-03 14:03:00
2026-02-09,002465,0.0012768357992172241,-0.01797485165297985,0.0012768357992172241,1.0,vanilla_transformer_v10,2026-08-03 14:03:00
2026-02-09,601318,0.0012602582573890686,-0.007414868101477623,0.0012602582573890686,1.0,vanilla_transformer_v10,2026-08-03 14:03:00
2026-02-09,688012,0.0010598748922348022,-0.0045870342291891575,0.0010598748922348022,1.0,vanilla_transformer_v10,2026-08-03 14:03:00
2026-02-09,000977,0.0010350793600082397,0.024657268077135086,0.0010350793600082397,1.0,vanilla_transformer_v10,2026-08-03 14:03:00
2026-02-09,000568,0.0006241723895072937,-0.025890100747346878,0.0006241723895072937,1.0,vanilla_transformer_v10,2026-08-03 14:03:00
2026-02-09,002371,0.0004189237952232361,-0.0022776536643505096,0.0004189237952232361,1.0,vanilla_transformer_v10,2026-08-03 14:03:00
2026-02-09,688981,0.00040740519762039185,0.0109895970672369,0.00040740519762039185,1.0,vanilla_transformer_v10,2026-08-03 14:03:00
2026-02-09,603501,0.00018664449453353882,0.00699368491768837,0.00018664449453353882,1.0,vanilla_transformer_v10,2026-08-03 14:03:00
2026-02-09,000858,0.00016774237155914307,-0.008040507324039936,0.00016774237155914307,1.0,vanilla_transformer_v10,2026-08-03 14:03:00
2026-02-09,300782,-5.329400300979614e-05,-0.0025155346374958754,5.329400300979614e-05,0.0,vanilla_transformer_v10,2026-08-03 14:03:00
2026-02-09,600887,-6.215274333953857e-05,-0.012258170172572136,6.215274333953857e-05,0.0,vanilla_transformer_v10,2026-08-03 14:03:00
2026-02-09,600519,-9.720772504806519e-05,-0.01330835372209549,9.720772504806519e-05,0.0,vanilla_transformer_v10,2026-08-03 14:03:00
2026-02-09,300750,-0.00033455342054367065,-0.010492858476936817,0.00033455342054367065,0.0,vanilla_transformer_v10,2026-08-03 14:03:00
2026-02-09,600036,-0.0003630891442298889,-0.0035864298697561026,0.0003630891442298889,0.0,vanilla_transformer_v10,2026-08-03 14:03:00
2026-02-09,002594,-0.00048294663429260254,0.008283074013888836,0.00048294663429260254,0.0,vanilla_transformer_v10,2026-08-03 14:03:00
2026-02-10,300454,0.004361070692539215,0.02321147732436657,0.004361070692539215,1.0,vanilla_transformer_v10,2026-08-03 14:03:00
2026-02-10,601012,0.0028005093336105347,-0.011765479110181332,0.0028005093336105347,1.0,vanilla_transformer_v10,2026-08-03 14:03:00
2026-02-10,002230,0.0027522817254066467,-0.006874391809105873,0.0027522817254066467,1.0,vanilla_transformer_v10,2026-08-03 14:03:00
2026-02-10,000977,0.002231515944004059,0.0013165290001779795,0.002231515944004059,1.0,vanilla_transformer_v10,2026-08-03 14:03:00
2026-02-10,300308,0.0021785348653793335,-0.043773386627435684,0.0021785348653793335,1.0,vanilla_transformer_v10,2026-08-03 14:03:00
2026-02-10,002465,0.002137593924999237,-0.016618678346276283,0.002137593924999237,1.0,vanilla_transformer_v10,2026-08-03 14:03:00
2026-02-10,601138,0.002088598906993866,-0.01569606550037861,0.002088598906993866,1.0,vanilla_transformer_v10,2026-08-03 14:03:00
2026-02-10,600584,0.0012526735663414001,-0.0011088092578575015,0.0012526735663414001,1.0,vanilla_transformer_v10,2026-08-03 14:03:00
2026-02-10,688012,0.0010474547743797302,-0.010412748903036118,0.0010474547743797302,1.0,vanilla_transformer_v10,2026-08-03 14:03:00
2026-02-10,000568,0.0010273531079292297,-0.0021170403342694044,0.0010273531079292297,1.0,vanilla_transformer_v10,2026-08-03 14:03:00
2026-02-10,600887,0.000959247350692749,0.00447533093392849,0.000959247350692749,1.0,vanilla_transformer_v10,2026-08-03 14:03:00
2026-02-10,688981,0.0008813962340354919,-0.010293763130903244,0.0008813962340354919,1.0,vanilla_transformer_v10,2026-08-03 14:03:00
2026-02-10,600438,0.0006385892629623413,-0.009571763686835766,0.0006385892629623413,1.0,vanilla_transformer_v10,2026-08-03 14:03:00
2026-02-10,002594,0.0006292983889579773,0.01605360209941864,0.0006292983889579773,1.0,vanilla_transformer_v10,2026-08-03 14:03:00
2026-02-10,603501,0.00038515031337738037,-0.004574403632432222,0.00038515031337738037,1.0,vanilla_transformer_v10,2026-08-03 14:03:00
2026-02-10,601318,0.0002695620059967041,-0.010209211148321629,0.0002695620059967041,1.0,vanilla_transformer_v10,2026-08-03 14:03:00
2026-02-10,300782,0.00010250508785247803,-0.004518669098615646,0.00010250508785247803,1.0,vanilla_transformer_v10,2026-08-03 14:03:00
2026-02-10,002371,9.714066982269287e-05,-0.016494719311594963,9.714066982269287e-05,1.0,vanilla_transformer_v10,2026-08-03 14:03:00
2026-02-10,000858,6.178021430969238e-05,-0.004327799193561077,6.178021430969238e-05,1.0,vanilla_transformer_v10,2026-08-03 14:03:00
2026-02-10,600036,-1.1369585990905762e-05,0.0015451037324965,1.1369585990905762e-05,0.0,vanilla_transformer_v10,2026-08-03 14:03:00
2026-02-10,600519,-0.0005288273096084595,-0.00031227405997924507,0.0005288273096084595,0.0,vanilla_transformer_v10,2026-08-03 14:03:00
2026-02-10,300750,-0.0007077381014823914,0.008272850885987282,0.0007077381014823914,0.0,vanilla_transformer_v10,2026-08-03 14:03:00
2026-02-11,300454,0.0038745030760765076,0.05195973813533783,0.0038745030760765076,1.0,vanilla_transformer_v10,2026-08-03 14:03:00
2026-02-11,300308,0.0027655139565467834,-0.0084011135622859,0.0027655139565467834,1.0,vanilla_transformer_v10,2026-08-03 14:03:00
2026-02-11,601012,0.0020733997225761414,-0.0053865741938352585,0.0020733997225761414,1.0,vanilla_transformer_v10,2026-08-03 14:03:00
2026-02-11,002465,0.0019585713744163513,-0.012749304994940758,0.0019585713744163513,1.0,vanilla_transformer_v10,2026-08-03 14:03:00
2026-02-11,002230,0.0011539608240127563,0.023279109969735146,0.0011539608240127563,1.0,vanilla_transformer_v10,2026-08-03 14:03:00
2026-02-11,000977,0.001081712543964386,0.04240851476788521,0.001081712543964386,1.0,vanilla_transformer_v10,2026-08-03 14:03:00
2026-02-11,002594,0.0008809193968772888,-0.01221616379916668,0.0008809193968772888,1.0,vanilla_transformer_v10,2026-08-03 14:03:00
2026-02-11,000568,0.0007537305355072021,-0.019866816699504852,0.0007537305355072021,1.0,vanilla_transformer_v10,2026-08-03 14:03:00
2026-02-11,688012,0.00054217129945755,-0.005377052817493677,0.00054217129945755,1.0,vanilla_transformer_v10,2026-08-03 14:03:00
2026-02-11,688981,0.00034465640783309937,0.013558651320636272,0.00034465640783309937,1.0,vanilla_transformer_v10,2026-08-03 14:03:00
2026-02-11,600887,0.0003357306122779846,-0.00972578302025795,0.0003357306122779846,1.0,vanilla_transformer_v10,2026-08-03 14:03:00
2026-02-11,601318,0.0003337562084197998,-0.014287998899817467,0.0003337562084197998,1.0,vanilla_transformer_v10,2026-08-03 14:03:00
2026-02-11,601138,0.0003192201256752014,0.0024308732245117426,0.0003192201256752014,1.0,vanilla_transformer_v10,2026-08-03 14:03:00
2026-02-11,600584,0.0002648159861564636,0.009530522860586643,0.0002648159861564636,1.0,vanilla_transformer_v10,2026-08-03 14:03:00
2026-02-11,600438,1.0661780834197998e-05,-0.013497197069227695,1.0661780834197998e-05,1.0,vanilla_transformer_v10,2026-08-03 14:03:00
2026-02-11,600036,-4.207342863082886e-05,-0.010453136637806892,4.207342863082886e-05,0.0,vanilla_transformer_v10,2026-08-03 14:03:00
2026-02-11,002371,-7.171183824539185e-05,0.0001075887557817623,7.171183824539185e-05,0.0,vanilla_transformer_v10,2026-08-03 14:03:00
2026-02-11,000858,-9.417533874511719e-05,-0.013485059142112732,9.417533874511719e-05,0.0,vanilla_transformer_v10,2026-08-03 14:03:00
2026-02-11,300782,-0.000526033341884613,0.0005311816348694265,0.000526033341884613,0.0,vanilla_transformer_v10,2026-08-03 14:03:00
2026-02-11,300750,-0.000555671751499176,0.021163996309041977,0.000555671751499176,0.0,vanilla_transformer_v10,2026-08-03 14:03:00
2026-02-11,600519,-0.0006488263607025146,-0.01185575220733881,0.0006488263607025146,0.0,vanilla_transformer_v10,2026-08-03 14:03:00
2026-02-11,603501,-0.0007549077272415161,-0.0020467026624828577,0.0007549077272415161,0.0,vanilla_transformer_v10,2026-08-03 14:03:00
2026-02-12,300454,0.0035640671849250793,-0.05460282415151596,0.0035640671849250793,1.0,vanilla_transformer_v10,2026-08-03 14:03:00
2026-02-12,300308,0.0035255327820777893,0.006689409725368023,0.0035255327820777893,1.0,vanilla_transformer_v10,2026-08-03 14:03:00
2026-02-12,002230,0.002742484211921692,-0.011835061945021152,0.002742484211921692,1.0,vanilla_transformer_v10,2026-08-03 14:03:00
2026-02-12,688012,0.0026921331882476807,-0.001442626933567226,0.0026921331882476807,1.0,vanilla_transformer_v10,2026-08-03 14:03:00
2026-02-12,000977,0.0021625980734825134,0.008605562150478363,0.0021625980734825134,1.0,vanilla_transformer_v10,2026-08-03 14:03:00
2026-02-12,601138,0.0018755197525024414,-0.01052561029791832,0.0018755197525024414,1.0,vanilla_transformer_v10,2026-08-03 14:03:00
2026-02-12,601012,0.0018667951226234436,-0.01965787634253502,0.0018667951226234436,1.0,vanilla_transformer_v10,2026-08-03 14:03:00
2026-02-12,600584,0.0014765635132789612,-0.010815945453941822,0.0014765635132789612,1.0,vanilla_transformer_v10,2026-08-03 14:03:00
2026-02-12,000568,0.0013605281710624695,0.005432615987956524,0.0013605281710624695,1.0,vanilla_transformer_v10,2026-08-03 14:03:00
2026-02-12,688981,0.0010974481701850891,0.002997732488438487,0.0010974481701850891,1.0,vanilla_transformer_v10,2026-08-03 14:03:00
2026-02-12,002465,0.0010635331273078918,-0.023000849410891533,0.0010635331273078918,1.0,vanilla_transformer_v10,2026-08-03 14:03:00
2026-02-12,603501,0.0009797737002372742,-0.010610510595142841,0.0009797737002372742,1.0,vanilla_transformer_v10,2026-08-03 14:03:00
2026-02-12,002371,0.0009182170033454895,0.023035751655697823,0.0009182170033454895,1.0,vanilla_transformer_v10,2026-08-03 14:03:00
2026-02-12,600438,0.0008940473198890686,-0.02250530570745468,0.0008940473198890686,1.0,vanilla_transformer_v10,2026-08-03 14:03:00
2026-02-12,600036,0.0008036866784095764,-0.007230223156511784,0.0008036866784095764,1.0,vanilla_transformer_v10,2026-08-03 14:03:00
2026-02-12,601318,0.0008000731468200684,-0.018982701003551483,0.0008000731468200684,1.0,vanilla_transformer_v10,2026-08-03 14:03:00
2026-02-12,300782,0.00070200115442276,-0.0167535450309515,0.00070200115442276,1.0,vanilla_transformer_v10,2026-08-03 14:03:00
2026-02-12,000858,0.0006615296006202698,0.01367384847253561,0.0006615296006202698,1.0,vanilla_transformer_v10,2026-08-03 14:03:00
2026-02-12,600887,0.000310458242893219,-0.004894022364169359,0.000310458242893219,1.0,vanilla_transformer_v10,2026-08-03 14:03:00
2026-02-12,002594,0.00028698891401290894,-0.009797139093279839,0.00028698891401290894,1.0,vanilla_transformer_v10,2026-08-03 14:03:00
2026-02-12,300750,-1.7918646335601807e-05,-0.028423942625522614,1.7918646335601807e-05,0.0,vanilla_transformer_v10,2026-08-03 14:03:00
2026-02-12,600519,-0.00015591084957122803,-0.000874900899361819,0.00015591084957122803,0.0,vanilla_transformer_v10,2026-08-03 14:03:00
2026-02-13,300454,0.004507333040237427,-0.14295990765094757,0.004507333040237427,1.0,vanilla_transformer_v10,2026-08-03 14:03:00
2026-02-13,300308,0.003674045205116272,0.04240280017256737,0.003674045205116272,1.0,vanilla_transformer_v10,2026-08-03 14:03:00
2026-02-13,601012,0.002609550952911377,0.008214685134589672,0.002609550952911377,1.0,vanilla_transformer_v10,2026-08-03 14:03:00
2026-02-13,688012,0.0025262832641601562,0.021536920219659805,0.0025262832641601562,1.0,vanilla_transformer_v10,2026-08-03 14:03:00
2026-02-13,002465,0.0022652149200439453,0.018932165578007698,0.0022652149200439453,1.0,vanilla_transformer_v10,2026-08-03 14:03:00
2026-02-13,002230,0.0020439699292182922,0.0006932765245437622,0.0020439699292182922,1.0,vanilla_transformer_v10,2026-08-03 14:03:00
2026-02-13,601318,0.001965954899787903,-0.012198272161185741,0.001965954899787903,1.0,vanilla_transformer_v10,2026-08-03 14:03:00
2026-02-13,000977,0.001960970461368561,-0.030150549486279488,0.001960970461368561,1.0,vanilla_transformer_v10,2026-08-03 14:03:00
2026-02-13,000568,0.0019482672214508057,-0.03278903663158417,0.0019482672214508057,1.0,vanilla_transformer_v10,2026-08-03 14:03:00
2026-02-13,600438,0.001925356686115265,0.00832418818026781,0.001925356686115265,1.0,vanilla_transformer_v10,2026-08-03 14:03:00
2026-02-13,002371,0.0018820390105247498,0.002485058270394802,0.0018820390105247498,1.0,vanilla_transformer_v10,2026-08-03 14:03:00
2026-02-13,600584,0.0017980188131332397,0.01312674954533577,0.0017980188131332397,1.0,vanilla_transformer_v10,2026-08-03 14:03:00
2026-02-13,000858,0.0017749518156051636,-0.008525579236447811,0.0017749518156051636,1.0,vanilla_transformer_v10,2026-08-03 14:03:00
2026-02-13,601138,0.0016904324293136597,0.011435666121542454,0.0016904324293136597,1.0,vanilla_transformer_v10,2026-08-03 14:03:00
2026-02-13,600036,0.0014204904437065125,0.0059445807710289955,0.0014204904437065125,1.0,vanilla_transformer_v10,2026-08-03 14:03:00
2026-02-13,300782,0.0013004019856452942,0.02443668618798256,0.0013004019856452942,1.0,vanilla_transformer_v10,2026-08-03 14:03:00
2026-02-13,600887,0.0012758448719978333,-0.004164830315858126,0.0012758448719978333,1.0,vanilla_transformer_v10,2026-08-03 14:03:00
2026-02-13,603501,0.0012211725115776062,0.01253328938037157,0.0012211725115776062,1.0,vanilla_transformer_v10,2026-08-03 14:03:00
2026-02-13,688981,0.0011645331978797913,-0.009538203477859497,0.0011645331978797913,1.0,vanilla_transformer_v10,2026-08-03 14:03:00
2026-02-13,002594,0.0007618442177772522,0.006623585242778063,0.0007618442177772522,1.0,vanilla_transformer_v10,2026-08-03 14:03:00
2026-02-13,600519,0.0007241740822792053,-0.012533486820757389,0.0007241740822792053,1.0,vanilla_transformer_v10,2026-08-03 14:03:00
2026-02-13,300750,-0.00028389692306518555,-0.009311587549746037,0.00028389692306518555,0.0,vanilla_transformer_v10,2026-08-03 14:03:00
2026-02-24,300454,0.0055994316935539246,0.0014082305133342743,0.0055994316935539246,1.0,vanilla_transformer_v10,2026-08-03 14:03:00
2026-02-24,300308,0.0023352503776550293,0.021553251892328262,0.0023352503776550293,1.0,vanilla_transformer_v10,2026-08-03 14:03:00
2026-02-24,002230,0.001790747046470642,-0.0183662511408329,0.001790747046470642,1.0,vanilla_transformer_v10,2026-08-03 14:03:00
2026-02-24,000568,0.0017449632287025452,0.0037253708578646183,0.0017449632287025452,1.0,vanilla_transformer_v10,2026-08-03 14:03:00
2026-02-24,601138,0.001555025577545166,0.03559306636452675,0.001555025577545166,1.0,vanilla_transformer_v10,2026-08-03 14:03:00
2026-02-24,688012,0.0012375563383102417,0.047432851046323776,0.0012375563383102417,1.0,vanilla_transformer_v10,2026-08-03 14:03:00
2026-02-24,601012,0.001228034496307373,0.015765689313411713,0.001228034496307373,1.0,vanilla_transformer_v10,2026-08-03 14:03:00
2026-02-24,601318,0.0008693709969520569,0.008524948731064796,0.0008693709969520569,1.0,vanilla_transformer_v10,2026-08-03 14:03:00
2026-02-24,002465,0.00084647536277771,0.024326613172888756,0.00084647536277771,1.0,vanilla_transformer_v10,2026-08-03 14:03:00
2026-02-24,000977,0.0008361116051673889,-0.0130005469545722,0.0008361116051673889,1.0,vanilla_transformer_v10,2026-08-03 14:03:00
2026-02-24,600584,0.0008242502808570862,0.0038586738519370556,0.0008242502808570862,1.0,vanilla_transformer_v10,2026-08-03 14:03:00
2026-02-24,600438,0.0006234422326087952,0.0,0.0006234422326087952,1.0,vanilla_transformer_v10,2026-08-03 14:03:00
2026-02-24,000858,0.0004029199481010437,9.790909825824201e-05,0.0004029199481010437,1.0,vanilla_transformer_v10,2026-08-03 14:03:00
2026-02-24,600036,0.00031226128339767456,-0.004143652506172657,0.00031226128339767456,1.0,vanilla_transformer_v10,2026-08-03 14:03:00
2026-02-24,300782,0.00025007128715515137,0.00027599703753367066,0.00025007128715515137,1.0,vanilla_transformer_v10,2026-08-03 14:03:00
2026-02-24,600887,0.00023744255304336548,-0.0026573140639811754,0.00023744255304336548,1.0,vanilla_transformer_v10,2026-08-03 14:03:00
2026-02-24,600519,9.053200483322144e-05,0.016806405037641525,9.053200483322144e-05,1.0,vanilla_transformer_v10,2026-08-03 14:03:00
2026-02-24,688981,-5.714595317840576e-06,0.002672991482540965,5.714595317840576e-06,0.0,vanilla_transformer_v10,2026-08-03 14:03:00
2026-02-24,603501,-1.1399388313293457e-05,0.004760000389069319,1.1399388313293457e-05,0.0,vanilla_transformer_v10,2026-08-03 14:03:00
2026-02-24,002371,-7.655471563339233e-05,0.017633730545639992,7.655471563339233e-05,0.0,vanilla_transformer_v10,2026-08-03 14:03:00
2026-02-24,300750,-0.00024118274450302124,0.000633066229056567,0.00024118274450302124,0.0,vanilla_transformer_v10,2026-08-03 14:03:00
2026-02-24,002594,-0.0003321841359138489,0.006371777039021254,0.0003321841359138489,0.0,vanilla_transformer_v10,2026-08-03 14:03:00
2026-02-25,300454,0.005268312990665436,-0.014965622685849667,0.005268312990665436,1.0,vanilla_transformer_v10,2026-08-03 14:03:00
2026-02-25,601138,0.002884708344936371,0.009754754602909088,0.002884708344936371,1.0,vanilla_transformer_v10,2026-08-03 14:03:00
2026-02-25,600584,0.0027350783348083496,0.037678588181734085,0.0027350783348083496,1.0,vanilla_transformer_v10,2026-08-03 14:03:00
2026-02-25,601012,0.002420075237751007,-0.016292743384838104,0.002420075237751007,1.0,vanilla_transformer_v10,2026-08-03 14:03:00
2026-02-25,002230,0.002231590449810028,-0.007689620368182659,0.002231590449810028,1.0,vanilla_transformer_v10,2026-08-03 14:03:00
2026-02-25,688012,0.0021419450640678406,-0.004889721050858498,0.0021419450640678406,1.0,vanilla_transformer_v10,2026-08-03 14:03:00
2026-02-25,000568,0.00192338228225708,-0.017148679122328758,0.00192338228225708,1.0,vanilla_transformer_v10,2026-08-03 14:03:00
2026-02-25,002465,0.0018251389265060425,0.003971095662564039,0.0018251389265060425,1.0,vanilla_transformer_v10,2026-08-03 14:03:00
2026-02-25,300308,0.0017595812678337097,0.010804954916238785,0.0017595812678337097,1.0,vanilla_transformer_v10,2026-08-03 14:03:00
2026-02-25,600887,0.0015842169523239136,-0.006869005970656872,0.0015842169523239136,1.0,vanilla_transformer_v10,2026-08-03 14:03:00
2026-02-25,601318,0.0013875365257263184,-0.024135848507285118,0.0013875365257263184,1.0,vanilla_transformer_v10,2026-08-03 14:03:00
2026-02-25,000977,0.0012790188193321228,0.007959578186273575,0.0012790188193321228,1.0,vanilla_transformer_v10,2026-08-03 14:03:00
2026-02-25,600036,0.000757172703742981,-0.002032051794230938,0.000757172703742981,1.0,vanilla_transformer_v10,2026-08-03 14:03:00
2026-02-25,000858,0.0006234273314476013,-0.012341072782874107,0.0006234273314476013,1.0,vanilla_transformer_v10,2026-08-03 14:03:00
2026-02-25,688981,0.0004939213395118713,0.004467745311558247,0.0004939213395118713,1.0,vanilla_transformer_v10,2026-08-03 14:03:00
2026-02-25,002594,0.0003769993782043457,-0.01764751598238945,0.0003769993782043457,1.0,vanilla_transformer_v10,2026-08-03 14:03:00
2026-02-25,603501,0.00037466734647750854,0.039600156247615814,0.00037466734647750854,1.0,vanilla_transformer_v10,2026-08-03 14:03:00
2026-02-25,600519,0.000229664146900177,-0.017208699136972427,0.000229664146900177,1.0,vanilla_transformer_v10,2026-08-03 14:03:00
2026-02-25,002371,0.0002214685082435608,-0.014457658864557743,0.0002214685082435608,1.0,vanilla_transformer_v10,2026-08-03 14:03:00
2026-02-25,300782,0.00022117793560028076,0.012192992493510246,0.00022117793560028076,1.0,vanilla_transformer_v10,2026-08-03 14:03:00
2026-02-25,300750,-0.00022721290588378906,-0.04570323973894119,0.00022721290588378906,0.0,vanilla_transformer_v10,2026-08-03 14:03:00
2026-02-25,600438,-0.000375896692276001,0.0,0.000375896692276001,0.0,vanilla_transformer_v10,2026-08-03 14:03:00
2026-02-26,300454,0.005050070583820343,0.04537948593497276,0.005050070583820343,1.0,vanilla_transformer_v10,2026-08-03 14:03:00
2026-02-26,600584,0.0029179081320762634,-0.011580776423215866,0.0029179081320762634,1.0,vanilla_transformer_v10,2026-08-03 14:03:00
2026-02-26,601318,0.0028352737426757812,-0.006454888731241226,0.0028352737426757812,1.0,vanilla_transformer_v10,2026-08-03 14:03:00
2026-02-26,601138,0.002503037452697754,-0.03960328549146652,0.002503037452697754,1.0,vanilla_transformer_v10,2026-08-03 14:03:00
2026-02-26,000568,0.0021150410175323486,-0.004513746593147516,0.0021150410175323486,1.0,vanilla_transformer_v10,2026-08-03 14:03:00
2026-02-26,601012,0.0020322203636169434,0.0027155105490237474,0.0020322203636169434,1.0,vanilla_transformer_v10,2026-08-03 14:03:00
2026-02-26,300750,0.0016687437891960144,-0.01159986387938261,0.0016687437891960144,1.0,vanilla_transformer_v10,2026-08-03 14:03:00
2026-02-26,002230,0.0016283467411994934,0.002328871749341488,0.0016283467411994934,1.0,vanilla_transformer_v10,2026-08-03 14:03:00
2026-02-26,300308,0.001461215317249298,-0.06912630796432495,0.001461215317249298,1.0,vanilla_transformer_v10,2026-08-03 14:03:00
2026-02-26,000977,0.0013950318098068237,0.012742224149405956,0.0013950318098068237,1.0,vanilla_transformer_v10,2026-08-03 14:03:00
2026-02-26,688012,0.0012509003281593323,-0.04067982733249664,0.0012509003281593323,1.0,vanilla_transformer_v10,2026-08-03 14:03:00
2026-02-26,603501,0.0011224299669265747,0.003254922339692712,0.0011224299669265747,1.0,vanilla_transformer_v10,2026-08-03 14:03:00
2026-02-26,600887,0.0010608062148094177,-0.0015308113070204854,0.0010608062148094177,1.0,vanilla_transformer_v10,2026-08-03 14:03:00
2026-02-26,000858,0.0008732900023460388,0.0016341445734724402,0.0008732900023460388,1.0,vanilla_transformer_v10,2026-08-03 14:03:00
2026-02-26,002465,0.0008252635598182678,0.006872336380183697,0.0008252635598182678,1.0,vanilla_transformer_v10,2026-08-03 14:03:00
2026-02-26,002594,0.0006709024310112,-0.00591686274856329,0.0006709024310112,1.0,vanilla_transformer_v10,2026-08-03 14:03:00
2026-02-26,688981,0.0006560236215591431,-0.014245870523154736,0.0006560236215591431,1.0,vanilla_transformer_v10,2026-08-03 14:03:00
2026-02-26,600036,0.0006472095847129822,0.001293601468205452,0.0006472095847129822,1.0,vanilla_transformer_v10,2026-08-03 14:03:00
2026-02-26,300782,0.00038355588912963867,0.04409395903348923,0.00038355588912963867,1.0,vanilla_transformer_v10,2026-08-03 14:03:00
2026-02-26,002371,0.00031907856464385986,-0.035392653197050095,0.00031907856464385986,1.0,vanilla_transformer_v10,2026-08-03 14:03:00
2026-02-26,600519,3.255903720855713e-06,-0.007661640178412199,3.255903720855713e-06,1.0,vanilla_transformer_v10,2026-08-03 14:03:00
2026-02-26,600438,-0.0006634369492530823,0.0,0.0006634369492530823,0.0,vanilla_transformer_v10,2026-08-03 14:03:00
2026-02-27,300454,0.004929929971694946,-0.04284322261810303,0.004929929971694946,1.0,vanilla_transformer_v10,2026-08-03 14:03:00
2026-02-27,601138,0.0022539570927619934,-0.003019325900822878,0.0022539570927619934,1.0,vanilla_transformer_v10,2026-08-03 14:03:00
2026-02-27,000977,0.002005048096179962,-0.041873764246702194,0.002005048096179962,1.0,vanilla_transformer_v10,2026-08-03 14:03:00
2026-02-27,300308,0.001981683075428009,0.06625797599554062,0.001981683075428009,1.0,vanilla_transformer_v10,2026-08-03 14:03:00
2026-02-27,601318,0.0018019378185272217,-0.011806752532720566,0.0018019378185272217,1.0,vanilla_transformer_v10,2026-08-03 14:03:00
2026-02-27,601012,0.0017427578568458557,-0.010962520726025105,0.0017427578568458557,1.0,vanilla_transformer_v10,2026-08-03 14:03:00
2026-02-27,002230,0.0016015395522117615,-0.02722996659576893,0.0016015395522117615,1.0,vanilla_transformer_v10,2026-08-03 14:03:00
2026-02-27,000568,0.0015237927436828613,-0.021313566714525223,0.0015237927436828613,1.0,vanilla_transformer_v10,2026-08-03 14:03:00
2026-02-27,600584,0.0013802871108055115,-0.029264282435178757,0.0013802871108055115,1.0,vanilla_transformer_v10,2026-08-03 14:03:00
2026-02-27,300750,0.0012436136603355408,-0.0052534444257617,0.0012436136603355408,1.0,vanilla_transformer_v10,2026-08-03 14:03:00
2026-02-27,002465,0.0009302273392677307,0.058775272220373154,0.0009302273392677307,1.0,vanilla_transformer_v10,2026-08-03 14:03:00
2026-02-27,688012,0.000825740396976471,-0.010006461292505264,0.000825740396976471,1.0,vanilla_transformer_v10,2026-08-03 14:03:00
2026-02-27,600887,0.0008075311779975891,-0.003073327476158738,0.0008075311779975891,1.0,vanilla_transformer_v10,2026-08-03 14:03:00
2026-02-27,002371,0.000628545880317688,-0.012968833558261395,0.000628545880317688,1.0,vanilla_transformer_v10,2026-08-03 14:03:00
2026-02-27,600036,0.0005955547094345093,-0.0020798195619136095,0.0005955547094345093,1.0,vanilla_transformer_v10,2026-08-03 14:03:00
2026-02-27,000858,0.00011803954839706421,-0.008009117096662521,0.00011803954839706421,1.0,vanilla_transformer_v10,2026-08-03 14:03:00
2026-02-27,600519,0.00010139495134353638,-0.010299663990736008,0.00010139495134353638,1.0,vanilla_transformer_v10,2026-08-03 14:03:00
2026-02-27,002594,-9.247660636901855e-05,0.08030235767364502,9.247660636901855e-05,0.0,vanilla_transformer_v10,2026-08-03 14:03:00
2026-02-27,300782,-0.00017235428094863892,0.00918249785900116,0.00017235428094863892,0.0,vanilla_transformer_v10,2026-08-03 14:03:00
2026-02-27,688981,-0.00036562979221343994,-0.021712275221943855,0.00036562979221343994,0.0,vanilla_transformer_v10,2026-08-03 14:03:00
2026-02-27,603501,-0.0010066106915473938,-0.03364691138267517,0.0010066106915473938,0.0,vanilla_transformer_v10,2026-08-03 14:03:00
2026-02-27,600438,-0.001052170991897583,0.0,0.001052170991897583,0.0,vanilla_transformer_v10,2026-08-03 14:03:00
2026-03-02,300454,0.004425153136253357,-0.058262575417757034,0.004425153136253357,1.0,vanilla_transformer_v10,2026-08-03 14:03:00
2026-03-02,002465,0.0023436322808265686,-0.10163955390453339,0.0023436322808265686,1.0,vanilla_transformer_v10,2026-08-03 14:03:00
2026-03-02,300308,0.0022814497351646423,-0.011954229325056076,0.0022814497351646423,1.0,vanilla_transformer_v10,2026-08-03 14:03:00
2026-03-02,000568,0.0022096484899520874,-0.006211682688444853,0.0022096484899520874,1.0,vanilla_transformer_v10,2026-08-03 14:03:00
2026-03-02,002594,0.001984909176826477,-0.01646590419113636,0.001984909176826477,1.0,vanilla_transformer_v10,2026-08-03 14:03:00
2026-03-02,601318,0.0017801150679588318,0.0035260787699371576,0.0017801150679588318,1.0,vanilla_transformer_v10,2026-08-03 14:03:00
2026-03-02,688012,0.0017452612519264221,-0.04584870859980583,0.0017452612519264221,1.0,vanilla_transformer_v10,2026-08-03 14:03:00
2026-03-02,601012,0.0016823261976242065,-0.00721599068492651,0.0016823261976242065,1.0,vanilla_transformer_v10,2026-08-03 14:03:00
2026-03-02,002230,0.0016009733080863953,-0.04076741263270378,0.0016009733080863953,1.0,vanilla_transformer_v10,2026-08-03 14:03:00
2026-03-02,000977,0.0012624338269233704,-0.04217652603983879,0.0012624338269233704,1.0,vanilla_transformer_v10,2026-08-03 14:03:00
2026-03-02,300750,0.0011446774005889893,0.011251898482441902,0.0011446774005889893,1.0,vanilla_transformer_v10,2026-08-03 14:03:00
2026-03-02,600887,0.0008313283324241638,-0.002695180708542466,0.0008313283324241638,1.0,vanilla_transformer_v10,2026-08-03 14:03:00
2026-03-02,601138,0.0008080378174781799,-0.011863256804645061,0.0008080378174781799,1.0,vanilla_transformer_v10,2026-08-03 14:03:00
2026-03-02,000858,0.0005768090486526489,-0.006510696839541197,0.0005768090486526489,1.0,vanilla_transformer_v10,2026-08-03 14:03:00
2026-03-02,002371,0.0005211979150772095,-0.04308030381798744,0.0005211979150772095,1.0,vanilla_transformer_v10,2026-08-03 14:03:00
2026-03-02,600519,0.0001507773995399475,-0.009713114239275455,0.0001507773995399475,1.0,vanilla_transformer_v10,2026-08-03 14:03:00
2026-03-02,600036,6.627291440963745e-05,0.01309972070157528,6.627291440963745e-05,1.0,vanilla_transformer_v10,2026-08-03 14:03:00
2026-03-02,600584,-1.6219913959503174e-05,0.016924360767006874,1.6219913959503174e-05,0.0,vanilla_transformer_v10,2026-08-03 14:03:00
2026-03-02,688981,-9.506195783615112e-05,-0.03822236508131027,9.506195783615112e-05,0.0,vanilla_transformer_v10,2026-08-03 14:03:00
2026-03-02,300782,-0.0005553960800170898,-0.03688123822212219,0.0005553960800170898,0.0,vanilla_transformer_v10,2026-08-03 14:03:00
2026-03-02,603501,-0.0006977245211601257,-0.021931380033493042,0.0006977245211601257,0.0,vanilla_transformer_v10,2026-08-03 14:03:00
2026-03-02,600438,-0.001066640019416809,0.0,0.001066640019416809,0.0,vanilla_transformer_v10,2026-08-03 14:03:00
2026-03-03,300454,0.005860656499862671,-0.021285519003868103,0.005860656499862671,1.0,vanilla_transformer_v10,2026-08-03 14:03:00
2026-03-03,002230,0.0030716434121131897,-0.008277351036667824,0.0030716434121131897,1.0,vanilla_transformer_v10,2026-08-03 14:03:00
2026-03-03,601012,0.002794124186038971,-0.018515096977353096,0.002794124186038971,1.0,vanilla_transformer_v10,2026-08-03 14:03:00
2026-03-03,000568,0.0027590468525886536,-0.036567576229572296,0.0027590468525886536,1.0,vanilla_transformer_v10,2026-08-03 14:03:00
2026-03-03,000977,0.0027007311582565308,-0.006841299124062061,0.0027007311582565308,1.0,vanilla_transformer_v10,2026-08-03 14:03:00
2026-03-03,002465,0.002444244921207428,0.011194298975169659,0.002444244921207428,1.0,vanilla_transformer_v10,2026-08-03 14:03:00
2026-03-03,688012,0.0024433881044387817,-0.002269335091114044,0.0024433881044387817,1.0,vanilla_transformer_v10,2026-08-03 14:03:00
2026-03-03,600584,0.002325780689716339,0.006104473024606705,0.002325780689716339,1.0,vanilla_transformer_v10,2026-08-03 14:03:00
2026-03-03,601318,0.0021207183599472046,-0.012576845474541187,0.0021207183599472046,1.0,vanilla_transformer_v10,2026-08-03 14:03:00
2026-03-03,601138,0.0020331665873527527,-0.020558727905154228,0.0020331665873527527,1.0,vanilla_transformer_v10,2026-08-03 14:03:00
2026-03-03,600036,0.001825869083404541,-0.014905736781656742,0.001825869083404541,1.0,vanilla_transformer_v10,2026-08-03 14:03:00
2026-03-03,300308,0.0017907693982124329,-0.044983502477407455,0.0017907693982124329,1.0,vanilla_transformer_v10,2026-08-03 14:03:00
2026-03-03,002371,0.0016072243452072144,0.005900947377085686,0.0016072243452072144,1.0,vanilla_transformer_v10,2026-08-03 14:03:00
2026-03-03,688981,0.0015430524945259094,-0.015070052817463875,0.0015430524945259094,1.0,vanilla_transformer_v10,2026-08-03 14:03:00
2026-03-03,600887,0.0014429688453674316,-0.01202524732798338,0.0014429688453674316,1.0,vanilla_transformer_v10,2026-08-03 14:03:00
2026-03-03,000858,0.0013755261898040771,-0.015033820644021034,0.0013755261898040771,1.0,vanilla_transformer_v10,2026-08-03 14:03:00
2026-03-03,300750,0.0011242479085922241,-0.015133312903344631,0.0011242479085922241,1.0,vanilla_transformer_v10,2026-08-03 14:03:00
2026-03-03,600519,0.0010139718651771545,-0.017691422253847122,0.0010139718651771545,1.0,vanilla_transformer_v10,2026-08-03 14:03:00
2026-03-03,002594,0.0005948320031166077,0.008167646825313568,0.0005948320031166077,1.0,vanilla_transformer_v10,2026-08-03 14:03:00
2026-03-03,603501,0.00025725364685058594,-0.02459736354649067,0.00025725364685058594,1.0,vanilla_transformer_v10,2026-08-03 14:03:00
2026-03-03,300782,-0.00021486729383468628,0.053680915385484695,0.00021486729383468628,0.0,vanilla_transformer_v10,2026-08-03 14:03:00
2026-03-03,600438,-0.0005911216139793396,0.0,0.0005911216139793396,0.0,vanilla_transformer_v10,2026-08-03 14:03:00
2026-03-04,300454,0.00479503720998764,8.570816135033965e-05,0.00479503720998764,1.0,vanilla_transformer_v10,2026-08-03 14:03:00
2026-03-04,000568,0.0036759451031684875,0.0027937949635088444,0.0036759451031684875,1.0,vanilla_transformer_v10,2026-08-03 14:03:00
2026-03-04,601318,0.0030018165707588196,0.004689883906394243,0.0030018165707588196,1.0,vanilla_transformer_v10,2026-08-03 14:03:00
2026-03-04,002465,0.002844594419002533,0.004701694939285517,0.002844594419002533,1.0,vanilla_transformer_v10,2026-08-03 14:03:00
2026-03-04,600584,0.0024606138467788696,0.017373282462358475,0.0024606138467788696,1.0,vanilla_transformer_v10,2026-08-03 14:03:00
2026-03-04,601012,0.002446599304676056,0.00566768366843462,0.002446599304676056,1.0,vanilla_transformer_v10,2026-08-03 14:03:00
2026-03-04,688012,0.0020483359694480896,0.02302009053528309,0.0020483359694480896,1.0,vanilla_transformer_v10,2026-08-03 14:03:00
2026-03-04,300308,0.0019751787185668945,0.032849255949258804,0.0019751787185668945,1.0,vanilla_transformer_v10,2026-08-03 14:03:00
2026-03-04,002230,0.0018425211310386658,0.009036674164235592,0.0018425211310386658,1.0,vanilla_transformer_v10,2026-08-03 14:03:00
2026-03-04,688981,0.0017274543642997742,0.0019663849379867315,0.0017274543642997742,1.0,vanilla_transformer_v10,2026-08-03 14:03:00
2026-03-04,600036,0.0016173496842384338,0.01412914413958788,0.0016173496842384338,1.0,vanilla_transformer_v10,2026-08-03 14:03:00
2026-03-04,002371,0.0015222430229187012,0.038209524005651474,0.0015222430229187012,1.0,vanilla_transformer_v10,2026-08-03 14:03:00
2026-03-04,601138,0.0014236792922019958,0.02468118444085121,0.0014236792922019958,1.0,vanilla_transformer_v10,2026-08-03 14:03:00
2026-03-04,000977,0.001295819878578186,0.016999494284391403,0.001295819878578186,1.0,vanilla_transformer_v10,2026-08-03 14:03:00
2026-03-04,300750,0.0010697916150093079,0.032945506274700165,0.0010697916150093079,1.0,vanilla_transformer_v10,2026-08-03 14:03:00
2026-03-04,600519,0.0007081255316734314,-0.0015291367890313268,0.0007081255316734314,1.0,vanilla_transformer_v10,2026-08-03 14:03:00
2026-03-04,300782,0.0006731674075126648,0.005690931808203459,0.0006731674075126648,1.0,vanilla_transformer_v10,2026-08-03 14:03:00
2026-03-04,603501,0.0006440356373786926,0.005681289359927177,0.0006440356373786926,1.0,vanilla_transformer_v10,2026-08-03 14:03:00
2026-03-04,600887,0.0004394426941871643,0.001945103402249515,0.0004394426941871643,1.0,vanilla_transformer_v10,2026-08-03 14:03:00
2026-03-04,000858,0.00025299936532974243,0.0042492179200053215,0.00025299936532974243,1.0,vanilla_transformer_v10,2026-08-03 14:03:00
2026-03-04,002594,0.00019326061010360718,-0.015965675935149193,0.00019326061010360718,1.0,vanilla_transformer_v10,2026-08-03 14:03:00
2026-03-04,600438,-0.0007919594645500183,0.0,0.0007919594645500183,0.0,vanilla_transformer_v10,2026-08-03 14:03:00
2026-03-05,300454,0.004154317080974579,0.012350567616522312,0.004154317080974579,1.0,vanilla_transformer_v10,2026-08-03 14:03:00
2026-03-05,000568,0.0023262277245521545,0.01953139342367649,0.0023262277245521545,1.0,vanilla_transformer_v10,2026-08-03 14:03:00
2026-03-05,300308,0.001824595034122467,-0.020898614078760147,0.001824595034122467,1.0,vanilla_transformer_v10,2026-08-03 14:03:00
2026-03-05,688012,0.0017163380980491638,-0.01237504929304123,0.0017163380980491638,1.0,vanilla_transformer_v10,2026-08-03 14:03:00
2026-03-05,601138,0.001635715365409851,-0.014117159880697727,0.001635715365409851,1.0,vanilla_transformer_v10,2026-08-03 14:03:00
2026-03-05,002230,0.001623295247554779,0.006500898394733667,0.001623295247554779,1.0,vanilla_transformer_v10,2026-08-03 14:03:00
2026-03-05,601318,0.0014752745628356934,0.009467102587223053,0.0014752745628356934,1.0,vanilla_transformer_v10,2026-08-03 14:03:00
2026-03-05,000977,0.0013510435819625854,0.0016774587566033006,0.0013510435819625854,1.0,vanilla_transformer_v10,2026-08-03 14:03:00
2026-03-05,600584,0.001240469515323639,-0.03465232998132706,0.001240469515323639,1.0,vanilla_transformer_v10,2026-08-03 14:03:00
2026-03-05,688981,0.0010763108730316162,-0.003748832968994975,0.0010763108730316162,1.0,vanilla_transformer_v10,2026-08-03 14:03:00
2026-03-05,601012,0.0009570419788360596,0.013410842046141624,0.0009570419788360596,1.0,vanilla_transformer_v10,2026-08-03 14:03:00
2026-03-05,300750,0.0008825883269309998,0.012812635861337185,0.0008825883269309998,1.0,vanilla_transformer_v10,2026-08-03 14:03:00
2026-03-05,600519,0.0008478984236717224,0.002113861497491598,0.0008478984236717224,1.0,vanilla_transformer_v10,2026-08-03 14:03:00
2026-03-05,002371,0.0008353888988494873,-0.0019316032994538546,0.0008353888988494873,1.0,vanilla_transformer_v10,2026-08-03 14:03:00
2026-03-05,002465,0.0006587281823158264,-0.007060857955366373,0.0006587281823158264,1.0,vanilla_transformer_v10,2026-08-03 14:03:00
2026-03-05,600036,0.00045083463191986084,0.0012787726009264588,0.00045083463191986084,1.0,vanilla_transformer_v10,2026-08-03 14:03:00
2026-03-05,600887,0.00037595629692077637,0.020822174847126007,0.00037595629692077637,1.0,vanilla_transformer_v10,2026-08-03 14:03:00
2026-03-05,000858,0.00029815733432769775,0.009316489100456238,0.00029815733432769775,1.0,vanilla_transformer_v10,2026-08-03 14:03:00
2026-03-05,603501,0.0001485198736190796,0.007672590669244528,0.0001485198736190796,1.0,vanilla_transformer_v10,2026-08-03 14:03:00
2026-03-05,002594,-0.00043194741010665894,-0.00904525350779295,0.00043194741010665894,0.0,vanilla_transformer_v10,2026-08-03 14:03:00
2026-03-05,300782,-0.001393839716911316,-0.006661850493401289,0.001393839716911316,0.0,vanilla_transformer_v10,2026-08-03 14:03:00
2026-03-05,600438,-0.0014425292611122131,0.0,0.0014425292611122131,0.0,vanilla_transformer_v10,2026-08-03 14:03:00
2026-03-06,300454,0.004285432398319244,0.08055700361728668,0.004285432398319244,1.0,vanilla_transformer_v10,2026-08-03 14:03:00
2026-03-06,000568,0.0028041601181030273,-0.009192009456455708,0.0028041601181030273,1.0,vanilla_transformer_v10,2026-08-03 14:03:00
2026-03-06,601318,0.002165563404560089,-0.02047923393547535,0.002165563404560089,1.0,vanilla_transformer_v10,2026-08-03 14:03:00
2026-03-06,600584,0.002148568630218506,-0.04437097907066345,0.002148568630218506,1.0,vanilla_transformer_v10,2026-08-03 14:03:00
2026-03-06,600887,0.0019690394401550293,0.002666422165930271,0.0019690394401550293,1.0,vanilla_transformer_v10,2026-08-03 14:03:00
2026-03-06,002230,0.0019463896751403809,0.018293529748916626,0.0019463896751403809,1.0,vanilla_transformer_v10,2026-08-03 14:03:00
2026-03-06,601012,0.0019131973385810852,0.021426506340503693,0.0019131973385810852,1.0,vanilla_transformer_v10,2026-08-03 14:03:00
2026-03-06,688012,0.0016935169696807861,-0.038163598626852036,0.0016935169696807861,1.0,vanilla_transformer_v10,2026-08-03 14:03:00
2026-03-06,300308,0.0016624033451080322,-0.036384217441082,0.0016624033451080322,1.0,vanilla_transformer_v10,2026-08-03 14:03:00
2026-03-06,000977,0.0014149844646453857,0.038631342351436615,0.0014149844646453857,1.0,vanilla_transformer_v10,2026-08-03 14:03:00
2026-03-06,600519,0.0014140158891677856,-0.003572723362594843,0.0014140158891677856,1.0,vanilla_transformer_v10,2026-08-03 14:03:00
2026-03-06,688981,0.0013055577874183655,-0.012852190062403679,0.0013055577874183655,1.0,vanilla_transformer_v10,2026-08-03 14:03:00
2026-03-06,002465,0.0010978057980537415,0.0034960806369781494,0.0010978057980537415,1.0,vanilla_transformer_v10,2026-08-03 14:03:00
2026-03-06,601138,0.00093068927526474,-0.02884664759039879,0.00093068927526474,1.0,vanilla_transformer_v10,2026-08-03 14:03:00
2026-03-06,000858,0.0008040443062782288,-0.008628820069134235,0.0008040443062782288,1.0,vanilla_transformer_v10,2026-08-03 14:03:00
2026-03-06,002594,0.0007473602890968323,0.040823351591825485,0.0007473602890968323,1.0,vanilla_transformer_v10,2026-08-03 14:03:00
2026-03-06,300750,0.0006056129932403564,0.007664890494197607,0.0006056129932403564,1.0,vanilla_transformer_v10,2026-08-03 14:03:00
2026-03-06,002371,-8.766353130340576e-05,-0.027756409719586372,8.766353130340576e-05,0.0,vanilla_transformer_v10,2026-08-03 14:03:00
2026-03-06,603501,-0.00029155611991882324,-0.02507326751947403,0.00029155611991882324,0.0,vanilla_transformer_v10,2026-08-03 14:03:00
2026-03-06,600036,-0.00033804774284362793,-0.01050685252994299,0.00033804774284362793,0.0,vanilla_transformer_v10,2026-08-03 14:03:00
2026-03-06,600438,-0.0016211271286010742,0.0,0.0016211271286010742,0.0,vanilla_transformer_v10,2026-08-03 14:03:00
2026-03-06,300782,-0.001700960099697113,-0.014959734864532948,0.001700960099697113,0.0,vanilla_transformer_v10,2026-08-03 14:03:00
2026-03-09,300454,0.0033190548419952393,0.021938158199191093,0.0033190548419952393,1.0,vanilla_transformer_v10,2026-08-03 14:03:00
2026-03-09,600584,0.0030479058623313904,0.02199193648993969,0.0030479058623313904,1.0,vanilla_transformer_v10,2026-08-03 14:03:00
2026-03-09,601138,0.0024879947304725647,0.02931014634668827,0.0024879947304725647,1.0,vanilla_transformer_v10,2026-08-03 14:03:00
2026-03-09,601012,0.0023286715149879456,0.009219690226018429,0.0023286715149879456,1.0,vanilla_transformer_v10,2026-08-03 14:03:00
2026-03-09,688012,0.002266526222229004,0.011001210659742355,0.002266526222229004,1.0,vanilla_transformer_v10,2026-08-03 14:03:00
2026-03-09,601318,0.002144627273082733,0.011166369542479515,0.002144627273082733,1.0,vanilla_transformer_v10,2026-08-03 14:03:00
2026-03-09,002594,0.001956455409526825,-0.009483703412115574,0.001956455409526825,1.0,vanilla_transformer_v10,2026-08-03 14:03:00
2026-03-09,300308,0.0018542185425758362,0.03916538879275322,0.0018542185425758362,1.0,vanilla_transformer_v10,2026-08-03 14:03:00
2026-03-09,000568,0.0017811954021453857,0.000569660565815866,0.0017811954021453857,1.0,vanilla_transformer_v10,2026-08-03 14:03:00
2026-03-09,000977,0.001750946044921875,0.0035413082223385572,0.001750946044921875,1.0,vanilla_transformer_v10,2026-08-03 14:03:00
2026-03-09,002230,0.0015681982040405273,0.003736377926543355,0.0015681982040405273,1.0,vanilla_transformer_v10,2026-08-03 14:03:00
2026-03-09,688981,0.0010600462555885315,0.020149443298578262,0.0010600462555885315,1.0,vanilla_transformer_v10,2026-08-03 14:03:00
2026-03-09,600887,0.001057639718055725,0.0045551881194114685,0.001057639718055725,1.0,vanilla_transformer_v10,2026-08-03 14:03:00
2026-03-09,002371,0.000912591814994812,0.009585417807102203,0.000912591814994812,1.0,vanilla_transformer_v10,2026-08-03 14:03:00
2026-03-09,600519,0.0008767247200012207,0.0034870358649641275,0.0008767247200012207,1.0,vanilla_transformer_v10,2026-08-03 14:03:00
2026-03-09,000858,0.0007437989115715027,0.005209764931350946,0.0007437989115715027,1.0,vanilla_transformer_v10,2026-08-03 14:03:00
2026-03-09,300750,0.000664927065372467,0.051253221929073334,0.000664927065372467,1.0,vanilla_transformer_v10,2026-08-03 14:03:00
2026-03-09,002465,0.0006459429860115051,0.020246533676981926,0.0006459429860115051,1.0,vanilla_transformer_v10,2026-08-03 14:03:00
2026-03-09,600036,0.00048611313104629517,0.01100878044962883,0.00048611313104629517,1.0,vanilla_transformer_v10,2026-08-03 14:03:00
2026-03-09,603501,0.0003883764147758484,0.01663653925061226,0.0003883764147758484,1.0,vanilla_transformer_v10,2026-08-03 14:03:00
2026-03-09,300782,-0.0007193312048912048,0.050560545176267624,0.0007193312048912048,0.0,vanilla_transformer_v10,2026-08-03 14:03:00
2026-03-09,600438,-0.0010480359196662903,0.0,0.0010480359196662903,0.0,vanilla_transformer_v10,2026-08-03 14:03:00
2026-03-10,688012,0.0022742077708244324,-0.021596722304821014,0.0022742077708244324,1.0,vanilla_transformer_v10,2026-08-03 14:03:00
2026-03-10,300454,0.001813448965549469,-0.0025245777796953917,0.001813448965549469,1.0,vanilla_transformer_v10,2026-08-03 14:03:00
2026-03-10,600584,0.001556985080242157,0.01743621937930584,0.001556985080242157,1.0,vanilla_transformer_v10,2026-08-03 14:03:00
2026-03-10,601012,0.0014662519097328186,0.012324051931500435,0.0014662519097328186,1.0,vanilla_transformer_v10,2026-08-03 14:03:00
2026-03-10,601138,0.0013628974556922913,-0.008687612600624561,0.0013628974556922913,1.0,vanilla_transformer_v10,2026-08-03 14:03:00
2026-03-10,300308,0.0012039318680763245,0.01394408755004406,0.0012039318680763245,1.0,vanilla_transformer_v10,2026-08-03 14:03:00
2026-03-10,000977,0.0009119585156440735,0.005799904000014067,0.0009119585156440735,1.0,vanilla_transformer_v10,2026-08-03 14:03:00
2026-03-10,000568,0.0008162036538124084,-0.0025741884019225836,0.0008162036538124084,1.0,vanilla_transformer_v10,2026-08-03 14:03:00
2026-03-10,002230,0.0008051171898841858,-0.011624363251030445,0.0008051171898841858,1.0,vanilla_transformer_v10,2026-08-03 14:03:00
2026-03-10,300782,0.0005920305848121643,-0.012396853417158127,0.0005920305848121643,1.0,vanilla_transformer_v10,2026-08-03 14:03:00
2026-03-10,688981,0.0005130171775817871,-0.0016792615642771125,0.0005130171775817871,1.0,vanilla_transformer_v10,2026-08-03 14:03:00
2026-03-10,600519,0.0004881545901298523,-0.0013414891436696053,0.0004881545901298523,1.0,vanilla_transformer_v10,2026-08-03 14:03:00
2026-03-10,002371,0.000383816659450531,0.010859707370400429,0.000383816659450531,1.0,vanilla_transformer_v10,2026-08-03 14:03:00
2026-03-10,601318,0.0002860426902770996,0.007426600903272629,0.0002860426902770996,1.0,vanilla_transformer_v10,2026-08-03 14:03:00
2026-03-10,300750,0.00027279555797576904,0.05305612087249756,0.00027279555797576904,1.0,vanilla_transformer_v10,2026-08-03 14:03:00
2026-03-10,002465,0.00024241209030151367,-0.005743016488850117,0.00024241209030151367,1.0,vanilla_transformer_v10,2026-08-03 14:03:00
2026-03-10,002594,9.395182132720947e-06,0.026778919622302055,9.395182132720947e-06,1.0,vanilla_transformer_v10,2026-08-03 14:03:00
2026-03-10,600887,-0.00019796937704086304,0.0015122703043743968,0.00019796937704086304,0.0,vanilla_transformer_v10,2026-08-03 14:03:00
2026-03-10,603501,-0.00036694854497909546,0.0019092477159574628,0.00036694854497909546,0.0,vanilla_transformer_v10,2026-08-03 14:03:00
2026-03-10,000858,-0.0004918202757835388,0.0012716198107227683,0.0004918202757835388,0.0,vanilla_transformer_v10,2026-08-03 14:03:00
2026-03-10,600036,-0.0005712583661079407,0.0071365563198924065,0.0005712583661079407,0.0,vanilla_transformer_v10,2026-08-03 14:03:00
2026-03-10,600438,-0.002146713435649872,0.02500315196812153,0.002146713435649872,0.0,vanilla_transformer_v10,2026-08-03 14:03:00
2026-03-11,600438,0.00319816917181015,0.048715945333242416,0.00319816917181015,1.0,vanilla_transformer_v10,2026-08-03 14:03:00
2026-03-11,601012,0.0023597776889801025,0.007927272468805313,0.0023597776889801025,1.0,vanilla_transformer_v10,2026-08-03 14:03:00
2026-03-11,688012,0.001910962164402008,-0.015617737546563148,0.001910962164402008,1.0,vanilla_transformer_v10,2026-08-03 14:03:00
2026-03-11,600584,0.0018844753503799438,-0.023316513746976852,0.0018844753503799438,1.0,vanilla_transformer_v10,2026-08-03 14:03:00
2026-03-11,002594,0.0018429309129714966,-0.0012163504725322127,0.0018429309129714966,1.0,vanilla_transformer_v10,2026-08-03 14:03:00
2026-03-11,300454,0.0016784816980361938,-0.03769908472895622,0.0016784816980361938,1.0,vanilla_transformer_v10,2026-08-03 14:03:00
2026-03-11,000568,0.001282237470149994,0.0036215167492628098,0.001282237470149994,1.0,vanilla_transformer_v10,2026-08-03 14:03:00
2026-03-11,601138,0.0012003406882286072,-0.025245897471904755,0.0012003406882286072,1.0,vanilla_transformer_v10,2026-08-03 14:03:00
2026-03-11,300308,0.0011457577347755432,-0.03649814799427986,0.0011457577347755432,1.0,vanilla_transformer_v10,2026-08-03 14:03:00
2026-03-11,000977,0.0007003694772720337,0.015125619247555733,0.0007003694772720337,1.0,vanilla_transformer_v10,2026-08-03 14:03:00
2026-03-11,300750,0.0005973726511001587,-0.0032874869648367167,0.0005973726511001587,1.0,vanilla_transformer_v10,2026-08-03 14:03:00
2026-03-11,002230,0.0004957318305969238,-0.007560712285339832,0.0004957318305969238,1.0,vanilla_transformer_v10,2026-08-03 14:03:00
2026-03-11,600036,0.00044454634189605713,0.0,0.00044454634189605713,1.0,vanilla_transformer_v10,2026-08-03 14:03:00
2026-03-11,600519,0.00040072202682495117,-0.0057310801930725574,0.00040072202682495117,1.0,vanilla_transformer_v10,2026-08-03 14:03:00
2026-03-11,601318,0.00020238757133483887,-0.015323212370276451,0.00020238757133483887,1.0,vanilla_transformer_v10,2026-08-03 14:03:00
2026-03-11,002465,0.00019905716180801392,-0.03690997138619423,0.00019905716180801392,1.0,vanilla_transformer_v10,2026-08-03 14:03:00
2026-03-11,002371,6.354600191116333e-05,-0.008696570992469788,6.354600191116333e-05,1.0,vanilla_transformer_v10,2026-08-03 14:03:00
2026-03-11,000858,3.534555435180664e-05,0.0008785453392192721,3.534555435180664e-05,1.0,vanilla_transformer_v10,2026-08-03 14:03:00
2026-03-11,600887,-0.00015753507614135742,0.010159771889448166,0.00015753507614135742,0.0,vanilla_transformer_v10,2026-08-03 14:03:00
2026-03-11,688981,-0.00030087679624557495,-0.010229548439383507,0.00030087679624557495,0.0,vanilla_transformer_v10,2026-08-03 14:03:00
2026-03-11,603501,-0.00076264888048172,-0.012990935705602169,0.00076264888048172,0.0,vanilla_transformer_v10,2026-08-03 14:03:00
2026-03-11,300782,-0.0012079626321792603,-0.026864929124712944,0.0012079626321792603,0.0,vanilla_transformer_v10,2026-08-03 14:03:00
2026-03-12,600438,0.0034436210989952087,-0.011805741116404533,0.0034436210989952087,1.0,vanilla_transformer_v10,2026-08-03 14:03:00
2026-03-12,601138,0.0022627338767051697,-0.0009592326823621988,0.0022627338767051697,1.0,vanilla_transformer_v10,2026-08-03 14:03:00
2026-03-12,601012,0.0019102245569229126,-0.0037005296908318996,0.0019102245569229126,1.0,vanilla_transformer_v10,2026-08-03 14:03:00
2026-03-12,688012,0.0017335489392280579,-0.007662872783839703,0.0017335489392280579,1.0,vanilla_transformer_v10,2026-08-03 14:03:00
2026-03-12,000977,0.001530475914478302,-0.024144375696778297,0.001530475914478302,1.0,vanilla_transformer_v10,2026-08-03 14:03:00
2026-03-12,600584,0.0014243125915527344,-0.005499880760908127,0.0014243125915527344,1.0,vanilla_transformer_v10,2026-08-03 14:03:00
2026-03-12,300308,0.001373492181301117,0.013409903272986412,0.001373492181301117,1.0,vanilla_transformer_v10,2026-08-03 14:03:00
2026-03-12,300454,0.001235462725162506,-0.040417738258838654,0.001235462725162506,1.0,vanilla_transformer_v10,2026-08-03 14:03:00
2026-03-12,000568,0.0008286461234092712,0.025161104276776314,0.0008286461234092712,1.0,vanilla_transformer_v10,2026-08-03 14:03:00
2026-03-12,601318,0.0007528588175773621,-0.006498086266219616,0.0007528588175773621,1.0,vanilla_transformer_v10,2026-08-03 14:03:00
2026-03-12,002465,0.000700630247592926,-0.045769333839416504,0.000700630247592926,1.0,vanilla_transformer_v10,2026-08-03 14:03:00
2026-03-12,600887,0.000551268458366394,0.0,0.000551268458366394,1.0,vanilla_transformer_v10,2026-08-03 14:03:00
2026-03-12,002230,0.00034628063440322876,-0.01683756522834301,0.00034628063440322876,1.0,vanilla_transformer_v10,2026-08-03 14:03:00
2026-03-12,600519,0.00012465566396713257,0.015426735393702984,0.00012465566396713257,1.0,vanilla_transformer_v10,2026-08-03 14:03:00
2026-03-12,688981,-4.477798938751221e-06,0.009855995886027813,4.477798938751221e-06,0.0,vanilla_transformer_v10,2026-08-03 14:03:00
2026-03-12,002594,-7.490068674087524e-05,0.005716764833778143,7.490068674087524e-05,0.0,vanilla_transformer_v10,2026-08-03 14:03:00
2026-03-12,002371,-0.00011126697063446045,-0.00024011755886022002,0.00011126697063446045,0.0,vanilla_transformer_v10,2026-08-03 14:03:00
2026-03-12,000858,-0.0001685693860054016,0.00662850309163332,0.0001685693860054016,0.0,vanilla_transformer_v10,2026-08-03 14:03:00
2026-03-12,600036,-0.0003176257014274597,0.006546150892972946,0.0003176257014274597,0.0,vanilla_transformer_v10,2026-08-03 14:03:00
2026-03-12,300782,-0.0005071386694908142,-0.02884826809167862,0.0005071386694908142,0.0,vanilla_transformer_v10,2026-08-03 14:03:00
2026-03-12,603501,-0.0005686953663825989,-0.009708814322948456,0.0005686953663825989,0.0,vanilla_transformer_v10,2026-08-03 14:03:00
2026-03-12,300750,-0.0014532878994941711,0.003786240005865693,0.0014532878994941711,0.0,vanilla_transformer_v10,2026-08-03 14:03:00
2026-03-13,601012,0.002322480082511902,-0.010098368860781193,0.002322480082511902,1.0,vanilla_transformer_v10,2026-08-03 14:03:00
2026-03-13,300454,0.00180014967918396,-0.013088428415358067,0.00180014967918396,1.0,vanilla_transformer_v10,2026-08-03 14:03:00
2026-03-13,688012,0.0015645995736122131,0.024739127606153488,0.0015645995736122131,1.0,vanilla_transformer_v10,2026-08-03 14:03:00
2026-03-13,002465,0.00156315416097641,0.0024299239739775658,0.00156315416097641,1.0,vanilla_transformer_v10,2026-08-03 14:03:00
2026-03-13,600584,0.0014576315879821777,0.005912628956139088,0.0014576315879821777,1.0,vanilla_transformer_v10,2026-08-03 14:03:00
2026-03-13,300308,0.0014055892825126648,0.0356643944978714,0.0014055892825126648,1.0,vanilla_transformer_v10,2026-08-03 14:03:00
2026-03-13,000568,0.0013037696480751038,0.007019257638603449,0.0013037696480751038,1.0,vanilla_transformer_v10,2026-08-03 14:03:00
2026-03-13,000977,0.0012123361229896545,-0.019435154274106026,0.0012123361229896545,1.0,vanilla_transformer_v10,2026-08-03 14:03:00
2026-03-13,601138,0.0011196359992027283,0.003990746568888426,0.0011196359992027283,1.0,vanilla_transformer_v10,2026-08-03 14:03:00
2026-03-13,600438,0.001097559928894043,-0.027843695133924484,0.001097559928894043,1.0,vanilla_transformer_v10,2026-08-03 14:03:00
2026-03-13,600887,0.0006723701953887939,0.004856507759541273,0.0006723701953887939,1.0,vanilla_transformer_v10,2026-08-03 14:03:00
2026-03-13,600036,0.0006536468863487244,0.0037727418821305037,0.0006536468863487244,1.0,vanilla_transformer_v10,2026-08-03 14:03:00
2026-03-13,600519,0.0005797594785690308,0.032391197979450226,0.0005797594785690308,1.0,vanilla_transformer_v10,2026-08-03 14:03:00
2026-03-13,002230,0.0005446597933769226,0.0063385614193975925,0.0005446597933769226,1.0,vanilla_transformer_v10,2026-08-03 14:03:00
2026-03-13,300782,0.0004928410053253174,0.006762574426829815,0.0004928410053253174,1.0,vanilla_transformer_v10,2026-08-03 14:03:00
2026-03-13,002594,0.00044858455657958984,0.04848530516028404,0.00044858455657958984,1.0,vanilla_transformer_v10,2026-08-03 14:03:00
2026-03-13,000858,0.00036592036485671997,0.01532328687608242,0.00036592036485671997,1.0,vanilla_transformer_v10,2026-08-03 14:03:00
2026-03-13,002371,0.0002898573875427246,-0.006947736721485853,0.0002898573875427246,1.0,vanilla_transformer_v10,2026-08-03 14:03:00
2026-03-13,688981,0.00025857239961624146,0.01428198255598545,0.00025857239961624146,1.0,vanilla_transformer_v10,2026-08-03 14:03:00
2026-03-13,603501,-0.00018475204706192017,-0.012895802967250347,0.00018475204706192017,0.0,vanilla_transformer_v10,2026-08-03 14:03:00
2026-03-13,601318,-0.00043974071741104126,-0.011856809258460999,0.00043974071741104126,0.0,vanilla_transformer_v10,2026-08-03 14:03:00
2026-03-13,300750,-0.0008784160017967224,0.02830609492957592,0.0008784160017967224,0.0,vanilla_transformer_v10,2026-08-03 14:03:00
2026-03-16,002594,0.002390839159488678,-0.016888882964849472,0.002390839159488678,1.0,vanilla_transformer_v10,2026-08-03 14:03:00
2026-03-16,300454,0.0020280927419662476,-0.0398888885974884,0.0020280927419662476,1.0,vanilla_transformer_v10,2026-08-03 14:03:00
2026-03-16,688012,0.0019589439034461975,-0.024484869092702866,0.0019589439034461975,1.0,vanilla_transformer_v10,2026-08-03 14:03:00
2026-03-16,600584,0.0018833652138710022,-0.04466615617275238,0.0018833652138710022,1.0,vanilla_transformer_v10,2026-08-03 14:03:00
2026-03-16,601012,0.001806102693080902,0.005871626082807779,0.001806102693080902,1.0,vanilla_transformer_v10,2026-08-03 14:03:00
2026-03-16,601318,0.0011255890130996704,0.022233575582504272,0.0011255890130996704,1.0,vanilla_transformer_v10,2026-08-03 14:03:00
2026-03-16,601138,0.0010410025715827942,-0.03485238179564476,0.0010410025715827942,1.0,vanilla_transformer_v10,2026-08-03 14:03:00
2026-03-16,300308,0.0010305866599082947,-0.0338590182363987,0.0010305866599082947,1.0,vanilla_transformer_v10,2026-08-03 14:03:00
2026-03-16,002465,0.0008412376046180725,-0.03744366765022278,0.0008412376046180725,1.0,vanilla_transformer_v10,2026-08-03 14:03:00
2026-03-16,600438,0.000680878758430481,-0.0188059713691473,0.000680878758430481,1.0,vanilla_transformer_v10,2026-08-03 14:03:00
2026-03-16,600519,0.0006479173898696899,0.01685500144958496,0.0006479173898696899,1.0,vanilla_transformer_v10,2026-08-03 14:03:00
2026-03-16,300782,0.0006153509020805359,-0.03649246320128441,0.0006153509020805359,1.0,vanilla_transformer_v10,2026-08-03 14:03:00
2026-03-16,688981,0.0005617216229438782,-0.024043651297688484,0.0005617216229438782,1.0,vanilla_transformer_v10,2026-08-03 14:03:00
2026-03-16,000568,0.0005397573113441467,-0.004521175753325224,0.0005397573113441467,1.0,vanilla_transformer_v10,2026-08-03 14:03:00
2026-03-16,603501,0.0005197450518608093,-0.012597129680216312,0.0005197450518608093,1.0,vanilla_transformer_v10,2026-08-03 14:03:00
2026-03-16,002371,0.0004903748631477356,-0.010411429218947887,0.0004903748631477356,1.0,vanilla_transformer_v10,2026-08-03 14:03:00
2026-03-16,000977,0.00034599751234054565,-0.026076706126332283,0.00034599751234054565,1.0,vanilla_transformer_v10,2026-08-03 14:03:00
2026-03-16,002230,0.0002838894724845886,-0.01857823319733143,0.0002838894724845886,1.0,vanilla_transformer_v10,2026-08-03 14:03:00
2026-03-16,000858,0.00026985257863998413,0.0023883774410933256,0.00026985257863998413,1.0,vanilla_transformer_v10,2026-08-03 14:03:00
2026-03-16,600887,6.487220525741577e-05,0.0011180841829627752,6.487220525741577e-05,1.0,vanilla_transformer_v10,2026-08-03 14:03:00
2026-03-16,300750,-0.00047072768211364746,-0.008351420983672142,0.00047072768211364746,0.0,vanilla_transformer_v10,2026-08-03 14:03:00
2026-03-16,600036,-0.0004892647266387939,0.005231283139437437,0.0004892647266387939,0.0,vanilla_transformer_v10,2026-08-03 14:03:00
2026-03-17,300454,0.0025825724005699158,0.03997280076146126,0.0025825724005699158,1.0,vanilla_transformer_v10,2026-08-03 14:03:00
2026-03-17,601012,0.0024561062455177307,-0.01341718714684248,0.0024561062455177307,1.0,vanilla_transformer_v10,2026-08-03 14:03:00
2026-03-17,601138,0.002040065824985504,0.022509513422846794,0.002040065824985504,1.0,vanilla_transformer_v10,2026-08-03 14:03:00
2026-03-17,002594,0.0018514618277549744,-0.011513464152812958,0.0018514618277549744,1.0,vanilla_transformer_v10,2026-08-03 14:03:00
2026-03-17,600584,0.0017765536904335022,0.04513765871524811,0.0017765536904335022,1.0,vanilla_transformer_v10,2026-08-03 14:03:00
2026-03-17,000977,0.0015121325850486755,0.05469035729765892,0.0015121325850486755,1.0,vanilla_transformer_v10,2026-08-03 14:03:00
2026-03-17,601318,0.0014054104685783386,0.000825508264824748,0.0014054104685783386,1.0,vanilla_transformer_v10,2026-08-03 14:03:00
2026-03-17,300308,0.0013989359140396118,0.0659191757440567,0.0013989359140396118,1.0,vanilla_transformer_v10,2026-08-03 14:03:00
2026-03-17,600438,0.001306682825088501,-0.004880824126303196,0.001306682825088501,1.0,vanilla_transformer_v10,2026-08-03 14:03:00
2026-03-17,002465,0.0012559816241264343,0.02558547630906105,0.0012559816241264343,1.0,vanilla_transformer_v10,2026-08-03 14:03:00
2026-03-17,002230,0.000844419002532959,0.007982050999999046,0.000844419002532959,1.0,vanilla_transformer_v10,2026-08-03 14:03:00
2026-03-17,688012,0.0008130371570587158,0.02501189522445202,0.0008130371570587158,1.0,vanilla_transformer_v10,2026-08-03 14:03:00
2026-03-17,600887,0.000737510621547699,-0.007094841916114092,0.000737510621547699,1.0,vanilla_transformer_v10,2026-08-03 14:03:00
2026-03-17,300782,0.0007083490490913391,0.03423542156815529,0.0007083490490913391,1.0,vanilla_transformer_v10,2026-08-03 14:03:00
2026-03-17,600036,0.0005041137337684631,-0.004962345585227013,0.0005041137337684631,1.0,vanilla_transformer_v10,2026-08-03 14:03:00
2026-03-17,000568,0.000306546688079834,-0.01190666388720274,0.000306546688079834,1.0,vanilla_transformer_v10,2026-08-03 14:03:00
2026-03-17,600519,8.019804954528809e-05,-0.010969044640660286,8.019804954528809e-05,1.0,vanilla_transformer_v10,2026-08-03 14:03:00
2026-03-17,000858,7.587671279907227e-05,-0.010260552167892456,7.587671279907227e-05,1.0,vanilla_transformer_v10,2026-08-03 14:03:00
2026-03-17,002371,-0.0003242865204811096,0.02729097753763199,0.0003242865204811096,0.0,vanilla_transformer_v10,2026-08-03 14:03:00
2026-03-17,300750,-0.0003330633044242859,-0.007384585216641426,0.0003330633044242859,0.0,vanilla_transformer_v10,2026-08-03 14:03:00
2026-03-17,603501,-0.0003704652190208435,-0.005888667888939381,0.0003704652190208435,0.0,vanilla_transformer_v10,2026-08-03 14:03:00
2026-03-17,688981,-0.0005208924412727356,0.005455756094306707,0.0005208924412727356,0.0,vanilla_transformer_v10,2026-08-03 14:03:00
2026-03-18,300454,0.0024947896599769592,-0.018290095031261444,0.0024947896599769592,1.0,vanilla_transformer_v10,2026-08-03 14:03:00
2026-03-18,600584,0.0023986250162124634,-0.03513972461223602,0.0023986250162124634,1.0,vanilla_transformer_v10,2026-08-03 14:03:00
2026-03-18,000977,0.002088502049446106,-0.015517664141952991,0.002088502049446106,1.0,vanilla_transformer_v10,2026-08-03 14:03:00
2026-03-18,601138,0.0020527318120002747,-0.031124543398618698,0.0020527318120002747,1.0,vanilla_transformer_v10,2026-08-03 14:03:00
2026-03-18,601012,0.0018512755632400513,-0.0010669585317373276,0.0018512755632400513,1.0,vanilla_transformer_v10,2026-08-03 14:03:00
2026-03-18,002465,0.0014764592051506042,-0.02360776998102665,0.0014764592051506042,1.0,vanilla_transformer_v10,2026-08-03 14:03:00
2026-03-18,300782,0.0013586059212684631,-0.008167794905602932,0.0013586059212684631,1.0,vanilla_transformer_v10,2026-08-03 14:03:00
2026-03-18,688012,0.0012338832020759583,-0.02152237668633461,0.0012338832020759583,1.0,vanilla_transformer_v10,2026-08-03 14:03:00
2026-03-18,603501,0.0010355934500694275,-0.022808482870459557,0.0010355934500694275,1.0,vanilla_transformer_v10,2026-08-03 14:03:00
2026-03-18,300308,0.0010070204734802246,-0.008310544304549694,0.0010070204734802246,1.0,vanilla_transformer_v10,2026-08-03 14:03:00
2026-03-18,002594,0.000730268657207489,0.006068074144423008,0.000730268657207489,1.0,vanilla_transformer_v10,2026-08-03 14:03:00
2026-03-18,002371,0.0004236772656440735,-0.0017765030497685075,0.0004236772656440735,1.0,vanilla_transformer_v10,2026-08-03 14:03:00
2026-03-18,002230,0.00036475062370300293,-0.023935915902256966,0.00036475062370300293,1.0,vanilla_transformer_v10,2026-08-03 14:03:00
2026-03-18,601318,0.00031222403049468994,-0.020739631727337837,0.00031222403049468994,1.0,vanilla_transformer_v10,2026-08-03 14:03:00
2026-03-18,600438,0.00020570307970046997,-0.01373429223895073,0.00020570307970046997,1.0,vanilla_transformer_v10,2026-08-03 14:03:00
2026-03-18,688981,9.260326623916626e-05,-0.006021847482770681,9.260326623916626e-05,1.0,vanilla_transformer_v10,2026-08-03 14:03:00
2026-03-18,600036,-0.00039248913526535034,-0.0037717255763709545,0.00039248913526535034,0.0,vanilla_transformer_v10,2026-08-03 14:03:00
2026-03-18,000568,-0.00047985464334487915,-0.013664394617080688,0.00047985464334487915,0.0,vanilla_transformer_v10,2026-08-03 14:03:00
2026-03-18,600887,-0.00048125535249710083,-0.009039522148668766,0.00048125535249710083,0.0,vanilla_transformer_v10,2026-08-03 14:03:00
2026-03-18,300750,-0.0009604841470718384,-0.0037908831145614386,0.0009604841470718384,0.0,vanilla_transformer_v10,2026-08-03 14:03:00
2026-03-18,600519,-0.0009658709168434143,-0.010904185473918915,0.0009658709168434143,0.0,vanilla_transformer_v10,2026-08-03 14:03:00
2026-03-18,000858,-0.0010850876569747925,-0.011537863872945309,0.0010850876569747925,0.0,vanilla_transformer_v10,2026-08-03 14:03:00
2026-03-19,300454,0.003136277198791504,-0.05182415992021561,0.003136277198791504,1.0,vanilla_transformer_v10,2026-08-03 14:03:00
2026-03-19,601012,0.0020970329642295837,0.025057734921574593,0.0020970329642295837,1.0,vanilla_transformer_v10,2026-08-03 14:03:00
2026-03-19,601138,0.002014726400375366,-0.0031664054840803146,0.002014726400375366,1.0,vanilla_transformer_v10,2026-08-03 14:03:00
2026-03-19,600584,0.0019104555249214172,-0.05012153461575508,0.0019104555249214172,1.0,vanilla_transformer_v10,2026-08-03 14:03:00
2026-03-19,000977,0.0018915235996246338,-0.031408604234457016,0.0018915235996246338,1.0,vanilla_transformer_v10,2026-08-03 14:03:00
2026-03-19,002465,0.0017571672797203064,-0.03826203569769859,0.0017571672797203064,1.0,vanilla_transformer_v10,2026-08-03 14:03:00
2026-03-19,002230,0.0016871243715286255,-0.02615145407617092,0.0016871243715286255,1.0,vanilla_transformer_v10,2026-08-03 14:03:00
2026-03-19,688012,0.0015297383069992065,-0.01541364099830389,0.0015297383069992065,1.0,vanilla_transformer_v10,2026-08-03 14:03:00
2026-03-19,603501,0.001508861780166626,-0.021866001188755035,0.001508861780166626,1.0,vanilla_transformer_v10,2026-08-03 14:03:00
2026-03-19,002594,0.0014991611242294312,0.0070177894085645676,0.0014991611242294312,1.0,vanilla_transformer_v10,2026-08-03 14:03:00
2026-03-19,601318,0.0013164877891540527,-0.01463906466960907,0.0013164877891540527,1.0,vanilla_transformer_v10,2026-08-03 14:03:00
2026-03-19,300308,0.0012072324752807617,0.0620146207511425,0.0012072324752807617,1.0,vanilla_transformer_v10,2026-08-03 14:03:00
2026-03-19,300782,0.0011811107397079468,0.12990982830524445,0.0011811107397079468,1.0,vanilla_transformer_v10,2026-08-03 14:03:00
2026-03-19,600438,0.001180596649646759,0.019696516916155815,0.001180596649646759,1.0,vanilla_transformer_v10,2026-08-03 14:03:00
2026-03-19,688981,0.0011656805872917175,-0.03632570058107376,0.0011656805872917175,1.0,vanilla_transformer_v10,2026-08-03 14:03:00
2026-03-19,000568,0.0006338655948638916,-0.001899594790302217,0.0006338655948638916,1.0,vanilla_transformer_v10,2026-08-03 14:03:00
2026-03-19,600036,0.0005325525999069214,-0.0004949715221300721,0.0005325525999069214,1.0,vanilla_transformer_v10,2026-08-03 14:03:00
2026-03-19,600887,0.0004962906241416931,-0.0018929893849417567,0.0004962906241416931,1.0,vanilla_transformer_v10,2026-08-03 14:03:00
2026-03-19,002371,0.00044349581003189087,0.015241852961480618,0.00044349581003189087,1.0,vanilla_transformer_v10,2026-08-03 14:03:00
2026-03-19,300750,0.00039098411798477173,0.030727118253707886,0.00039098411798477173,1.0,vanilla_transformer_v10,2026-08-03 14:03:00
2026-03-19,000858,4.3369829654693604e-05,-0.0012728613801300526,4.3369829654693604e-05,1.0,vanilla_transformer_v10,2026-08-03 14:03:00
2026-03-19,600519,-2.7485191822052002e-05,-0.005432345438748598,2.7485191822052002e-05,0.0,vanilla_transformer_v10,2026-08-03 14:03:00
2026-03-20,300782,0.003230050206184387,-0.06119995564222336,0.003230050206184387,1.0,vanilla_transformer_v10,2026-08-03 14:03:00
2026-03-20,601012,0.0031581446528434753,-0.009521965868771076,0.0031581446528434753,1.0,vanilla_transformer_v10,2026-08-03 14:03:00
2026-03-20,601138,0.002422429621219635,-0.05524560809135437,0.002422429621219635,1.0,vanilla_transformer_v10,2026-08-03 14:03:00
2026-03-20,600584,0.0023171603679656982,-0.07278598845005035,0.0023171603679656982,1.0,vanilla_transformer_v10,2026-08-03 14:03:00
2026-03-20,300454,0.0019792914390563965,-0.07191573828458786,0.0019792914390563965,1.0,vanilla_transformer_v10,2026-08-03 14:03:00
2026-03-20,600438,0.0018693134188652039,-0.028554148972034454,0.0018693134188652039,1.0,vanilla_transformer_v10,2026-08-03 14:03:00
2026-03-20,000977,0.0014596208930015564,-0.0654764175415039,0.0014596208930015564,1.0,vanilla_transformer_v10,2026-08-03 14:03:00
2026-03-20,002594,0.0013570114970207214,0.043671902269124985,0.0013570114970207214,1.0,vanilla_transformer_v10,2026-08-03 14:03:00
2026-03-20,300308,0.0011986121535301208,-0.02043515257537365,0.0011986121535301208,1.0,vanilla_transformer_v10,2026-08-03 14:03:00
2026-03-20,300750,0.0010987147688865662,-0.027013985440135002,0.0010987147688865662,1.0,vanilla_transformer_v10,2026-08-03 14:03:00
2026-03-20,002465,0.0010735169053077698,-0.05870195850729942,0.0010735169053077698,1.0,vanilla_transformer_v10,2026-08-03 14:03:00
2026-03-20,002230,0.001063510775566101,-0.05466967076063156,0.001063510775566101,1.0,vanilla_transformer_v10,2026-08-03 14:03:00
2026-03-20,688012,0.0010289475321769714,-0.03888759762048721,0.0010289475321769714,1.0,vanilla_transformer_v10,2026-08-03 14:03:00
2026-03-20,603501,0.0007606670260429382,-0.04875156655907631,0.0007606670260429382,1.0,vanilla_transformer_v10,2026-08-03 14:03:00
2026-03-20,688981,0.0005615875124931335,-0.04136040434241295,0.0005615875124931335,1.0,vanilla_transformer_v10,2026-08-03 14:03:00
2026-03-20,000568,0.0003257468342781067,-0.0265863798558712,0.0003257468342781067,1.0,vanilla_transformer_v10,2026-08-03 14:03:00
2026-03-20,600887,0.0002823546528816223,-0.034696515649557114,0.0002823546528816223,1.0,vanilla_transformer_v10,2026-08-03 14:03:00
2026-03-20,002371,0.00021310895681381226,-0.05330004170536995,0.00021310895681381226,1.0,vanilla_transformer_v10,2026-08-03 14:03:00
2026-03-20,600036,0.0002099350094795227,-0.027283959090709686,0.0002099350094795227,1.0,vanilla_transformer_v10,2026-08-03 14:03:00
2026-03-20,601318,5.86584210395813e-05,-0.03872927650809288,5.86584210395813e-05,1.0,vanilla_transformer_v10,2026-08-03 14:03:00
2026-03-20,000858,-4.6722590923309326e-05,-0.02141646482050419,4.6722590923309326e-05,0.0,vanilla_transformer_v10,2026-08-03 14:03:00
2026-03-20,600519,-0.00017567723989486694,-0.025888564065098763,0.00017567723989486694,0.0,vanilla_transformer_v10,2026-08-03 14:03:00
2026-03-23,601012,0.004716925323009491,0.012161298654973507,0.004716925323009491,1.0,vanilla_transformer_v10,2026-08-03 14:03:00
2026-03-23,002594,0.004426769912242889,-0.00924368854612112,0.004426769912242889,1.0,vanilla_transformer_v10,2026-08-03 14:03:00
2026-03-23,300454,0.004319339990615845,0.008570518344640732,0.004319339990615845,1.0,vanilla_transformer_v10,2026-08-03 14:03:00
2026-03-23,600584,0.0038595423102378845,0.009410379454493523,0.0038595423102378845,1.0,vanilla_transformer_v10,2026-08-03 14:03:00
2026-03-23,300782,0.0037479475140571594,0.024087956175208092,0.0037479475140571594,1.0,vanilla_transformer_v10,2026-08-03 14:03:00
2026-03-23,002465,0.0036035850644111633,0.02732943929731846,0.0036035850644111633,1.0,vanilla_transformer_v10,2026-08-03 14:03:00
2026-03-23,000977,0.0032152459025382996,0.04097211733460426,0.0032152459025382996,1.0,vanilla_transformer_v10,2026-08-03 14:03:00
2026-03-23,002230,0.0031370222568511963,0.00814751721918583,0.0031370222568511963,1.0,vanilla_transformer_v10,2026-08-03 14:03:00
2026-03-23,601318,0.003073655068874359,0.011266480199992657,0.003073655068874359,1.0,vanilla_transformer_v10,2026-08-03 14:03:00
2026-03-23,600438,0.0029245615005493164,-0.02939351461827755,0.0029245615005493164,1.0,vanilla_transformer_v10,2026-08-03 14:03:00
2026-03-23,601138,0.0027466118335723877,0.02577192895114422,0.0027466118335723877,1.0,vanilla_transformer_v10,2026-08-03 14:03:00
2026-03-23,600887,0.00261089950799942,0.008202467113733292,0.00261089950799942,1.0,vanilla_transformer_v10,2026-08-03 14:03:00
2026-03-23,688012,0.0025397464632987976,0.009881141595542431,0.0025397464632987976,1.0,vanilla_transformer_v10,2026-08-03 14:03:00
2026-03-23,603501,0.0024520382285118103,0.013685310259461403,0.0024520382285118103,1.0,vanilla_transformer_v10,2026-08-03 14:03:00
2026-03-23,688981,0.002294190227985382,0.012266361154615879,0.002294190227985382,1.0,vanilla_transformer_v10,2026-08-03 14:03:00
2026-03-23,600036,0.0022167861461639404,0.014601481147110462,0.0022167861461639404,1.0,vanilla_transformer_v10,2026-08-03 14:03:00
2026-03-23,000568,0.0018887445330619812,0.00923306867480278,0.0018887445330619812,1.0,vanilla_transformer_v10,2026-08-03 14:03:00
2026-03-23,000858,0.001597084105014801,0.011011139489710331,0.001597084105014801,1.0,vanilla_transformer_v10,2026-08-03 14:03:00
2026-03-23,300308,0.0015897303819656372,0.005934495944529772,0.0015897303819656372,1.0,vanilla_transformer_v10,2026-08-03 14:03:00
2026-03-23,002371,0.001477845013141632,-0.0008786090766079724,0.001477845013141632,1.0,vanilla_transformer_v10,2026-08-03 14:03:00
2026-03-23,300750,0.0014247000217437744,-0.012518582865595818,0.0014247000217437744,1.0,vanilla_transformer_v10,2026-08-03 14:03:00
2026-03-23,600519,0.0011398270726203918,-0.0005262437043711543,0.0011398270726203918,1.0,vanilla_transformer_v10,2026-08-03 14:03:00
2026-03-24,601012,0.0018965676426887512,-0.00791215244680643,0.0018965676426887512,1.0,vanilla_transformer_v10,2026-08-03 14:03:00
2026-03-24,601138,0.0015377029776573181,0.02964058145880699,0.0015377029776573181,1.0,vanilla_transformer_v10,2026-08-03 14:03:00
2026-03-24,600584,0.0012906938791275024,0.029770517721772194,0.0012906938791275024,1.0,vanilla_transformer_v10,2026-08-03 14:03:00
2026-03-24,300782,0.0010751113295555115,0.015828261151909828,0.0010751113295555115,1.0,vanilla_transformer_v10,2026-08-03 14:03:00
2026-03-24,600438,0.0010659992694854736,0.0017164706951007247,0.0010659992694854736,1.0,vanilla_transformer_v10,2026-08-03 14:03:00
2026-03-24,002594,0.0010566189885139465,-0.000357238546712324,0.0010566189885139465,1.0,vanilla_transformer_v10,2026-08-03 14:03:00
2026-03-24,002465,0.0010491162538528442,0.01519306842237711,0.0010491162538528442,1.0,vanilla_transformer_v10,2026-08-03 14:03:00
2026-03-24,300454,0.0007634386420249939,0.02499893493950367,0.0007634386420249939,1.0,vanilla_transformer_v10,2026-08-03 14:03:00
2026-03-24,688012,0.0007588788866996765,0.036375921219587326,0.0007588788866996765,1.0,vanilla_transformer_v10,2026-08-03 14:03:00
2026-03-24,000977,0.000703565776348114,0.025173690170049667,0.000703565776348114,1.0,vanilla_transformer_v10,2026-08-03 14:03:00
2026-03-24,601318,0.0005868375301361084,0.011466762982308865,0.0005868375301361084,1.0,vanilla_transformer_v10,2026-08-03 14:03:00
2026-03-24,002230,0.0005396530032157898,0.015666848048567772,0.0005396530032157898,1.0,vanilla_transformer_v10,2026-08-03 14:03:00
2026-03-24,603501,0.00043038278818130493,0.023418927565217018,0.00043038278818130493,1.0,vanilla_transformer_v10,2026-08-03 14:03:00
2026-03-24,688981,0.00022780895233154297,0.007428261451423168,0.00022780895233154297,1.0,vanilla_transformer_v10,2026-08-03 14:03:00
2026-03-24,300308,-5.491077899932861e-06,0.04094565287232399,5.491077899932861e-06,0.0,vanilla_transformer_v10,2026-08-03 14:03:00
2026-03-24,300750,-9.921938180923462e-05,0.002058058977127075,9.921938180923462e-05,0.0,vanilla_transformer_v10,2026-08-03 14:03:00
2026-03-24,002371,-0.00011836737394332886,0.04449043422937393,0.00011836737394332886,0.0,vanilla_transformer_v10,2026-08-03 14:03:00
2026-03-24,600036,-0.00018893182277679443,0.0002734606387093663,0.00018893182277679443,0.0,vanilla_transformer_v10,2026-08-03 14:03:00
2026-03-24,600887,-0.00036307424306869507,0.006980872247368097,0.00036307424306869507,0.0,vanilla_transformer_v10,2026-08-03 14:03:00
2026-03-24,600519,-0.00040318816900253296,0.002087225439026952,0.00040318816900253296,0.0,vanilla_transformer_v10,2026-08-03 14:03:00
2026-03-24,000568,-0.0005985051393508911,0.004342768341302872,0.0005985051393508911,0.0,vanilla_transformer_v10,2026-08-03 14:03:00
2026-03-24,000858,-0.0007851719856262207,0.01089679729193449,0.0007851719856262207,0.0,vanilla_transformer_v10,2026-08-03 14:03:00
2026-03-25,601138,0.002454712986946106,-0.011413349770009518,0.002454712986946106,1.0,vanilla_transformer_v10,2026-08-03 14:03:00
2026-03-25,600584,0.0020448267459869385,-0.030249198898673058,0.0020448267459869385,1.0,vanilla_transformer_v10,2026-08-03 14:03:00
2026-03-25,601012,0.0018002316355705261,-0.027920180931687355,0.0018002316355705261,1.0,vanilla_transformer_v10,2026-08-03 14:03:00
2026-03-25,300454,0.0012603849172592163,-0.02768736705183983,0.0012603849172592163,1.0,vanilla_transformer_v10,2026-08-03 14:03:00
2026-03-25,002594,0.0012549608945846558,-0.03299330919981003,0.0012549608945846558,1.0,vanilla_transformer_v10,2026-08-03 14:03:00
2026-03-25,688012,0.0011242926120758057,-0.01807132549583912,0.0011242926120758057,1.0,vanilla_transformer_v10,2026-08-03 14:03:00
2026-03-25,002465,0.0010765939950942993,-0.0055154189467430115,0.0010765939950942993,1.0,vanilla_transformer_v10,2026-08-03 14:03:00
2026-03-25,000977,0.0010603666305541992,-0.026925094425678253,0.0010603666305541992,1.0,vanilla_transformer_v10,2026-08-03 14:03:00
2026-03-25,603501,0.0009632036089897156,-0.023273568600416183,0.0009632036089897156,1.0,vanilla_transformer_v10,2026-08-03 14:03:00
2026-03-25,002371,0.0008831918239593506,-0.039750922471284866,0.0008831918239593506,1.0,vanilla_transformer_v10,2026-08-03 14:03:00
2026-03-25,300782,0.00084715336561203,-0.015959400683641434,0.00084715336561203,1.0,vanilla_transformer_v10,2026-08-03 14:03:00
2026-03-25,600438,0.0007843077182769775,-0.04035221412777901,0.0007843077182769775,1.0,vanilla_transformer_v10,2026-08-03 14:03:00
2026-03-25,002230,0.0007529854774475098,-0.02124340645968914,0.0007529854774475098,1.0,vanilla_transformer_v10,2026-08-03 14:03:00
2026-03-25,601318,0.0007424280047416687,-0.03446521982550621,0.0007424280047416687,1.0,vanilla_transformer_v10,2026-08-03 14:03:00
2026-03-25,688981,0.0006501823663711548,-0.0315970815718174,0.0006501823663711548,1.0,vanilla_transformer_v10,2026-08-03 14:03:00
2026-03-25,300750,0.000399075448513031,0.011729691177606583,0.000399075448513031,1.0,vanilla_transformer_v10,2026-08-03 14:03:00
2026-03-25,300308,-7.944554090499878e-05,-0.02285677194595337,7.944554090499878e-05,0.0,vanilla_transformer_v10,2026-08-03 14:03:00
2026-03-25,600036,-9.91523265838623e-05,0.0075814686715602875,9.91523265838623e-05,0.0,vanilla_transformer_v10,2026-08-03 14:03:00
2026-03-25,600519,-0.0001469925045967102,-0.006466245744377375,0.0001469925045967102,0.0,vanilla_transformer_v10,2026-08-03 14:03:00
2026-03-25,600887,-0.00036995112895965576,0.0027003809809684753,0.00036995112895965576,0.0,vanilla_transformer_v10,2026-08-03 14:03:00
2026-03-25,000568,-0.0003869757056236267,-0.01886020600795746,0.0003869757056236267,0.0,vanilla_transformer_v10,2026-08-03 14:03:00
2026-03-25,000858,-0.0004940256476402283,-0.011489666998386383,0.0004940256476402283,0.0,vanilla_transformer_v10,2026-08-03 14:03:00
2026-03-26,002594,0.0032026320695877075,0.020710349082946777,0.0032026320695877075,1.0,vanilla_transformer_v10,2026-08-03 14:03:00
2026-03-26,601012,0.0030820220708847046,0.008135265670716763,0.0030820220708847046,1.0,vanilla_transformer_v10,2026-08-03 14:03:00
2026-03-26,600438,0.002742201089859009,0.013009537011384964,0.002742201089859009,1.0,vanilla_transformer_v10,2026-08-03 14:03:00
2026-03-26,601318,0.0025931745767593384,0.002637709490954876,0.0025931745767593384,1.0,vanilla_transformer_v10,2026-08-03 14:03:00
2026-03-26,300454,0.0021936818957328796,0.006038839463144541,0.0021936818957328796,1.0,vanilla_transformer_v10,2026-08-03 14:03:00
2026-03-26,601138,0.002156957983970642,-0.004229051526635885,0.002156957983970642,1.0,vanilla_transformer_v10,2026-08-03 14:03:00
2026-03-26,002465,0.002141997218132019,0.009584889747202396,0.002141997218132019,1.0,vanilla_transformer_v10,2026-08-03 14:03:00
2026-03-26,600584,0.0020121783018112183,0.0025275826919823885,0.0020121783018112183,1.0,vanilla_transformer_v10,2026-08-03 14:03:00
2026-03-26,300782,0.0016055330634117126,-0.010746057145297527,0.0016055330634117126,1.0,vanilla_transformer_v10,2026-08-03 14:03:00
2026-03-26,300750,0.001442931592464447,0.033422134816646576,0.001442931592464447,1.0,vanilla_transformer_v10,2026-08-03 14:03:00
2026-03-26,600036,0.0013761520385742188,-0.003034766297787428,0.0013761520385742188,1.0,vanilla_transformer_v10,2026-08-03 14:03:00
2026-03-26,000977,0.0013758465647697449,-0.00987884122878313,0.0013758465647697449,1.0,vanilla_transformer_v10,2026-08-03 14:03:00
2026-03-26,600887,0.0011492744088172913,0.008062292821705341,0.0011492744088172913,1.0,vanilla_transformer_v10,2026-08-03 14:03:00
2026-03-26,000568,0.0010401904582977295,0.018280500546097755,0.0010401904582977295,1.0,vanilla_transformer_v10,2026-08-03 14:03:00
2026-03-26,688981,0.0010138154029846191,0.006379278842359781,0.0010138154029846191,1.0,vanilla_transformer_v10,2026-08-03 14:03:00
2026-03-26,002230,0.0009310618042945862,0.003647917415946722,0.0009310618042945862,1.0,vanilla_transformer_v10,2026-08-03 14:03:00
2026-03-26,300308,0.0008703991770744324,-0.02673002891242504,0.0008703991770744324,1.0,vanilla_transformer_v10,2026-08-03 14:03:00
2026-03-26,688012,0.0006423816084861755,-0.0013010670663788915,0.0006423816084861755,1.0,vanilla_transformer_v10,2026-08-03 14:03:00
2026-03-26,603501,0.0006418675184249878,0.010194947943091393,0.0006418675184249878,1.0,vanilla_transformer_v10,2026-08-03 14:03:00
2026-03-26,000858,0.0005883201956748962,0.013436424545943737,0.0005883201956748962,1.0,vanilla_transformer_v10,2026-08-03 14:03:00
2026-03-26,600519,0.000534646213054657,0.010535300709307194,0.000534646213054657,1.0,vanilla_transformer_v10,2026-08-03 14:03:00
2026-03-26,002371,0.0004559531807899475,0.015282568521797657,0.0004559531807899475,1.0,vanilla_transformer_v10,2026-08-03 14:03:00
2026-03-27,601012,0.0024494677782058716,-0.03071349300444126,0.0024494677782058716,1.0,vanilla_transformer_v10,2026-08-03 14:03:00
2026-03-27,002594,0.002118334174156189,0.007088606711477041,0.002118334174156189,1.0,vanilla_transformer_v10,2026-08-03 14:03:00
2026-03-27,300454,0.002087138593196869,-0.008638118393719196,0.002087138593196869,1.0,vanilla_transformer_v10,2026-08-03 14:03:00
2026-03-27,601318,0.0018183812499046326,-0.010932765901088715,0.0018183812499046326,1.0,vanilla_transformer_v10,2026-08-03 14:03:00
2026-03-27,600438,0.0017555132508277893,-0.013604920357465744,0.0017555132508277893,1.0,vanilla_transformer_v10,2026-08-03 14:03:00
2026-03-27,600584,0.0016254708170890808,0.007815459743142128,0.0016254708170890808,1.0,vanilla_transformer_v10,2026-08-03 14:03:00
2026-03-27,002465,0.0013389959931373596,0.01815679296851158,0.0013389959931373596,1.0,vanilla_transformer_v10,2026-08-03 14:03:00
2026-03-27,601138,0.001088760793209076,-0.005268984939903021,0.001088760793209076,1.0,vanilla_transformer_v10,2026-08-03 14:03:00
2026-03-27,002371,0.000928439199924469,0.03441426157951355,0.000928439199924469,1.0,vanilla_transformer_v10,2026-08-03 14:03:00
2026-03-27,300750,0.0009217187762260437,-0.0076773157343268394,0.0009217187762260437,1.0,vanilla_transformer_v10,2026-08-03 14:03:00
2026-03-27,000977,0.0006896704435348511,-0.012083262205123901,0.0006896704435348511,1.0,vanilla_transformer_v10,2026-08-03 14:03:00
2026-03-27,002230,0.0006667003035545349,-0.007293380796909332,0.0006667003035545349,1.0,vanilla_transformer_v10,2026-08-03 14:03:00
2026-03-27,000568,0.000665910542011261,0.014542118646204472,0.000665910542011261,1.0,vanilla_transformer_v10,2026-08-03 14:03:00
2026-03-27,300782,0.000638321042060852,-0.02721119299530983,0.000638321042060852,1.0,vanilla_transformer_v10,2026-08-03 14:03:00
2026-03-27,688981,0.0005956515669822693,-0.017276588827371597,0.0005956515669822693,1.0,vanilla_transformer_v10,2026-08-03 14:03:00
2026-03-27,688012,0.0005741417407989502,0.035773470997810364,0.0005741417407989502,1.0,vanilla_transformer_v10,2026-08-03 14:03:00
2026-03-27,600519,0.0005352050065994263,0.0028059962205588818,0.0005352050065994263,1.0,vanilla_transformer_v10,2026-08-03 14:03:00
2026-03-27,603501,0.00039718300104141235,-0.006929934490472078,0.00039718300104141235,1.0,vanilla_transformer_v10,2026-08-03 14:03:00
2026-03-27,000858,0.0003039166331291199,0.007859938777983189,0.0003039166331291199,1.0,vanilla_transformer_v10,2026-08-03 14:03:00
2026-03-27,600887,0.0002944469451904297,0.00913122110068798,0.0002944469451904297,1.0,vanilla_transformer_v10,2026-08-03 14:03:00
2026-03-27,300308,-0.0004829093813896179,-0.015027966350317001,0.0004829093813896179,0.0,vanilla_transformer_v10,2026-08-03 14:03:00
2026-03-27,600036,-0.0008578449487686157,0.0010428238892927766,0.0008578449487686157,0.0,vanilla_transformer_v10,2026-08-03 14:03:00
2026-03-30,002594,0.0027355551719665527,-0.007571014109998941,0.0027355551719665527,1.0,vanilla_transformer_v10,2026-08-03 14:03:00
2026-03-30,601012,0.0025293007493019104,-0.023648785427212715,0.0025293007493019104,1.0,vanilla_transformer_v10,2026-08-03 14:03:00
2026-03-30,002465,0.0022157803177833557,0.0,0.0022157803177833557,1.0,vanilla_transformer_v10,2026-08-03 14:03:00
2026-03-30,601318,0.0017396584153175354,0.007957826368510723,0.0017396584153175354,1.0,vanilla_transformer_v10,2026-08-03 14:03:00
2026-03-30,300454,0.0014943704009056091,-0.013880348764359951,0.0014943704009056091,1.0,vanilla_transformer_v10,2026-08-03 14:03:00
2026-03-30,600584,0.0014145523309707642,-0.027729986235499382,0.0014145523309707642,1.0,vanilla_transformer_v10,2026-08-03 14:03:00
2026-03-30,300782,0.0013267025351524353,-0.0493045300245285,0.0013267025351524353,1.0,vanilla_transformer_v10,2026-08-03 14:03:00
2026-03-30,000977,0.0010986328125,-0.010986986570060253,0.0010986328125,1.0,vanilla_transformer_v10,2026-08-03 14:03:00
2026-03-30,600036,0.0009503588080406189,-0.004086827859282494,0.0009503588080406189,1.0,vanilla_transformer_v10,2026-08-03 14:03:00
2026-03-30,688012,0.0008537247776985168,-0.03323795646429062,0.0008537247776985168,1.0,vanilla_transformer_v10,2026-08-03 14:03:00
2026-03-30,600438,0.0007825940847396851,-0.013847465626895428,0.0007825940847396851,1.0,vanilla_transformer_v10,2026-08-03 14:03:00
2026-03-30,600887,0.0007202401757240295,-0.0018958570435643196,0.0007202401757240295,1.0,vanilla_transformer_v10,2026-08-03 14:03:00
2026-03-30,002230,0.0007191002368927002,-0.004103203769773245,0.0007191002368927002,1.0,vanilla_transformer_v10,2026-08-03 14:03:00
2026-03-30,002371,0.000690266489982605,-0.04770265892148018,0.000690266489982605,1.0,vanilla_transformer_v10,2026-08-03 14:03:00
2026-03-30,688981,0.0006771683692932129,-0.018749233335256577,0.0006771683692932129,1.0,vanilla_transformer_v10,2026-08-03 14:03:00
2026-03-30,601138,0.0006565824151039124,0.04351774603128433,0.0006565824151039124,1.0,vanilla_transformer_v10,2026-08-03 14:03:00
2026-03-30,300308,0.0006522908806800842,-0.03396225720643997,0.0006522908806800842,1.0,vanilla_transformer_v10,2026-08-03 14:03:00
2026-03-30,000568,0.0005893483757972717,-0.005907773040235043,0.0005893483757972717,1.0,vanilla_transformer_v10,2026-08-03 14:03:00
2026-03-30,000858,0.00036337971687316895,-0.0018373304046690464,0.00036337971687316895,1.0,vanilla_transformer_v10,2026-08-03 14:03:00
2026-03-30,600519,0.0002809986472129822,0.020906781777739525,0.0002809986472129822,1.0,vanilla_transformer_v10,2026-08-03 14:03:00
2026-03-30,300750,0.00013002753257751465,-0.02773994766175747,0.00013002753257751465,1.0,vanilla_transformer_v10,2026-08-03 14:03:00
2026-03-30,603501,4.834681749343872e-05,-0.05494087561964989,4.834681749343872e-05,1.0,vanilla_transformer_v10,2026-08-03 14:03:00
2026-03-31,601138,0.0034882351756095886,0.035580676048994064,0.0034882351756095886,1.0,vanilla_transformer_v10,2026-08-03 14:03:00
2026-03-31,601012,0.0030235350131988525,0.019745955243706703,0.0030235350131988525,1.0,vanilla_transformer_v10,2026-08-03 14:03:00
2026-03-31,002465,0.0025992169976234436,-0.00800823699682951,0.0025992169976234436,1.0,vanilla_transformer_v10,2026-08-03 14:03:00
2026-03-31,300454,0.0025696679949760437,0.01599879004061222,0.0025696679949760437,1.0,vanilla_transformer_v10,2026-08-03 14:03:00
2026-03-31,601318,0.0023852139711380005,0.02432372234761715,0.0023852139711380005,1.0,vanilla_transformer_v10,2026-08-03 14:03:00
2026-03-31,002594,0.0023305565118789673,-0.025009319186210632,0.0023305565118789673,1.0,vanilla_transformer_v10,2026-08-03 14:03:00
2026-03-31,300782,0.0023268386721611023,0.017167599871754646,0.0023268386721611023,1.0,vanilla_transformer_v10,2026-08-03 14:03:00
2026-03-31,600584,0.0019292160868644714,0.01889059878885746,0.0019292160868644714,1.0,vanilla_transformer_v10,2026-08-03 14:03:00
2026-03-31,603501,0.0018883049488067627,0.01141391135752201,0.0018883049488067627,1.0,vanilla_transformer_v10,2026-08-03 14:03:00
2026-03-31,000977,0.0017121434211730957,0.04191407561302185,0.0017121434211730957,1.0,vanilla_transformer_v10,2026-08-03 14:03:00
2026-03-31,002230,0.0017077550292015076,0.017155779525637627,0.0017077550292015076,1.0,vanilla_transformer_v10,2026-08-03 14:03:00
2026-03-31,300308,0.0014373883605003357,0.05544217675924301,0.0014373883605003357,1.0,vanilla_transformer_v10,2026-08-03 14:03:00
2026-03-31,600036,0.001380734145641327,0.012660114094614983,0.001380734145641327,1.0,vanilla_transformer_v10,2026-08-03 14:03:00
2026-03-31,688981,0.0010011941194534302,0.023953240364789963,0.0010011941194534302,1.0,vanilla_transformer_v10,2026-08-03 14:03:00
2026-03-31,600438,0.0009130388498306274,0.010267703793942928,0.0009130388498306274,1.0,vanilla_transformer_v10,2026-08-03 14:03:00
2026-03-31,688012,0.000741027295589447,0.02310609258711338,0.000741027295589447,1.0,vanilla_transformer_v10,2026-08-03 14:03:00
2026-03-31,000858,0.000695355236530304,0.010787389241158962,0.000695355236530304,1.0,vanilla_transformer_v10,2026-08-03 14:03:00
2026-03-31,300750,0.000589318573474884,0.009936078451573849,0.000589318573474884,1.0,vanilla_transformer_v10,2026-08-03 14:03:00
2026-03-31,000568,0.0005799457430839539,0.014981274493038654,0.0005799457430839539,1.0,vanilla_transformer_v10,2026-08-03 14:03:00
2026-03-31,600887,0.0004609525203704834,-0.0007584306877106428,0.0004609525203704834,1.0,vanilla_transformer_v10,2026-08-03 14:03:00
2026-03-31,600519,0.0004301890730857849,0.006489778868854046,0.0004301890730857849,1.0,vanilla_transformer_v10,2026-08-03 14:03:00
2026-03-31,002371,0.0003860592842102051,0.007864966988563538,0.0003860592842102051,1.0,vanilla_transformer_v10,2026-08-03 14:03:00
2026-04-01,601138,0.002675183117389679,-0.025192659348249435,0.002675183117389679,1.0,vanilla_transformer_v10,2026-08-03 14:03:00
2026-04-01,601012,0.0018682479858398438,-0.030059069395065308,0.0018682479858398438,1.0,vanilla_transformer_v10,2026-08-03 14:03:00
2026-04-01,002594,0.0018543004989624023,-0.00978800654411316,0.0018543004989624023,1.0,vanilla_transformer_v10,2026-08-03 14:03:00
2026-04-01,000977,0.0017564669251441956,-0.03180583938956261,0.0017564669251441956,1.0,vanilla_transformer_v10,2026-08-03 14:03:00
2026-04-01,300454,0.0016557276248931885,-0.05323925241827965,0.0016557276248931885,1.0,vanilla_transformer_v10,2026-08-03 14:03:00
2026-04-01,300782,0.001370944082736969,0.04212187975645065,0.001370944082736969,1.0,vanilla_transformer_v10,2026-08-03 14:03:00
2026-04-01,601318,0.0012619346380233765,-0.015926897525787354,0.0012619346380233765,1.0,vanilla_transformer_v10,2026-08-03 14:03:00
2026-04-01,603501,0.0011872276663780212,-0.05019085854291916,0.0011872276663780212,1.0,vanilla_transformer_v10,2026-08-03 14:03:00
2026-04-01,600584,0.001100882887840271,-0.025874843820929527,0.001100882887840271,1.0,vanilla_transformer_v10,2026-08-03 14:03:00
2026-04-01,002230,0.0008859634399414062,-0.024325182661414146,0.0008859634399414062,1.0,vanilla_transformer_v10,2026-08-03 14:03:00
2026-04-01,688981,0.0008652582764625549,-0.03303207457065582,0.0008652582764625549,1.0,vanilla_transformer_v10,2026-08-03 14:03:00
2026-04-01,600036,0.000777222216129303,-0.0015287772985175252,0.000777222216129303,1.0,vanilla_transformer_v10,2026-08-03 14:03:00
2026-04-01,600438,0.000768221914768219,-0.029220890253782272,0.000768221914768219,1.0,vanilla_transformer_v10,2026-08-03 14:03:00
2026-04-01,300750,0.0006954744458198547,-0.011259722523391247,0.0006954744458198547,1.0,vanilla_transformer_v10,2026-08-03 14:03:00
2026-04-01,300308,0.0005305483937263489,-0.03357221558690071,0.0005305483937263489,1.0,vanilla_transformer_v10,2026-08-03 14:03:00
2026-04-01,002371,0.0005125179886817932,-0.028203582391142845,0.0005125179886817932,1.0,vanilla_transformer_v10,2026-08-03 14:03:00
2026-04-01,002465,0.00041913241147994995,-0.021737931296229362,0.00041913241147994995,1.0,vanilla_transformer_v10,2026-08-03 14:03:00
2026-04-01,688012,0.00040090084075927734,-0.04685845971107483,0.00040090084075927734,1.0,vanilla_transformer_v10,2026-08-03 14:03:00
2026-04-01,000568,-0.00029680877923965454,-0.0028260303661227226,0.00029680877923965454,0.0,vanilla_transformer_v10,2026-08-03 14:03:00
2026-04-01,600887,-0.00035243481397628784,0.003790995106101036,0.00035243481397628784,0.0,vanilla_transformer_v10,2026-08-03 14:03:00
2026-04-01,000858,-0.0005071982741355896,0.005829900968819857,0.0005071982741355896,0.0,vanilla_transformer_v10,2026-08-03 14:03:00
2026-04-01,600519,-0.000829644501209259,0.00030084882746450603,0.000829644501209259,0.0,vanilla_transformer_v10,2026-08-03 14:03:00
2026-04-02,601012,0.0033428147435188293,-0.04116273671388626,0.0033428147435188293,1.0,vanilla_transformer_v10,2026-08-03 14:03:00
2026-04-02,601138,0.0029008612036705017,0.0035461029037833214,0.0029008612036705017,1.0,vanilla_transformer_v10,2026-08-03 14:03:00
2026-04-02,002594,0.0028010234236717224,-0.026323137804865837,0.0028010234236717224,1.0,vanilla_transformer_v10,2026-08-03 14:03:00
2026-04-02,600438,0.0025546029210090637,-0.03768223151564598,0.0025546029210090637,1.0,vanilla_transformer_v10,2026-08-03 14:03:00
2026-04-02,300454,0.0023664310574531555,-0.022675778716802597,0.0023664310574531555,1.0,vanilla_transformer_v10,2026-08-03 14:03:00
2026-04-02,300782,0.0021755769848823547,0.051838237792253494,0.0021755769848823547,1.0,vanilla_transformer_v10,2026-08-03 14:03:00
2026-04-02,603501,0.0020153746008872986,-0.013213405385613441,0.0020153746008872986,1.0,vanilla_transformer_v10,2026-08-03 14:03:00
2026-04-02,000977,0.00176239013671875,0.005086035002022982,0.00176239013671875,1.0,vanilla_transformer_v10,2026-08-03 14:03:00
2026-04-02,002230,0.0014021992683410645,-0.0034917467273771763,0.0014021992683410645,1.0,vanilla_transformer_v10,2026-08-03 14:03:00
2026-04-02,002465,0.0013030990958213806,-0.018028929829597473,0.0013030990958213806,1.0,vanilla_transformer_v10,2026-08-03 14:03:00
2026-04-02,300750,0.001187652349472046,-0.037346843630075455,0.001187652349472046,1.0,vanilla_transformer_v10,2026-08-03 14:03:00
2026-04-02,600584,0.0011657029390335083,-0.004988592583686113,0.0011657029390335083,1.0,vanilla_transformer_v10,2026-08-03 14:03:00
2026-04-02,600036,0.0011385977268218994,-0.009085834957659245,0.0011385977268218994,1.0,vanilla_transformer_v10,2026-08-03 14:03:00
2026-04-02,300308,0.0007916837930679321,0.04126850888133049,0.0007916837930679321,1.0,vanilla_transformer_v10,2026-08-03 14:03:00
2026-04-02,688981,0.0007852986454963684,-0.015353312715888023,0.0007852986454963684,1.0,vanilla_transformer_v10,2026-08-03 14:03:00
2026-04-02,600887,0.0007105693221092224,-0.004550001583993435,0.0007105693221092224,1.0,vanilla_transformer_v10,2026-08-03 14:03:00
2026-04-02,688012,0.0006933584809303284,-0.019199730828404427,0.0006933584809303284,1.0,vanilla_transformer_v10,2026-08-03 14:03:00
2026-04-02,002371,0.0006514415144920349,-0.02672434411942959,0.0006514415144920349,1.0,vanilla_transformer_v10,2026-08-03 14:03:00
2026-04-02,000858,0.0005945265293121338,-0.014486962929368019,0.0005945265293121338,1.0,vanilla_transformer_v10,2026-08-03 14:03:00
2026-04-02,601318,0.0005476176738739014,-0.00016724738816265017,0.0005476176738739014,1.0,vanilla_transformer_v10,2026-08-03 14:03:00
2026-04-02,000568,0.00016089528799057007,-0.016079353168606758,0.00016089528799057007,1.0,vanilla_transformer_v10,2026-08-03 14:03:00
2026-04-02,600519,-0.00034431368112564087,8.22833098936826e-05,0.00034431368112564087,0.0,vanilla_transformer_v10,2026-08-03 14:03:00
2026-04-03,601012,0.003959156572818756,0.00240096147172153,0.003959156572818756,1.0,vanilla_transformer_v10,2026-08-03 14:03:00
2026-04-03,300454,0.0030340775847434998,0.000933561590500176,0.0030340775847434998,1.0,vanilla_transformer_v10,2026-08-03 14:03:00
2026-04-03,600438,0.0029255449771881104,0.0019153202883899212,0.0029255449771881104,1.0,vanilla_transformer_v10,2026-08-03 14:03:00
2026-04-03,300782,0.0026871711015701294,-0.013558582402765751,0.0026871711015701294,1.0,vanilla_transformer_v10,2026-08-03 14:03:00
2026-04-03,002594,0.00258665531873703,-0.010441266931593418,0.00258665531873703,1.0,vanilla_transformer_v10,2026-08-03 14:03:00
2026-04-03,603501,0.0022976770997047424,0.0073889982886612415,0.0022976770997047424,1.0,vanilla_transformer_v10,2026-08-03 14:03:00
2026-04-03,601138,0.0021436065435409546,0.007533898111432791,0.0021436065435409546,1.0,vanilla_transformer_v10,2026-08-03 14:03:00
2026-04-03,000977,0.0019466057419776917,0.04347468912601471,0.0019466057419776917,1.0,vanilla_transformer_v10,2026-08-03 14:03:00
2026-04-03,300750,0.0016717910766601562,-0.004850934725254774,0.0016717910766601562,1.0,vanilla_transformer_v10,2026-08-03 14:03:00
2026-04-03,002371,0.0016451850533485413,-0.005575528834015131,0.0016451850533485413,1.0,vanilla_transformer_v10,2026-08-03 14:03:00
2026-04-03,600584,0.0015812739729881287,0.013780778273940086,0.0015812739729881287,1.0,vanilla_transformer_v10,2026-08-03 14:03:00
2026-04-03,002230,0.0015699341893196106,-0.0030693355947732925,0.0015699341893196106,1.0,vanilla_transformer_v10,2026-08-03 14:03:00
2026-04-03,300308,0.0014570727944374084,0.021221138536930084,0.0014570727944374084,1.0,vanilla_transformer_v10,2026-08-03 14:03:00
2026-04-03,688012,0.0013300254940986633,0.0003388452169019729,0.0013300254940986633,1.0,vanilla_transformer_v10,2026-08-03 14:03:00
2026-04-03,002465,0.0013239607214927673,-0.0007785888737998903,0.0013239607214927673,1.0,vanilla_transformer_v10,2026-08-03 14:03:00
2026-04-03,688981,0.0013176053762435913,0.04098759591579437,0.0013176053762435913,1.0,vanilla_transformer_v10,2026-08-03 14:03:00
2026-04-03,601318,0.0008108094334602356,-0.009804824367165565,0.0008108094334602356,1.0,vanilla_transformer_v10,2026-08-03 14:03:00
2026-04-03,600036,0.0004507899284362793,-0.010453136637806892,0.0004507899284362793,1.0,vanilla_transformer_v10,2026-08-03 14:03:00
2026-04-03,600887,0.00026394426822662354,0.000759006361477077,0.00026394426822662354,1.0,vanilla_transformer_v10,2026-08-03 14:03:00
2026-04-03,000568,0.00011147558689117432,-0.007508079055696726,0.00011147558689117432,1.0,vanilla_transformer_v10,2026-08-03 14:03:00
2026-04-03,000858,-0.00010406225919723511,-0.003676963271573186,0.00010406225919723511,0.0,vanilla_transformer_v10,2026-08-03 14:03:00
2026-04-03,600519,-0.0005378797650337219,-0.013779481872916222,0.0005378797650337219,0.0,vanilla_transformer_v10,2026-08-03 14:03:00
2026-04-07,000977,0.002324700355529785,0.0525921955704689,0.002324700355529785,1.0,vanilla_transformer_v10,2026-08-03 14:03:00
2026-04-07,601138,0.002274252474308014,0.07385699450969696,0.002274252474308014,1.0,vanilla_transformer_v10,2026-08-03 14:03:00
2026-04-07,601012,0.0022641047835350037,0.03645220398902893,0.0022641047835350037,1.0,vanilla_transformer_v10,2026-08-03 14:03:00
2026-04-07,688981,0.0022190436720848083,0.05651910603046417,0.0022190436720848083,1.0,vanilla_transformer_v10,2026-08-03 14:03:00
2026-04-07,300454,0.0016255229711532593,0.10679028928279877,0.0016255229711532593,1.0,vanilla_transformer_v10,2026-08-03 14:03:00
2026-04-07,002594,0.0014327019453048706,0.03254003822803497,0.0014327019453048706,1.0,vanilla_transformer_v10,2026-08-03 14:03:00
2026-04-07,300750,0.0012896358966827393,0.017295753583312035,0.0012896358966827393,1.0,vanilla_transformer_v10,2026-08-03 14:03:00
2026-04-07,603501,0.00117502361536026,0.04971567168831825,0.00117502361536026,1.0,vanilla_transformer_v10,2026-08-03 14:03:00
2026-04-07,300308,0.001163378357887268,0.1050320416688919,0.001163378357887268,1.0,vanilla_transformer_v10,2026-08-03 14:03:00
2026-04-07,600438,0.001017242670059204,0.047447338700294495,0.001017242670059204,1.0,vanilla_transformer_v10,2026-08-03 14:03:00
2026-04-07,688012,0.0009763017296791077,0.07886146754026413,0.0009763017296791077,1.0,vanilla_transformer_v10,2026-08-03 14:03:00
2026-04-07,002371,0.000958658754825592,0.08992137759923935,0.000958658754825592,1.0,vanilla_transformer_v10,2026-08-03 14:03:00
2026-04-07,601318,0.0008079931139945984,0.047499723732471466,0.0008079931139945984,1.0,vanilla_transformer_v10,2026-08-03 14:03:00
2026-04-07,300782,0.0007661953568458557,0.0309080071747303,0.0007661953568458557,1.0,vanilla_transformer_v10,2026-08-03 14:03:00
2026-04-07,600584,0.0006718710064888,0.07821334898471832,0.0006718710064888,1.0,vanilla_transformer_v10,2026-08-03 14:03:00
2026-04-07,002465,0.00040671229362487793,0.055209286510944366,0.00040671229362487793,1.0,vanilla_transformer_v10,2026-08-03 14:03:00
2026-04-07,002230,0.00021735578775405884,0.04985260218381882,0.00021735578775405884,1.0,vanilla_transformer_v10,2026-08-03 14:03:00
2026-04-07,600036,-0.00039402395486831665,0.016022920608520508,0.00039402395486831665,0.0,vanilla_transformer_v10,2026-08-03 14:03:00
2026-04-07,000568,-0.0006723478436470032,0.014771404676139355,0.0006723478436470032,0.0,vanilla_transformer_v10,2026-08-03 14:03:00
2026-04-07,600887,-0.0007412955164909363,0.004166557919234037,0.0007412955164909363,0.0,vanilla_transformer_v10,2026-08-03 14:03:00
2026-04-07,600519,-0.0008293762803077698,0.017211969941854477,0.0008293762803077698,0.0,vanilla_transformer_v10,2026-08-03 14:03:00
2026-04-07,000858,-0.0010854899883270264,0.010419750586152077,0.0010854899883270264,0.0,vanilla_transformer_v10,2026-08-03 14:03:00
2026-04-08,601012,0.0021625012159347534,-0.023363957181572914,0.0021625012159347534,1.0,vanilla_transformer_v10,2026-08-03 14:03:00
2026-04-08,601138,0.0015560835599899292,-0.028433656319975853,0.0015560835599899292,1.0,vanilla_transformer_v10,2026-08-03 14:03:00
2026-04-08,300750,0.0014930590987205505,-0.003360496135428548,0.0014930590987205505,1.0,vanilla_transformer_v10,2026-08-03 14:03:00
2026-04-08,601318,0.0014715269207954407,-0.01199106965214014,0.0014715269207954407,1.0,vanilla_transformer_v10,2026-08-03 14:03:00
2026-04-08,600438,0.0013325512409210205,-0.023442288860678673,0.0013325512409210205,1.0,vanilla_transformer_v10,2026-08-03 14:03:00
2026-04-08,002594,0.0012529194355010986,-0.021874386817216873,0.0012529194355010986,1.0,vanilla_transformer_v10,2026-08-03 14:03:00
2026-04-08,603501,0.0009494796395301819,-0.012719503603875637,0.0009494796395301819,1.0,vanilla_transformer_v10,2026-08-03 14:03:00
2026-04-08,002230,0.0008483454585075378,-0.014715220779180527,0.0008483454585075378,1.0,vanilla_transformer_v10,2026-08-03 14:03:00
2026-04-08,002371,0.0006567910313606262,0.018915930762887,0.0006567910313606262,1.0,vanilla_transformer_v10,2026-08-03 14:03:00
2026-04-08,600584,0.0005208179354667664,-0.0016074589220806956,0.0005208179354667664,1.0,vanilla_transformer_v10,2026-08-03 14:03:00
2026-04-08,000977,0.00039456039667129517,0.03742951899766922,0.00039456039667129517,1.0,vanilla_transformer_v10,2026-08-03 14:03:00
2026-04-08,300454,0.00035659223794937134,-0.03769373893737793,0.00035659223794937134,1.0,vanilla_transformer_v10,2026-08-03 14:03:00
2026-04-08,688012,0.0002876967191696167,0.011301314458251,0.0002876967191696167,1.0,vanilla_transformer_v10,2026-08-03 14:03:00
2026-04-08,688981,0.00019913911819458008,-0.014534850604832172,0.00019913911819458008,1.0,vanilla_transformer_v10,2026-08-03 14:03:00
2026-04-08,002465,0.00013580173254013062,-0.012702410109341145,0.00013580173254013062,1.0,vanilla_transformer_v10,2026-08-03 14:03:00
2026-04-08,300782,-0.00027873367071151733,0.07304965704679489,0.00027873367071151733,0.0,vanilla_transformer_v10,2026-08-03 14:03:00
2026-04-08,600887,-0.0006370022892951965,-0.012176590971648693,0.0006370022892951965,0.0,vanilla_transformer_v10,2026-08-03 14:03:00
2026-04-08,600036,-0.0007718130946159363,-0.009117983281612396,0.0007718130946159363,0.0,vanilla_transformer_v10,2026-08-03 14:03:00
2026-04-08,000568,-0.000858701765537262,-0.02146112360060215,0.000858701765537262,0.0,vanilla_transformer_v10,2026-08-03 14:03:00
2026-04-08,300308,-0.0011912956833839417,0.007067275699228048,0.0011912956833839417,0.0,vanilla_transformer_v10,2026-08-03 14:03:00
2026-04-08,600519,-0.0012006685137748718,-0.0030970259103924036,0.0012006685137748718,0.0,vanilla_transformer_v10,2026-08-03 14:03:00
2026-04-08,000858,-0.0012240856885910034,-0.015380662865936756,0.0012240856885910034,0.0,vanilla_transformer_v10,2026-08-03 14:03:00
2026-04-09,000977,0.0033335313200950623,0.03663985803723335,0.0033335313200950623,1.0,vanilla_transformer_v10,2026-08-03 14:03:00
2026-04-09,601012,0.0029652491211891174,0.011735405772924423,0.0029652491211891174,1.0,vanilla_transformer_v10,2026-08-03 14:03:00
2026-04-09,300782,0.002468980848789215,0.023908590897917747,0.002468980848789215,1.0,vanilla_transformer_v10,2026-08-03 14:03:00
2026-04-09,600438,0.0022504255175590515,0.016728805378079414,0.0022504255175590515,1.0,vanilla_transformer_v10,2026-08-03 14:03:00
2026-04-09,601138,0.0021877065300941467,0.026949316263198853,0.0021877065300941467,1.0,vanilla_transformer_v10,2026-08-03 14:03:00
2026-04-09,300750,0.0019316449761390686,0.06456523388624191,0.0019316449761390686,1.0,vanilla_transformer_v10,2026-08-03 14:03:00
2026-04-09,688012,0.001872926950454712,0.00835457630455494,0.001872926950454712,1.0,vanilla_transformer_v10,2026-08-03 14:03:00
2026-04-09,002594,0.0018532201647758484,0.026286089792847633,0.0018532201647758484,1.0,vanilla_transformer_v10,2026-08-03 14:03:00
2026-04-09,603501,0.0017949268221855164,0.011729215271770954,0.0017949268221855164,1.0,vanilla_transformer_v10,2026-08-03 14:03:00
2026-04-09,600584,0.001687861979007721,0.02610417827963829,0.001687861979007721,1.0,vanilla_transformer_v10,2026-08-03 14:03:00
2026-04-09,002371,0.0014223754405975342,0.008528509177267551,0.0014223754405975342,1.0,vanilla_transformer_v10,2026-08-03 14:03:00
2026-04-09,300454,0.0013516545295715332,0.02626075968146324,0.0013516545295715332,1.0,vanilla_transformer_v10,2026-08-03 14:03:00
2026-04-09,002465,0.0013418644666671753,-0.003364803735166788,0.0013418644666671753,1.0,vanilla_transformer_v10,2026-08-03 14:03:00
2026-04-09,002230,0.0010832101106643677,0.009064534679055214,0.0010832101106643677,1.0,vanilla_transformer_v10,2026-08-03 14:03:00
2026-04-09,000568,0.0009116530418395996,-0.0028245500288903713,0.0009116530418395996,1.0,vanilla_transformer_v10,2026-08-03 14:03:00
2026-04-09,601318,0.000831112265586853,0.0013575522461906075,0.000831112265586853,1.0,vanilla_transformer_v10,2026-08-03 14:03:00
2026-04-09,688981,0.0008271485567092896,0.012853262946009636,0.0008271485567092896,1.0,vanilla_transformer_v10,2026-08-03 14:03:00
2026-04-09,600036,0.0007001757621765137,-0.0012767899315804243,0.0007001757621765137,1.0,vanilla_transformer_v10,2026-08-03 14:03:00
2026-04-09,600887,0.0005047917366027832,0.0007645278237760067,0.0005047917366027832,1.0,vanilla_transformer_v10,2026-08-03 14:03:00
2026-04-09,000858,0.00016100704669952393,-0.005176174454391003,0.00016100704669952393,1.0,vanilla_transformer_v10,2026-08-03 14:03:00
2026-04-09,300308,-0.00017262250185012817,0.058334000408649445,0.00017262250185012817,0.0,vanilla_transformer_v10,2026-08-03 14:03:00
2026-04-09,600519,-0.0005617737770080566,-0.00448089512065053,0.0005617737770080566,0.0,vanilla_transformer_v10,2026-08-03 14:03:00
2026-04-10,300750,0.002607978880405426,0.026408864185214043,0.002607978880405426,1.0,vanilla_transformer_v10,2026-08-03 14:03:00
2026-04-10,002594,0.0022387132048606873,0.025064896792173386,0.0022387132048606873,1.0,vanilla_transformer_v10,2026-08-03 14:03:00
2026-04-10,601138,0.002189032733440399,-0.01466433610767126,0.002189032733440399,1.0,vanilla_transformer_v10,2026-08-03 14:03:00
2026-04-10,000977,0.002092495560646057,0.012377702631056309,0.002092495560646057,1.0,vanilla_transformer_v10,2026-08-03 14:03:00
2026-04-10,601012,0.001819893717765808,0.032196465879678726,0.001819893717765808,1.0,vanilla_transformer_v10,2026-08-03 14:03:00
2026-04-10,600438,0.0014122352004051208,0.07561787217855453,0.0014122352004051208,1.0,vanilla_transformer_v10,2026-08-03 14:03:00
2026-04-10,300454,0.0013732090592384338,0.0132018206641078,0.0013732090592384338,1.0,vanilla_transformer_v10,2026-08-03 14:03:00
2026-04-10,002230,0.0012344792485237122,0.002936814446002245,0.0012344792485237122,1.0,vanilla_transformer_v10,2026-08-03 14:03:00
2026-04-10,603501,0.001064486801624298,-0.005502497777342796,0.001064486801624298,1.0,vanilla_transformer_v10,2026-08-03 14:03:00
2026-04-10,300782,0.001003764569759369,0.021395621821284294,0.001003764569759369,1.0,vanilla_transformer_v10,2026-08-03 14:03:00
2026-04-10,600584,0.0007970333099365234,-0.0039574159309268,0.0007970333099365234,1.0,vanilla_transformer_v10,2026-08-03 14:03:00
2026-04-10,601318,0.0006897449493408203,-0.01834612339735031,0.0006897449493408203,1.0,vanilla_transformer_v10,2026-08-03 14:03:00
2026-04-10,688981,0.0005030632019042969,-0.0036697289906442165,0.0005030632019042969,1.0,vanilla_transformer_v10,2026-08-03 14:03:00
2026-04-10,002465,0.00044380873441696167,0.013391811400651932,0.00044380873441696167,1.0,vanilla_transformer_v10,2026-08-03 14:03:00
2026-04-10,300308,0.00044026225805282593,0.00455058179795742,0.00044026225805282593,1.0,vanilla_transformer_v10,2026-08-03 14:03:00
2026-04-10,688012,0.00036334991455078125,-0.023168738931417465,0.00036334991455078125,1.0,vanilla_transformer_v10,2026-08-03 14:03:00
2026-04-10,000568,0.00030115991830825806,-0.0007808225345797837,0.00030115991830825806,1.0,vanilla_transformer_v10,2026-08-03 14:03:00
2026-04-10,002371,0.00020974129438400269,-0.009249341674149036,0.00020974129438400269,1.0,vanilla_transformer_v10,2026-08-03 14:03:00
2026-04-10,000858,-0.00023143738508224487,0.0034183859825134277,0.00023143738508224487,0.0,vanilla_transformer_v10,2026-08-03 14:03:00
2026-04-10,600887,-0.00025404244661331177,-0.006906547583639622,0.00025404244661331177,0.0,vanilla_transformer_v10,2026-08-03 14:03:00
2026-04-10,600036,-0.0004661977291107178,-0.005903501994907856,0.0004661977291107178,0.0,vanilla_transformer_v10,2026-08-03 14:03:00
2026-04-10,600519,-0.0005843266844749451,-0.007351832929998636,0.0005843266844749451,0.0,vanilla_transformer_v10,2026-08-03 14:03:00
2026-04-13,601012,0.0037626326084136963,-0.00739624910056591,0.0037626326084136963,1.0,vanilla_transformer_v10,2026-08-03 14:03:00
2026-04-13,600438,0.0035318806767463684,0.0028348341584205627,0.0035318806767463684,1.0,vanilla_transformer_v10,2026-08-03 14:03:00
2026-04-13,002594,0.00218750536441803,-0.004118810407817364,0.00218750536441803,1.0,vanilla_transformer_v10,2026-08-03 14:03:00
2026-04-13,002465,0.0013856515288352966,0.02949153445661068,0.0013856515288352966,1.0,vanilla_transformer_v10,2026-08-03 14:03:00
2026-04-13,000977,0.001334354281425476,-0.005143653601408005,0.001334354281425476,1.0,vanilla_transformer_v10,2026-08-03 14:03:00
2026-04-13,601318,0.0013225153088569641,0.020893342792987823,0.0013225153088569641,1.0,vanilla_transformer_v10,2026-08-03 14:03:00
2026-04-13,300454,0.0012536197900772095,0.036261335015296936,0.0012536197900772095,1.0,vanilla_transformer_v10,2026-08-03 14:03:00
2026-04-13,300750,0.0012201517820358276,0.008525262586772442,0.0012201517820358276,1.0,vanilla_transformer_v10,2026-08-03 14:03:00
2026-04-13,603501,0.0011522173881530762,-0.0017641423037275672,0.0011522173881530762,1.0,vanilla_transformer_v10,2026-08-03 14:03:00
2026-04-13,601138,0.0009453445672988892,0.05612783506512642,0.0009453445672988892,1.0,vanilla_transformer_v10,2026-08-03 14:03:00
2026-04-13,002230,0.0008291974663734436,0.011434104293584824,0.0008291974663734436,1.0,vanilla_transformer_v10,2026-08-03 14:03:00
2026-04-13,000568,0.0006870552897453308,0.007585480809211731,0.0006870552897453308,1.0,vanilla_transformer_v10,2026-08-03 14:03:00
2026-04-13,688981,0.0005136057734489441,0.008706030435860157,0.0005136057734489441,1.0,vanilla_transformer_v10,2026-08-03 14:03:00
2026-04-13,688012,0.0004978999495506287,0.02470257505774498,0.0004978999495506287,1.0,vanilla_transformer_v10,2026-08-03 14:03:00
2026-04-13,600887,0.0004411265254020691,0.0011559617705643177,0.0004411265254020691,1.0,vanilla_transformer_v10,2026-08-03 14:03:00
2026-04-13,600036,0.0003536045551300049,0.0038480968214571476,0.0003536045551300049,1.0,vanilla_transformer_v10,2026-08-03 14:03:00
2026-04-13,000858,0.0003309100866317749,0.006618835497647524,0.0003309100866317749,1.0,vanilla_transformer_v10,2026-08-03 14:03:00
2026-04-13,300782,0.0003263130784034729,0.0479157529771328,0.0003263130784034729,1.0,vanilla_transformer_v10,2026-08-03 14:03:00
2026-04-13,002371,0.00021993368864059448,0.019076580181717873,0.00021993368864059448,1.0,vanilla_transformer_v10,2026-08-03 14:03:00
2026-04-13,600584,5.318969488143921e-05,0.03421410918235779,5.318969488143921e-05,1.0,vanilla_transformer_v10,2026-08-03 14:03:00
2026-04-13,600519,-0.00016354024410247803,0.0024846040178090334,0.00016354024410247803,0.0,vanilla_transformer_v10,2026-08-03 14:03:00
2026-04-13,300308,-0.0008106455206871033,0.04633575677871704,0.0008106455206871033,0.0,vanilla_transformer_v10,2026-08-03 14:03:00
2026-04-14,601138,0.0027199015021324158,-0.018845411017537117,0.0027199015021324158,1.0,vanilla_transformer_v10,2026-08-03 14:03:00
2026-04-14,300782,0.0014360100030899048,-0.054027751088142395,0.0014360100030899048,1.0,vanilla_transformer_v10,2026-08-03 14:03:00
2026-04-14,300750,0.001400291919708252,0.0004956749617122114,0.001400291919708252,1.0,vanilla_transformer_v10,2026-08-03 14:03:00
2026-04-14,600438,0.0013829171657562256,-0.016031887382268906,0.0013829171657562256,1.0,vanilla_transformer_v10,2026-08-03 14:03:00
2026-04-14,002465,0.0012944415211677551,0.0,0.0012944415211677551,1.0,vanilla_transformer_v10,2026-08-03 14:03:00
2026-04-14,601012,0.0012028887867927551,-0.009723891504108906,0.0012028887867927551,1.0,vanilla_transformer_v10,2026-08-03 14:03:00
2026-04-14,600584,0.001162014901638031,-0.017115406692028046,0.001162014901638031,1.0,vanilla_transformer_v10,2026-08-03 14:03:00
2026-04-14,601318,0.0011088922619819641,-0.004611428361386061,0.0011088922619819641,1.0,vanilla_transformer_v10,2026-08-03 14:03:00
2026-04-14,002594,0.0010947957634925842,-0.007641707081347704,0.0010947957634925842,1.0,vanilla_transformer_v10,2026-08-03 14:03:00
2026-04-14,000977,0.0009971633553504944,0.013012336567044258,0.0009971633553504944,1.0,vanilla_transformer_v10,2026-08-03 14:03:00
2026-04-14,603501,0.0009369030594825745,-0.025187898427248,0.0009369030594825745,1.0,vanilla_transformer_v10,2026-08-03 14:03:00
2026-04-14,688012,0.0007814392447471619,-0.012833740562200546,0.0007814392447471619,1.0,vanilla_transformer_v10,2026-08-03 14:03:00
2026-04-14,002230,0.0007809922099113464,-0.016467323526740074,0.0007809922099113464,1.0,vanilla_transformer_v10,2026-08-03 14:03:00
2026-04-14,002371,0.0006373897194862366,-0.013800334185361862,0.0006373897194862366,1.0,vanilla_transformer_v10,2026-08-03 14:03:00
2026-04-14,300454,0.0004342794418334961,-0.03719191625714302,0.0004342794418334961,1.0,vanilla_transformer_v10,2026-08-03 14:03:00
2026-04-14,688981,0.0003278180956840515,0.02326931618154049,0.0003278180956840515,1.0,vanilla_transformer_v10,2026-08-03 14:03:00
2026-04-14,300308,0.00031892210245132446,0.008987758308649063,0.00031892210245132446,1.0,vanilla_transformer_v10,2026-08-03 14:03:00
2026-04-14,000568,0.00029596686363220215,-0.0011635135160759091,0.00029596686363220215,1.0,vanilla_transformer_v10,2026-08-03 14:03:00
2026-04-14,600036,-5.467236042022705e-05,0.019469961524009705,5.467236042022705e-05,0.0,vanilla_transformer_v10,2026-08-03 14:03:00
2026-04-14,000858,-7.218122482299805e-05,0.004357039928436279,7.218122482299805e-05,0.0,vanilla_transformer_v10,2026-08-03 14:03:00
2026-04-14,600887,-0.00011637061834335327,-0.011610766872763634,0.00011637061834335327,0.0,vanilla_transformer_v10,2026-08-03 14:03:00
2026-04-14,600519,-0.00041768699884414673,0.014136521145701408,0.00041768699884414673,0.0,vanilla_transformer_v10,2026-08-03 14:03:00
2026-04-15,600036,0.0017702803015708923,0.00026901005185209215,0.0017702803015708923,1.0,vanilla_transformer_v10,2026-08-03 14:03:00
2026-04-15,601138,0.0013990923762321472,0.025662651285529137,0.0013990923762321472,1.0,vanilla_transformer_v10,2026-08-03 14:03:00
2026-04-15,600887,0.0013853535056114197,-0.0035125194117426872,0.0013853535056114197,1.0,vanilla_transformer_v10,2026-08-03 14:03:00
2026-04-15,000977,0.0012398138642311096,-0.008743573911488056,0.0012398138642311096,1.0,vanilla_transformer_v10,2026-08-03 14:03:00
2026-04-15,603501,0.0012362673878669739,0.015080178156495094,0.0012362673878669739,1.0,vanilla_transformer_v10,2026-08-03 14:03:00
2026-04-15,002465,0.0011705532670021057,-0.0012565071228891611,0.0011705532670021057,1.0,vanilla_transformer_v10,2026-08-03 14:03:00
2026-04-15,002230,0.0011273100972175598,0.011705011129379272,0.0011273100972175598,1.0,vanilla_transformer_v10,2026-08-03 14:03:00
2026-04-15,002594,0.0011246278882026672,0.024076279252767563,0.0011246278882026672,1.0,vanilla_transformer_v10,2026-08-03 14:03:00
2026-04-15,000568,0.0009784325957298279,-0.00038813886931166053,0.0009784325957298279,1.0,vanilla_transformer_v10,2026-08-03 14:03:00
2026-04-15,688012,0.0006715953350067139,-0.005823112558573484,0.0006715953350067139,1.0,vanilla_transformer_v10,2026-08-03 14:03:00
2026-04-15,688981,0.0006232783198356628,0.0025950325652956963,0.0006232783198356628,1.0,vanilla_transformer_v10,2026-08-03 14:03:00
2026-04-15,300454,0.0005903765559196472,0.05778923258185387,0.0005903765559196472,1.0,vanilla_transformer_v10,2026-08-03 14:03:00
2026-04-15,300750,0.000538162887096405,0.051941532641649246,0.000538162887096405,1.0,vanilla_transformer_v10,2026-08-03 14:03:00
2026-04-15,000858,0.0005357712507247925,-0.0010667433962225914,0.0005357712507247925,1.0,vanilla_transformer_v10,2026-08-03 14:03:00
2026-04-15,601012,0.0004994645714759827,0.007468251045793295,0.0004994645714759827,1.0,vanilla_transformer_v10,2026-08-03 14:03:00
2026-04-15,600519,0.00043364614248275757,-0.0031802873127162457,0.00043364614248275757,1.0,vanilla_transformer_v10,2026-08-03 14:03:00
2026-04-15,300308,0.00018502026796340942,0.037284646183252335,0.00018502026796340942,1.0,vanilla_transformer_v10,2026-08-03 14:03:00
2026-04-15,601318,0.00017710775136947632,-0.0030497789848595858,0.00017710775136947632,1.0,vanilla_transformer_v10,2026-08-03 14:03:00
2026-04-15,600438,4.4383108615875244e-05,0.01433195173740387,4.4383108615875244e-05,1.0,vanilla_transformer_v10,2026-08-03 14:03:00
2026-04-15,300782,3.466010093688965e-05,0.019917316734790802,3.466010093688965e-05,1.0,vanilla_transformer_v10,2026-08-03 14:03:00
2026-04-15,600584,1.839548349380493e-05,0.0032122586853802204,1.839548349380493e-05,1.0,vanilla_transformer_v10,2026-08-03 14:03:00
2026-04-15,002371,-9.847432374954224e-05,-0.003033546032384038,9.847432374954224e-05,0.0,vanilla_transformer_v10,2026-08-03 14:03:00
2026-04-16,601138,0.002156682312488556,0.027502257376909256,0.002156682312488556,1.0,vanilla_transformer_v10,2026-08-03 14:03:00
2026-04-16,300750,0.0019354596734046936,-0.021773654967546463,0.0019354596734046936,1.0,vanilla_transformer_v10,2026-08-03 14:03:00
2026-04-16,002594,0.0017974823713302612,-0.016832096502184868,0.0017974823713302612,1.0,vanilla_transformer_v10,2026-08-03 14:03:00
2026-04-16,300782,0.001220501959323883,0.024167563766241074,0.001220501959323883,1.0,vanilla_transformer_v10,2026-08-03 14:03:00
2026-04-16,600438,0.0009421184659004211,0.0011336116585880518,0.0009421184659004211,1.0,vanilla_transformer_v10,2026-08-03 14:03:00
2026-04-16,601012,0.0006860420107841492,-0.004032322205603123,0.0006860420107841492,1.0,vanilla_transformer_v10,2026-08-03 14:03:00
2026-04-16,601318,0.0006639212369918823,-0.010307108983397484,0.0006639212369918823,1.0,vanilla_transformer_v10,2026-08-03 14:03:00
2026-04-16,000977,0.000550881028175354,-0.0007296607363969088,0.000550881028175354,1.0,vanilla_transformer_v10,2026-08-03 14:03:00
2026-04-16,600887,0.0004992187023162842,-0.008234642446041107,0.0004992187023162842,1.0,vanilla_transformer_v10,2026-08-03 14:03:00
2026-04-16,603501,0.0004887655377388,-0.007160120643675327,0.0004887655377388,1.0,vanilla_transformer_v10,2026-08-03 14:03:00
2026-04-16,688012,0.00048570334911346436,-0.01421675831079483,0.00048570334911346436,1.0,vanilla_transformer_v10,2026-08-03 14:03:00
2026-04-16,002230,0.0004674866795539856,0.0029087718576192856,0.0004674866795539856,1.0,vanilla_transformer_v10,2026-08-03 14:03:00
2026-04-16,300308,0.0003325268626213074,0.04986068606376648,0.0003325268626213074,1.0,vanilla_transformer_v10,2026-08-03 14:03:00
2026-04-16,002371,0.00028996914625167847,-0.007738068234175444,0.00028996914625167847,1.0,vanilla_transformer_v10,2026-08-03 14:03:00
2026-04-16,002465,2.2619962692260742e-05,0.013469718396663666,2.2619962692260742e-05,1.0,vanilla_transformer_v10,2026-08-03 14:03:00
2026-04-16,300454,-6.258487701416016e-06,-0.001143008004873991,6.258487701416016e-06,0.0,vanilla_transformer_v10,2026-08-03 14:03:00
2026-04-16,688981,-0.0001244768500328064,0.01002825889736414,0.0001244768500328064,0.0,vanilla_transformer_v10,2026-08-03 14:03:00
2026-04-16,600036,-0.0002649351954460144,-0.009820783510804176,0.0002649351954460144,0.0,vanilla_transformer_v10,2026-08-03 14:03:00
2026-04-16,600584,-0.0003399699926376343,0.005719396751374006,0.0003399699926376343,0.0,vanilla_transformer_v10,2026-08-03 14:03:00
2026-04-16,000568,-0.0003797784447669983,-0.01811382919549942,0.0003797784447669983,0.0,vanilla_transformer_v10,2026-08-03 14:03:00
2026-04-16,600519,-0.0007168948650360107,-0.0387490913271904,0.0007168948650360107,0.0,vanilla_transformer_v10,2026-08-03 14:03:00
2026-04-16,000858,-0.0007711127400398254,-0.015392035245895386,0.0007711127400398254,0.0,vanilla_transformer_v10,2026-08-03 14:03:00
2026-04-17,601138,0.002726323902606964,0.008774391375482082,0.002726323902606964,1.0,vanilla_transformer_v10,2026-08-03 14:03:00
2026-04-17,300782,0.00214192271232605,0.07695505768060684,0.00214192271232605,1.0,vanilla_transformer_v10,2026-08-03 14:03:00
2026-04-17,000977,0.0013105347752571106,0.06919917464256287,0.0013105347752571106,1.0,vanilla_transformer_v10,2026-08-03 14:03:00
2026-04-17,601012,0.0011915042996406555,0.011991070583462715,0.0011915042996406555,1.0,vanilla_transformer_v10,2026-08-03 14:03:00
2026-04-17,300308,0.0010981112718582153,-0.001176556688733399,0.0010981112718582153,1.0,vanilla_transformer_v10,2026-08-03 14:03:00
2026-04-17,002465,0.0010477825999259949,0.06831924617290497,0.0010477825999259949,1.0,vanilla_transformer_v10,2026-08-03 14:03:00
2026-04-17,300750,0.0009101554751396179,-0.026692969724535942,0.0009101554751396179,1.0,vanilla_transformer_v10,2026-08-03 14:03:00
2026-04-17,601318,0.0007915496826171875,0.010634316131472588,0.0007915496826171875,1.0,vanilla_transformer_v10,2026-08-03 14:03:00
2026-04-17,002594,0.0007810220122337341,-0.008415541611611843,0.0007810220122337341,1.0,vanilla_transformer_v10,2026-08-03 14:03:00
2026-04-17,688981,0.0007630810141563416,0.02561235800385475,0.0007630810141563416,1.0,vanilla_transformer_v10,2026-08-03 14:03:00
2026-04-17,600584,0.0007580891251564026,0.011523463763296604,0.0007580891251564026,1.0,vanilla_transformer_v10,2026-08-03 14:03:00
2026-04-17,688012,0.0006982907652854919,-0.0014582345029339194,0.0006982907652854919,1.0,vanilla_transformer_v10,2026-08-03 14:03:00
2026-04-17,002371,0.0006577298045158386,0.002804044634103775,0.0006577298045158386,1.0,vanilla_transformer_v10,2026-08-03 14:03:00
2026-04-17,603501,0.0002566799521446228,0.007935314439237118,0.0002566799521446228,1.0,vanilla_transformer_v10,2026-08-03 14:03:00
2026-04-17,002230,0.00016563385725021362,0.014403292909264565,0.00016563385725021362,1.0,vanilla_transformer_v10,2026-08-03 14:03:00
2026-04-17,300454,9.872764348983765e-05,-0.00670847250148654,9.872764348983765e-05,1.0,vanilla_transformer_v10,2026-08-03 14:03:00
2026-04-17,600438,9.012967348098755e-05,0.035165902227163315,9.012967348098755e-05,1.0,vanilla_transformer_v10,2026-08-03 14:03:00
2026-04-17,600036,-2.0541250705718994e-05,0.008834059350192547,2.0541250705718994e-05,0.0,vanilla_transformer_v10,2026-08-03 14:03:00
2026-04-17,600519,-0.0007338449358940125,0.0025898332241922617,0.0007338449358940125,0.0,vanilla_transformer_v10,2026-08-03 14:03:00
2026-04-17,600887,-0.0007686838507652283,0.004714487586170435,0.0007686838507652283,0.0,vanilla_transformer_v10,2026-08-03 14:03:00
2026-04-17,000568,-0.001738324761390686,-0.0054511926136910915,0.001738324761390686,0.0,vanilla_transformer_v10,2026-08-03 14:03:00
2026-04-17,000858,-0.0018159672617912292,-0.0050163231790065765,0.0018159672617912292,0.0,vanilla_transformer_v10,2026-08-03 14:03:00
2026-04-20,002465,0.002859644591808319,0.0,0.002859644591808319,1.0,vanilla_transformer_v10,2026-08-03 14:03:00
2026-04-20,000977,0.002753332257270813,-0.024211853742599487,0.002753332257270813,1.0,vanilla_transformer_v10,2026-08-03 14:03:00
2026-04-20,601138,0.002135075628757477,-0.0016393446130678058,0.002135075628757477,1.0,vanilla_transformer_v10,2026-08-03 14:03:00
2026-04-20,300782,0.0017176270484924316,-0.02422761172056198,0.0017176270484924316,1.0,vanilla_transformer_v10,2026-08-03 14:03:00
2026-04-20,600438,0.0015057548880577087,0.0,0.0015057548880577087,1.0,vanilla_transformer_v10,2026-08-03 14:03:00
2026-04-20,002371,0.0012870505452156067,-0.045299895107746124,0.0012870505452156067,1.0,vanilla_transformer_v10,2026-08-03 14:03:00
2026-04-20,601012,0.0010576844215393066,-0.003423724789172411,0.0010576844215393066,1.0,vanilla_transformer_v10,2026-08-03 14:03:00
2026-04-20,300750,0.0009998679161071777,0.03431018441915512,0.0009998679161071777,1.0,vanilla_transformer_v10,2026-08-03 14:03:00
2026-04-20,601318,0.0005679205060005188,-0.008762378245592117,0.0005679205060005188,1.0,vanilla_transformer_v10,2026-08-03 14:03:00
2026-04-20,688012,0.0004593580961227417,-0.014990292489528656,0.0004593580961227417,1.0,vanilla_transformer_v10,2026-08-03 14:03:00
2026-04-20,002230,0.0004279688000679016,-0.003273079637438059,0.0004279688000679016,1.0,vanilla_transformer_v10,2026-08-03 14:03:00
2026-04-20,300308,0.0002294108271598816,0.017331095412373543,0.0002294108271598816,1.0,vanilla_transformer_v10,2026-08-03 14:03:00
2026-04-20,002594,0.00011761486530303955,-0.013507634401321411,0.00011761486530303955,1.0,vanilla_transformer_v10,2026-08-03 14:03:00
2026-04-20,688981,0.00010103732347488403,-0.004642102867364883,0.00010103732347488403,1.0,vanilla_transformer_v10,2026-08-03 14:03:00
2026-04-20,600887,5.16548752784729e-05,0.0019582235254347324,5.16548752784729e-05,1.0,vanilla_transformer_v10,2026-08-03 14:03:00
2026-04-20,600584,1.1324882507324219e-06,-0.01035899855196476,1.1324882507324219e-06,1.0,vanilla_transformer_v10,2026-08-03 14:03:00
2026-04-20,600036,-9.134411811828613e-05,0.0,9.134411811828613e-05,0.0,vanilla_transformer_v10,2026-08-03 14:03:00
2026-04-20,603501,-0.0001809149980545044,-0.009968153201043606,0.0001809149980545044,0.0,vanilla_transformer_v10,2026-08-03 14:03:00
2026-04-20,000568,-0.00019551068544387817,-0.00039755014586262405,0.00019551068544387817,0.0,vanilla_transformer_v10,2026-08-03 14:03:00
2026-04-20,600519,-0.00030515342950820923,0.0007934155291877687,0.00030515342950820923,0.0,vanilla_transformer_v10,2026-08-03 14:03:00
2026-04-20,300454,-0.00035787373781204224,-0.0239312332123518,0.00035787373781204224,0.0,vanilla_transformer_v10,2026-08-03 14:03:00
2026-04-20,000858,-0.00044193118810653687,-0.0016777153359726071,0.00044193118810653687,0.0,vanilla_transformer_v10,2026-08-03 14:03:00
2026-04-21,300750,0.002047903835773468,-0.009894933551549911,0.002047903835773468,1.0,vanilla_transformer_v10,2026-08-03 14:03:00
2026-04-21,000977,0.0015943273901939392,0.03889751806855202,0.0015943273901939392,1.0,vanilla_transformer_v10,2026-08-03 14:03:00
2026-04-21,002371,0.0007491111755371094,0.059459395706653595,0.0007491111755371094,1.0,vanilla_transformer_v10,2026-08-03 14:03:00
2026-04-21,601138,0.0007250458002090454,0.08551768958568573,0.0007250458002090454,1.0,vanilla_transformer_v10,2026-08-03 14:03:00
2026-04-21,600438,0.000662781298160553,0.01250047143548727,0.000662781298160553,1.0,vanilla_transformer_v10,2026-08-03 14:03:00
2026-04-21,002465,0.0005121305584907532,0.005940611474215984,0.0005121305584907532,1.0,vanilla_transformer_v10,2026-08-03 14:03:00
2026-04-21,002594,0.0004382133483886719,0.0009062075987458229,0.0004382133483886719,1.0,vanilla_transformer_v10,2026-08-03 14:03:00
2026-04-21,601012,0.00032963603734970093,-0.002279384061694145,0.00032963603734970093,1.0,vanilla_transformer_v10,2026-08-03 14:03:00
2026-04-21,300308,0.00012633204460144043,0.024848666042089462,0.00012633204460144043,1.0,vanilla_transformer_v10,2026-08-03 14:03:00
2026-04-21,688012,-1.7896294593811035e-05,0.03533891960978508,1.7896294593811035e-05,0.0,vanilla_transformer_v10,2026-08-03 14:03:00
2026-04-21,300782,-0.00020632892847061157,0.02519058808684349,0.00020632892847061157,0.0,vanilla_transformer_v10,2026-08-03 14:03:00
2026-04-21,600887,-0.00032752007246017456,-0.010619299486279488,0.00032752007246017456,0.0,vanilla_transformer_v10,2026-08-03 14:03:00
2026-04-21,002230,-0.0004913210868835449,0.014852682128548622,0.0004913210868835449,0.0,vanilla_transformer_v10,2026-08-03 14:03:00
2026-04-21,600036,-0.0004999786615371704,-0.0032811230048537254,0.0004999786615371704,0.0,vanilla_transformer_v10,2026-08-03 14:03:00
2026-04-21,603501,-0.0005975291132926941,0.014375320635735989,0.0005975291132926941,0.0,vanilla_transformer_v10,2026-08-03 14:03:00
2026-04-21,000568,-0.000711195170879364,-0.0036839977838099003,0.000711195170879364,0.0,vanilla_transformer_v10,2026-08-03 14:03:00
2026-04-21,300454,-0.0007199123501777649,0.00596908712759614,0.0007199123501777649,0.0,vanilla_transformer_v10,2026-08-03 14:03:00
2026-04-21,000858,-0.0007439553737640381,-0.005351304542273283,0.0007439553737640381,0.0,vanilla_transformer_v10,2026-08-03 14:03:00
2026-04-21,600584,-0.0007798299193382263,0.03301504626870155,0.0007798299193382263,0.0,vanilla_transformer_v10,2026-08-03 14:03:00
2026-04-21,600519,-0.0010222643613815308,-0.001778731937520206,0.0010222643613815308,0.0,vanilla_transformer_v10,2026-08-03 14:03:00
2026-04-21,601318,-0.0010849609971046448,0.0,0.0010849609971046448,0.0,vanilla_transformer_v10,2026-08-03 14:03:00
2026-04-21,688981,-0.0012261644005775452,0.0038081130478531122,0.0012261644005775452,0.0,vanilla_transformer_v10,2026-08-03 14:03:00
2026-04-22,601138,0.0023109540343284607,0.015197103843092918,0.0023109540343284607,1.0,vanilla_transformer_v10,2026-08-03 14:03:00
2026-04-22,000977,0.001929454505443573,-0.005006201099604368,0.001929454505443573,1.0,vanilla_transformer_v10,2026-08-03 14:03:00
2026-04-22,002371,0.00117512047290802,-0.006191929802298546,0.00117512047290802,1.0,vanilla_transformer_v10,2026-08-03 14:03:00
2026-04-22,300750,0.0009217634797096252,0.005824838299304247,0.0009217634797096252,1.0,vanilla_transformer_v10,2026-08-03 14:03:00
2026-04-22,600584,0.00045668333768844604,-0.024476327002048492,0.00045668333768844604,1.0,vanilla_transformer_v10,2026-08-03 14:03:00
2026-04-22,688012,0.00043019652366638184,-0.015569758601486683,0.00043019652366638184,1.0,vanilla_transformer_v10,2026-08-03 14:03:00
2026-04-22,300782,0.0003115162253379822,-0.08950222283601761,0.0003115162253379822,1.0,vanilla_transformer_v10,2026-08-03 14:03:00
2026-04-22,601318,0.0003020539879798889,-0.002588605973869562,0.0003020539879798889,1.0,vanilla_transformer_v10,2026-08-03 14:03:00
2026-04-22,300308,0.0002102181315422058,0.011640621349215508,0.0002102181315422058,1.0,vanilla_transformer_v10,2026-08-03 14:03:00
2026-04-22,002465,0.0001556798815727234,-0.019101984798908234,0.0001556798815727234,1.0,vanilla_transformer_v10,2026-08-03 14:03:00
2026-04-22,002230,0.0001483708620071411,-0.01259941328316927,0.0001483708620071411,1.0,vanilla_transformer_v10,2026-08-03 14:03:00
2026-04-22,600438,7.183849811553955e-05,-0.007590356282889843,7.183849811553955e-05,1.0,vanilla_transformer_v10,2026-08-03 14:03:00
2026-04-22,002594,6.140023469924927e-05,-0.016279978677630424,6.140023469924927e-05,1.0,vanilla_transformer_v10,2026-08-03 14:03:00
2026-04-22,600887,-0.00019618868827819824,-0.0007902318029664457,0.00019618868827819824,0.0,vanilla_transformer_v10,2026-08-03 14:03:00
2026-04-22,603501,-0.00036588311195373535,-0.01884644292294979,0.00036588311195373535,0.0,vanilla_transformer_v10,2026-08-03 14:03:00
2026-04-22,300454,-0.00038726627826690674,-0.017189273610711098,0.00038726627826690674,0.0,vanilla_transformer_v10,2026-08-03 14:03:00
2026-04-22,601012,-0.0006809607148170471,-0.0011271840194240212,0.0006809607148170471,0.0,vanilla_transformer_v10,2026-08-03 14:03:00
2026-04-22,000568,-0.0007353723049163818,0.015935149043798447,0.0007353723049163818,0.0,vanilla_transformer_v10,2026-08-03 14:03:00
2026-04-22,000858,-0.0007920041680335999,0.005351304542273283,0.0007920041680335999,0.0,vanilla_transformer_v10,2026-08-03 14:03:00
2026-04-22,688981,-0.0009398758411407471,-0.017676401883363724,0.0009398758411407471,0.0,vanilla_transformer_v10,2026-08-03 14:03:00
2026-04-22,600519,-0.0011373087763786316,0.0067170183174312115,0.0011373087763786316,0.0,vanilla_transformer_v10,2026-08-03 14:03:00
2026-04-22,600036,-0.0013124272227287292,0.0017542680725455284,0.0013124272227287292,0.0,vanilla_transformer_v10,2026-08-03 14:03:00
2026-04-23,601138,0.0012940391898155212,-0.04371590539813042,0.0012940391898155212,1.0,vanilla_transformer_v10,2026-08-03 14:03:00
2026-04-23,300782,0.0008577331900596619,-0.020054563879966736,0.0008577331900596619,1.0,vanilla_transformer_v10,2026-08-03 14:03:00
2026-04-23,002594,0.0006065741181373596,-0.005220115650445223,0.0006065741181373596,1.0,vanilla_transformer_v10,2026-08-03 14:03:00
2026-04-23,601012,0.0005273744463920593,-0.008013514801859856,0.0005273744463920593,1.0,vanilla_transformer_v10,2026-08-03 14:03:00
2026-04-23,300750,0.0004183053970336914,0.013579911552369595,0.0004183053970336914,1.0,vanilla_transformer_v10,2026-08-03 14:03:00
2026-04-23,600438,0.0003880336880683899,-0.026521168649196625,0.0003880336880683899,1.0,vanilla_transformer_v10,2026-08-03 14:03:00
2026-04-23,300308,0.0003191903233528137,-0.01122345868498087,0.0003191903233528137,1.0,vanilla_transformer_v10,2026-08-03 14:03:00
2026-04-23,000977,0.00027996301651000977,0.013720504008233547,0.00027996301651000977,1.0,vanilla_transformer_v10,2026-08-03 14:03:00
2026-04-23,000568,0.00025469809770584106,0.007628506049513817,0.00025469809770584106,1.0,vanilla_transformer_v10,2026-08-03 14:03:00
2026-04-23,600887,0.00025138258934020996,-0.0007908567786216736,0.00025138258934020996,1.0,vanilla_transformer_v10,2026-08-03 14:03:00
2026-04-23,300454,0.00013547390699386597,0.03249090164899826,0.00013547390699386597,1.0,vanilla_transformer_v10,2026-08-03 14:03:00
2026-04-23,002230,2.7261674404144287e-05,0.0036694540176540613,2.7261674404144287e-05,1.0,vanilla_transformer_v10,2026-08-03 14:03:00
2026-04-23,000858,2.1941959857940674e-05,0.0008872237522155046,2.1941959857940674e-05,1.0,vanilla_transformer_v10,2026-08-03 14:03:00
2026-04-23,601318,1.65402889251709e-05,-0.0017110533080995083,1.65402889251709e-05,1.0,vanilla_transformer_v10,2026-08-03 14:03:00
2026-04-23,002465,-0.0001276060938835144,-0.04003271460533142,0.0001276060938835144,0.0,vanilla_transformer_v10,2026-08-03 14:03:00
2026-04-23,688012,-0.00017290562391281128,0.026113910600543022,0.00017290562391281128,0.0,vanilla_transformer_v10,2026-08-03 14:03:00
2026-04-23,002371,-0.00040697306394577026,-0.004853513557463884,0.00040697306394577026,0.0,vanilla_transformer_v10,2026-08-03 14:03:00
2026-04-23,600519,-0.0004208385944366455,0.027449462562799454,0.0004208385944366455,0.0,vanilla_transformer_v10,2026-08-03 14:03:00
2026-04-23,600584,-0.000602327287197113,0.010752142407000065,0.000602327287197113,0.0,vanilla_transformer_v10,2026-08-03 14:03:00
2026-04-23,600036,-0.0006611049175262451,-0.010844622738659382,0.0006611049175262451,0.0,vanilla_transformer_v10,2026-08-03 14:03:00
2026-04-23,603501,-0.0008589103817939758,0.028596624732017517,0.0008589103817939758,0.0,vanilla_transformer_v10,2026-08-03 14:03:00
2026-04-23,688981,-0.0009138137102127075,0.045919377356767654,0.0009138137102127075,0.0,vanilla_transformer_v10,2026-08-03 14:03:00
2026-04-24,601138,0.0011883080005645752,0.03390154987573624,0.0011883080005645752,1.0,vanilla_transformer_v10,2026-08-03 14:03:00
2026-04-24,000977,0.0008854568004608154,-0.022827984765172005,0.0008854568004608154,1.0,vanilla_transformer_v10,2026-08-03 14:03:00
2026-04-24,300454,0.000712268054485321,0.062310438603162766,0.000712268054485321,1.0,vanilla_transformer_v10,2026-08-03 14:03:00
2026-04-24,688981,0.000613480806350708,0.0494079552590847,0.000613480806350708,1.0,vanilla_transformer_v10,2026-08-03 14:03:00
2026-04-24,300750,0.000580519437789917,-0.022783907130360603,0.000580519437789917,1.0,vanilla_transformer_v10,2026-08-03 14:03:00
2026-04-24,600887,0.0003581717610359192,0.0,0.0003581717610359192,1.0,vanilla_transformer_v10,2026-08-03 14:03:00
2026-04-24,300308,0.0002750679850578308,-0.034359872341156006,0.0002750679850578308,1.0,vanilla_transformer_v10,2026-08-03 14:03:00
2026-04-24,300782,0.00024928152561187744,0.03709547221660614,0.00024928152561187744,1.0,vanilla_transformer_v10,2026-08-03 14:03:00
2026-04-24,601012,0.0002157166600227356,-0.01447577215731144,0.0002157166600227356,1.0,vanilla_transformer_v10,2026-08-03 14:03:00
2026-04-24,688012,0.00014015287160873413,0.08482254296541214,0.00014015287160873413,1.0,vanilla_transformer_v10,2026-08-03 14:03:00
2026-04-24,002230,0.00013643503189086914,0.01497182808816433,0.00013643503189086914,1.0,vanilla_transformer_v10,2026-08-03 14:03:00
2026-04-24,000568,0.00010201334953308105,-0.022465890273451805,0.00010201334953308105,1.0,vanilla_transformer_v10,2026-08-03 14:03:00
2026-04-24,002371,9.557604789733887e-05,0.08813261240720749,9.557604789733887e-05,1.0,vanilla_transformer_v10,2026-08-03 14:03:00
2026-04-24,600438,9.270012378692627e-05,-0.012988523580133915,9.270012378692627e-05,1.0,vanilla_transformer_v10,2026-08-03 14:03:00
2026-04-24,601318,1.668184995651245e-05,-0.0039853923954069614,1.668184995651245e-05,1.0,vanilla_transformer_v10,2026-08-03 14:03:00
2026-04-24,002594,-2.5607645511627197e-05,0.028565282002091408,2.5607645511627197e-05,0.0,vanilla_transformer_v10,2026-08-03 14:03:00
2026-04-24,603501,-5.7697296142578125e-05,0.09531712532043457,5.7697296142578125e-05,0.0,vanilla_transformer_v10,2026-08-03 14:03:00
2026-04-24,600519,-0.00011079758405685425,-0.03864622488617897,0.00011079758405685425,0.0,vanilla_transformer_v10,2026-08-03 14:03:00
2026-04-24,000858,-0.00011727958917617798,-0.010624775663018227,0.00011727958917617798,0.0,vanilla_transformer_v10,2026-08-03 14:03:00
2026-04-24,600584,-0.00026829540729522705,0.031405046582221985,0.00026829540729522705,0.0,vanilla_transformer_v10,2026-08-03 14:03:00
2026-04-24,600036,-0.0003267452120780945,0.0,0.0003267452120780945,0.0,vanilla_transformer_v10,2026-08-03 14:03:00
2026-04-24,002465,-0.00039836764335632324,-0.006918624509125948,0.00039836764335632324,0.0,vanilla_transformer_v10,2026-08-03 14:03:00
2026-04-27,601138,0.0017108842730522156,0.014008782804012299,0.0017108842730522156,1.0,vanilla_transformer_v10,2026-08-03 14:03:00
2026-04-27,300308,0.0008970275521278381,-0.038089849054813385,0.0008970275521278381,1.0,vanilla_transformer_v10,2026-08-03 14:03:00
2026-04-27,002594,0.0007017999887466431,-0.008440446108579636,0.0007017999887466431,1.0,vanilla_transformer_v10,2026-08-03 14:03:00
2026-04-27,000977,0.00044868141412734985,-0.03237693011760712,0.00044868141412734985,1.0,vanilla_transformer_v10,2026-08-03 14:03:00
2026-04-27,300454,0.0003221556544303894,-0.03844337537884712,0.0003221556544303894,1.0,vanilla_transformer_v10,2026-08-03 14:03:00
2026-04-27,002371,0.00028765201568603516,0.0018552241381257772,0.00028765201568603516,1.0,vanilla_transformer_v10,2026-08-03 14:03:00
2026-04-27,600584,0.0002237856388092041,-0.02672962099313736,0.0002237856388092041,1.0,vanilla_transformer_v10,2026-08-03 14:03:00
2026-04-27,300782,0.00021126121282577515,-0.017894266173243523,0.00021126121282577515,1.0,vanilla_transformer_v10,2026-08-03 14:03:00
2026-04-27,688012,0.00016698241233825684,0.028744494542479515,0.00016698241233825684,1.0,vanilla_transformer_v10,2026-08-03 14:03:00
2026-04-27,688981,0.00016286969184875488,-0.022379284724593163,0.00016286969184875488,1.0,vanilla_transformer_v10,2026-08-03 14:03:00
2026-04-27,600036,0.00011578947305679321,0.0055725593119859695,0.00011578947305679321,1.0,vanilla_transformer_v10,2026-08-03 14:03:00
2026-04-27,300750,9.087473154067993e-05,-0.016709372401237488,9.087473154067993e-05,1.0,vanilla_transformer_v10,2026-08-03 14:03:00
2026-04-27,601012,-4.538893699645996e-05,-0.011153029277920723,4.538893699645996e-05,0.0,vanilla_transformer_v10,2026-08-03 14:03:00
2026-04-27,603501,-9.003281593322754e-05,-0.00710953027009964,9.003281593322754e-05,0.0,vanilla_transformer_v10,2026-08-03 14:03:00
2026-04-27,601318,-0.00013155490159988403,0.0013856175355613232,0.00013155490159988403,0.0,vanilla_transformer_v10,2026-08-03 14:03:00
2026-04-27,002230,-0.00024869292974472046,-0.012940702959895134,0.00024869292974472046,0.0,vanilla_transformer_v10,2026-08-03 14:03:00
2026-04-27,002465,-0.00030156970024108887,-0.0419064499437809,0.00030156970024108887,0.0,vanilla_transformer_v10,2026-08-03 14:03:00
2026-04-27,600438,-0.0006301403045654297,-0.022380448877811432,0.0006301403045654297,0.0,vanilla_transformer_v10,2026-08-03 14:03:00
2026-04-27,600887,-0.0013495907187461853,0.009458749555051327,0.0013495907187461853,0.0,vanilla_transformer_v10,2026-08-03 14:03:00
2026-04-27,600519,-0.0016542896628379822,0.0012823835713788867,0.0016542896628379822,0.0,vanilla_transformer_v10,2026-08-03 14:03:00
2026-04-27,000568,-0.0017464011907577515,-0.0014969424810260534,0.0017464011907577515,0.0,vanilla_transformer_v10,2026-08-03 14:03:00
2026-04-27,000858,-0.0018042251467704773,0.0,0.0018042251467704773,0.0,vanilla_transformer_v10,2026-08-03 14:03:00
2026-04-28,600887,0.0014044418931007385,0.04149548336863518,0.0014044418931007385,1.0,vanilla_transformer_v10,2026-08-03 14:03:00
2026-04-28,601138,0.0012909173965454102,-0.028849955648183823,0.0012909173965454102,1.0,vanilla_transformer_v10,2026-08-03 14:03:00
2026-04-28,300308,0.0009718462824821472,0.02513626590371132,0.0009718462824821472,1.0,vanilla_transformer_v10,2026-08-03 14:03:00
2026-04-28,000977,0.00045258551836013794,0.0202685184776783,0.00045258551836013794,1.0,vanilla_transformer_v10,2026-08-03 14:03:00
2026-04-28,002465,0.00020078569650650024,0.01048371009528637,0.00020078569650650024,1.0,vanilla_transformer_v10,2026-08-03 14:03:00
2026-04-28,300750,0.00014509260654449463,0.039712294936180115,0.00014509260654449463,1.0,vanilla_transformer_v10,2026-08-03 14:03:00
2026-04-28,300782,0.00013265013694763184,-0.02622503787279129,0.00013265013694763184,1.0,vanilla_transformer_v10,2026-08-03 14:03:00
2026-04-28,002230,-0.00012777745723724365,-0.022832008078694344,0.00012777745723724365,0.0,vanilla_transformer_v10,2026-08-03 14:03:00
2026-04-28,601012,-0.0001486465334892273,-0.02388019673526287,0.0001486465334892273,0.0,vanilla_transformer_v10,2026-08-03 14:03:00
2026-04-28,600438,-0.00024344027042388916,0.005773081909865141,0.00024344027042388916,0.0,vanilla_transformer_v10,2026-08-03 14:03:00
2026-04-28,300454,-0.00024744123220443726,-0.009321031160652637,0.00024744123220443726,0.0,vanilla_transformer_v10,2026-08-03 14:03:00
2026-04-28,600036,-0.0003420636057853699,-0.02817862294614315,0.0003420636057853699,0.0,vanilla_transformer_v10,2026-08-03 14:03:00
2026-04-28,601318,-0.0004229024052619934,0.030759910121560097,0.0004229024052619934,0.0,vanilla_transformer_v10,2026-08-03 14:03:00
2026-04-28,000568,-0.0004748329520225525,0.015155268833041191,0.0004748329520225525,0.0,vanilla_transformer_v10,2026-08-03 14:03:00
2026-04-28,600584,-0.0005084127187728882,-0.016521329060196877,0.0005084127187728882,0.0,vanilla_transformer_v10,2026-08-03 14:03:00
2026-04-28,002594,-0.0006404146552085876,0.0379001758992672,0.0006404146552085876,0.0,vanilla_transformer_v10,2026-08-03 14:03:00
2026-04-28,000858,-0.0007252395153045654,-0.018734142184257507,0.0007252395153045654,0.0,vanilla_transformer_v10,2026-08-03 14:03:00
2026-04-28,002371,-0.0008051693439483643,-0.012646934017539024,0.0008051693439483643,0.0,vanilla_transformer_v10,2026-08-03 14:03:00
2026-04-28,600519,-0.0009357333183288574,-0.0027302484959363937,0.0009357333183288574,0.0,vanilla_transformer_v10,2026-08-03 14:03:00
2026-04-28,688012,-0.0011412948369979858,-0.006970781367272139,0.0011412948369979858,0.0,vanilla_transformer_v10,2026-08-03 14:03:00
2026-04-28,688981,-0.0012422874569892883,-0.013511928729712963,0.0012422874569892883,0.0,vanilla_transformer_v10,2026-08-03 14:03:00
2026-04-28,603501,-0.001383371651172638,-0.022423574700951576,0.001383371651172638,0.0,vanilla_transformer_v10,2026-08-03 14:03:00
2026-04-29,601012,0.00199282169342041,-0.005467179697006941,0.00199282169342041,1.0,vanilla_transformer_v10,2026-08-03 14:03:00
2026-04-29,600036,0.0018265023827552795,-0.0060127428732812405,0.0018265023827552795,1.0,vanilla_transformer_v10,2026-08-03 14:03:00
2026-04-29,601138,0.0011556968092918396,-0.05241430923342705,0.0011556968092918396,1.0,vanilla_transformer_v10,2026-08-03 14:03:00
2026-04-29,600887,0.0011169090867042542,0.03294797241687775,0.0011169090867042542,1.0,vanilla_transformer_v10,2026-08-03 14:03:00
2026-04-29,300308,0.0010302960872650146,0.014684013091027737,0.0010302960872650146,1.0,vanilla_transformer_v10,2026-08-03 14:03:00
2026-04-29,601318,0.0009617432951927185,-0.0010209840256720781,0.0009617432951927185,1.0,vanilla_transformer_v10,2026-08-03 14:03:00
2026-04-29,002594,0.0007218793034553528,-0.02324517071247101,0.0007218793034553528,1.0,vanilla_transformer_v10,2026-08-03 14:03:00
2026-04-29,300750,0.0005971714854240417,-0.020423367619514465,0.0005971714854240417,1.0,vanilla_transformer_v10,2026-08-03 14:03:00
2026-04-29,000977,0.0002610310912132263,-0.035629890859127045,0.0002610310912132263,1.0,vanilla_transformer_v10,2026-08-03 14:03:00
2026-04-29,002230,-8.955597877502441e-06,-0.005633041728287935,8.955597877502441e-06,0.0,vanilla_transformer_v10,2026-08-03 14:03:00
2026-04-29,000858,-8.012354373931885e-05,-0.012897436507046223,8.012354373931885e-05,0.0,vanilla_transformer_v10,2026-08-03 14:03:00
2026-04-29,600438,-8.676201105117798e-05,0.0022999329958111048,8.676201105117798e-05,0.0,vanilla_transformer_v10,2026-08-03 14:03:00
2026-04-29,300782,-0.0002947598695755005,-0.023412851616740227,0.0002947598695755005,0.0,vanilla_transformer_v10,2026-08-03 14:03:00
2026-04-29,300454,-0.0005054771900177002,0.03102092631161213,0.0005054771900177002,0.0,vanilla_transformer_v10,2026-08-03 14:03:00
2026-04-29,000568,-0.0005951821804046631,-0.01615219935774803,0.0005951821804046631,0.0,vanilla_transformer_v10,2026-08-03 14:03:00
2026-04-29,600519,-0.0011513903737068176,-0.011759250424802303,0.0011513903737068176,0.0,vanilla_transformer_v10,2026-08-03 14:03:00
2026-04-29,600584,-0.0012129098176956177,0.02669544517993927,0.0012129098176956177,0.0,vanilla_transformer_v10,2026-08-03 14:03:00
2026-04-29,002465,-0.0013036727905273438,0.04901901260018349,0.0013036727905273438,0.0,vanilla_transformer_v10,2026-08-03 14:03:00
2026-04-29,002371,-0.001903243362903595,0.05017763748764992,0.001903243362903595,0.0,vanilla_transformer_v10,2026-08-03 14:03:00
2026-04-29,688981,-0.0021179914474487305,0.054165489971637726,0.0021179914474487305,0.0,vanilla_transformer_v10,2026-08-03 14:03:00
2026-04-29,688012,-0.0021273568272590637,0.044954121112823486,0.0021273568272590637,0.0,vanilla_transformer_v10,2026-08-03 14:03:00
2026-04-29,603501,-0.002330288290977478,-0.03286851570010185,0.002330288290977478,0.0,vanilla_transformer_v10,2026-08-03 14:03:00
2026-04-30,600887,0.002087816596031189,-0.0003660201036836952,0.002087816596031189,1.0,vanilla_transformer_v10,2026-08-03 14:03:00
2026-04-30,601138,0.0018328651785850525,0.0031995761673897505,0.0018328651785850525,1.0,vanilla_transformer_v10,2026-08-03 14:03:00
2026-04-30,000977,0.0016513392329216003,0.04855484887957573,0.0016513392329216003,1.0,vanilla_transformer_v10,2026-08-03 14:03:00
2026-04-30,002465,0.0006254017353057861,0.021441901102662086,0.0006254017353057861,1.0,vanilla_transformer_v10,2026-08-03 14:03:00
2026-04-30,300308,0.0005567595362663269,-0.001749889925122261,0.0005567595362663269,1.0,vanilla_transformer_v10,2026-08-03 14:03:00
2026-04-30,300782,0.00042385607957839966,0.03529469296336174,0.00042385607957839966,1.0,vanilla_transformer_v10,2026-08-03 14:03:00
2026-04-30,601318,0.0003444477915763855,-0.0001613033382454887,0.0003444477915763855,1.0,vanilla_transformer_v10,2026-08-03 14:03:00
2026-04-30,600036,7.950514554977417e-05,-0.007084408774971962,7.950514554977417e-05,1.0,vanilla_transformer_v10,2026-08-03 14:03:00
2026-04-30,002230,4.408508539199829e-05,0.03475620225071907,4.408508539199829e-05,1.0,vanilla_transformer_v10,2026-08-03 14:03:00
2026-04-30,601012,-0.00011093169450759888,0.005467179697006941,0.00011093169450759888,0.0,vanilla_transformer_v10,2026-08-03 14:03:00
2026-04-30,300454,-0.00011691451072692871,0.06940004974603653,0.00011691451072692871,0.0,vanilla_transformer_v10,2026-08-03 14:03:00
2026-04-30,000858,-0.00019290298223495483,-0.05092431232333183,0.00019290298223495483,0.0,vanilla_transformer_v10,2026-08-03 14:03:00
2026-04-30,600584,-0.00022163242101669312,0.05633590742945671,0.00022163242101669312,0.0,vanilla_transformer_v10,2026-08-03 14:03:00
2026-04-30,002594,-0.00026895105838775635,-0.021874800324440002,0.00026895105838775635,0.0,vanilla_transformer_v10,2026-08-03 14:03:00
2026-04-30,688981,-0.0004071667790412903,0.03614502400159836,0.0004071667790412903,0.0,vanilla_transformer_v10,2026-08-03 14:03:00
2026-04-30,600438,-0.0004183277487754822,-0.0005744875525124371,0.0004183277487754822,0.0,vanilla_transformer_v10,2026-08-03 14:03:00
2026-04-30,000568,-0.000453852117061615,-0.01784207671880722,0.000453852117061615,0.0,vanilla_transformer_v10,2026-08-03 14:03:00
2026-04-30,300750,-0.0005426704883575439,0.05358046293258667,0.0005426704883575439,0.0,vanilla_transformer_v10,2026-08-03 14:03:00
2026-04-30,002371,-0.0006235688924789429,0.0154481902718544,0.0006235688924789429,0.0,vanilla_transformer_v10,2026-08-03 14:03:00
2026-04-30,600519,-0.0007315650582313538,-0.007094155997037888,0.0007315650582313538,0.0,vanilla_transformer_v10,2026-08-03 14:03:00
2026-04-30,603501,-0.0011639967560768127,0.026049409061670303,0.0011639967560768127,0.0,vanilla_transformer_v10,2026-08-03 14:03:00
2026-04-30,688012,-0.0011901333928108215,0.018438046798110008,0.0011901333928108215,0.0,vanilla_transformer_v10,2026-08-03 14:03:00
2026-05-06,601138,0.0011363700032234192,0.01728617213666439,0.0011363700032234192,1.0,vanilla_transformer_v10,2026-08-03 14:03:00
2026-05-06,000858,0.0011299476027488708,0.0036823563277721405,0.0011299476027488708,1.0,vanilla_transformer_v10,2026-08-03 14:03:00
2026-05-06,300308,0.00090818852186203,0.02477135695517063,0.00090818852186203,1.0,vanilla_transformer_v10,2026-08-03 14:03:00
2026-05-06,000977,0.0007611662149429321,0.0002720348129514605,0.0007611662149429321,1.0,vanilla_transformer_v10,2026-08-03 14:03:00
2026-05-06,002230,7.547438144683838e-06,0.010060565546154976,7.547438144683838e-06,1.0,vanilla_transformer_v10,2026-08-03 14:03:00
2026-05-06,300782,6.891787052154541e-06,0.03204118087887764,6.891787052154541e-06,1.0,vanilla_transformer_v10,2026-08-03 14:03:00
2026-05-06,300750,-1.9222497940063477e-06,-0.01834149844944477,1.9222497940063477e-06,0.0,vanilla_transformer_v10,2026-08-03 14:03:00
2026-05-06,600036,-0.0002653151750564575,-0.0012720549711957574,0.0002653151750564575,0.0,vanilla_transformer_v10,2026-08-03 14:03:00
2026-05-06,601012,-0.00035019218921661377,0.0,0.00035019218921661377,0.0,vanilla_transformer_v10,2026-08-03 14:03:00
2026-05-06,601318,-0.0004214271903038025,0.011388366110622883,0.0004214271903038025,0.0,vanilla_transformer_v10,2026-08-03 14:03:00
2026-05-06,600584,-0.0006080865859985352,0.011515801772475243,0.0006080865859985352,0.0,vanilla_transformer_v10,2026-08-03 14:03:00
2026-05-06,002594,-0.0006873458623886108,-0.0029025764670222998,0.0006873458623886108,0.0,vanilla_transformer_v10,2026-08-03 14:03:00
2026-05-06,000568,-0.0007558390498161316,0.0072965966537594795,0.0007558390498161316,0.0,vanilla_transformer_v10,2026-08-03 14:03:00
2026-05-06,688981,-0.0007931739091873169,0.018033010885119438,0.0007931739091873169,0.0,vanilla_transformer_v10,2026-08-03 14:03:00
2026-05-06,300454,-0.0008366480469703674,-0.007787706330418587,0.0008366480469703674,0.0,vanilla_transformer_v10,2026-08-03 14:03:00
2026-05-06,600887,-0.0009110495448112488,0.0029112230986356735,0.0009110495448112488,0.0,vanilla_transformer_v10,2026-08-03 14:03:00
2026-05-06,600438,-0.0009164214134216309,0.007494570221751928,0.0009164214134216309,0.0,vanilla_transformer_v10,2026-08-03 14:03:00
2026-05-06,002465,-0.0011320412158966064,0.019252289086580276,0.0011320412158966064,0.0,vanilla_transformer_v10,2026-08-03 14:03:00
2026-05-06,688012,-0.0013402029871940613,0.0033937417902052402,0.0013402029871940613,0.0,vanilla_transformer_v10,2026-08-03 14:03:00
2026-05-06,603501,-0.0014183595776557922,-0.006358402781188488,0.0014183595776557922,0.0,vanilla_transformer_v10,2026-08-03 14:03:00
2026-05-06,002371,-0.0014649108052253723,0.012375819496810436,0.0014649108052253723,0.0,vanilla_transformer_v10,2026-08-03 14:03:00
2026-05-06,600519,-0.0015315338969230652,-0.002877515275031328,0.0015315338969230652,0.0,vanilla_transformer_v10,2026-08-03 14:03:00
2026-05-07,300308,0.002029217779636383,0.009674638509750366,0.002029217779636383,1.0,vanilla_transformer_v10,2026-08-03 14:03:00
2026-05-07,601138,0.0012981295585632324,-0.014096801169216633,0.0012981295585632324,1.0,vanilla_transformer_v10,2026-08-03 14:03:00
2026-05-07,300782,0.001084849238395691,-0.026235220953822136,0.001084849238395691,1.0,vanilla_transformer_v10,2026-08-03 14:03:00
2026-05-07,601318,0.0008351355791091919,0.0003189283888787031,0.0008351355791091919,1.0,vanilla_transformer_v10,2026-08-03 14:03:00
2026-05-07,000858,0.0007758736610412598,-0.005090802907943726,0.0007758736610412598,1.0,vanilla_transformer_v10,2026-08-03 14:03:00
2026-05-07,000977,0.00013954192399978638,0.04327675327658653,0.00013954192399978638,1.0,vanilla_transformer_v10,2026-08-03 14:03:00
2026-05-07,601012,0.00012619048357009888,-0.011552986688911915,0.00012619048357009888,1.0,vanilla_transformer_v10,2026-08-03 14:03:00
2026-05-07,600438,7.72625207901001e-06,-0.015572243370115757,7.72625207901001e-06,1.0,vanilla_transformer_v10,2026-08-03 14:03:00
2026-05-07,300750,-7.098913192749023e-05,-0.032947689294815063,7.098913192749023e-05,0.0,vanilla_transformer_v10,2026-08-03 14:03:00
2026-05-07,600584,-0.00021693110466003418,0.040009673684835434,0.00021693110466003418,0.0,vanilla_transformer_v10,2026-08-03 14:03:00
2026-05-07,002230,-0.00023362785577774048,-0.0014100439148023725,0.00023362785577774048,0.0,vanilla_transformer_v10,2026-08-03 14:03:00
2026-05-07,000568,-0.0005752667784690857,-0.015463355928659439,0.0005752667784690857,0.0,vanilla_transformer_v10,2026-08-03 14:03:00
2026-05-07,600887,-0.0006698742508888245,-0.00036069005727767944,0.0006698742508888245,0.0,vanilla_transformer_v10,2026-08-03 14:03:00
2026-05-07,002465,-0.0006929785013198853,0.020676812157034874,0.0006929785013198853,0.0,vanilla_transformer_v10,2026-08-03 14:03:00
2026-05-07,002594,-0.0007003247737884521,-0.00436972314491868,0.0007003247737884521,0.0,vanilla_transformer_v10,2026-08-03 14:03:00
2026-05-07,600036,-0.0007186979055404663,-0.0002828987780958414,0.0007186979055404663,0.0,vanilla_transformer_v10,2026-08-03 14:03:00
2026-05-07,688981,-0.0008084028959274292,-0.04095830023288727,0.0008084028959274292,0.0,vanilla_transformer_v10,2026-08-03 14:03:00
2026-05-07,600519,-0.001058146357536316,0.001414516824297607,0.001058146357536316,0.0,vanilla_transformer_v10,2026-08-03 14:03:00
2026-05-07,002371,-0.0013381913304328918,-0.020771466195583344,0.0013381913304328918,0.0,vanilla_transformer_v10,2026-08-03 14:03:00
2026-05-07,300454,-0.001390501856803894,-0.008894645608961582,0.001390501856803894,0.0,vanilla_transformer_v10,2026-08-03 14:03:00
2026-05-07,688012,-0.0014181658625602722,-0.03870566561818123,0.0014181658625602722,0.0,vanilla_transformer_v10,2026-08-03 14:03:00
2026-05-07,603501,-0.0017358586192131042,-0.010785704478621483,0.0017358586192131042,0.0,vanilla_transformer_v10,2026-08-03 14:03:00
2026-05-08,000977,0.0028747394680976868,-0.006297299172729254,0.0028747394680976868,1.0,vanilla_transformer_v10,2026-08-03 14:03:00
2026-05-08,300308,0.001470901072025299,0.05930051580071449,0.001470901072025299,1.0,vanilla_transformer_v10,2026-08-03 14:03:00
2026-05-08,601012,0.0007660314440727234,0.015160891227424145,0.0007660314440727234,1.0,vanilla_transformer_v10,2026-08-03 14:03:00
2026-05-08,600584,0.0006973519921302795,0.09542129188776016,0.0006973519921302795,1.0,vanilla_transformer_v10,2026-08-03 14:03:00
2026-05-08,002465,0.0005965977907180786,-0.001137564075179398,0.0005965977907180786,1.0,vanilla_transformer_v10,2026-08-03 14:03:00
2026-05-08,601138,0.0004254952073097229,0.03979719057679176,0.0004254952073097229,1.0,vanilla_transformer_v10,2026-08-03 14:03:00
2026-05-08,002230,0.00038943439722061157,0.007789090741425753,0.00038943439722061157,1.0,vanilla_transformer_v10,2026-08-03 14:03:00
2026-05-08,300750,4.071742296218872e-05,0.020630065351724625,4.071742296218872e-05,1.0,vanilla_transformer_v10,2026-08-03 14:03:00
2026-05-08,000858,2.228468656539917e-05,-0.003476858139038086,2.228468656539917e-05,1.0,vanilla_transformer_v10,2026-08-03 14:03:00
2026-05-08,600036,8.560717105865479e-06,0.0008013387559913099,8.560717105865479e-06,1.0,vanilla_transformer_v10,2026-08-03 14:03:00
2026-05-08,300454,-4.439055919647217e-05,0.04462672397494316,4.439055919647217e-05,0.0,vanilla_transformer_v10,2026-08-03 14:03:00
2026-05-08,300782,-0.00046016275882720947,0.03400352969765663,0.00046016275882720947,0.0,vanilla_transformer_v10,2026-08-03 14:03:00
2026-05-08,601318,-0.00047688931226730347,0.0006906628259457648,0.00047688931226730347,0.0,vanilla_transformer_v10,2026-08-03 14:03:00
2026-05-08,600438,-0.0005024746060371399,0.0,0.0005024746060371399,0.0,vanilla_transformer_v10,2026-08-03 14:03:00
2026-05-08,002594,-0.000559590756893158,0.004180131480097771,0.000559590756893158,0.0,vanilla_transformer_v10,2026-08-03 14:03:00
2026-05-08,600887,-0.0006149634718894958,0.01943153701722622,0.0006149634718894958,0.0,vanilla_transformer_v10,2026-08-03 14:03:00
2026-05-08,000568,-0.0006204769015312195,-0.006379932165145874,0.0006204769015312195,0.0,vanilla_transformer_v10,2026-08-03 14:03:00
2026-05-08,600519,-0.0010456964373588562,-0.008529036305844784,0.0010456964373588562,0.0,vanilla_transformer_v10,2026-08-03 14:03:00
2026-05-08,688012,-0.001165837049484253,0.03619384765625,0.001165837049484253,0.0,vanilla_transformer_v10,2026-08-03 14:03:00
2026-05-08,688981,-0.00169304758310318,0.018202537670731544,0.00169304758310318,0.0,vanilla_transformer_v10,2026-08-03 14:03:00
2026-05-08,002371,-0.0017617493867874146,0.0581870973110199,0.0017617493867874146,0.0,vanilla_transformer_v10,2026-08-03 14:03:00
2026-05-08,603501,-0.002229735255241394,0.021886518225073814,0.002229735255241394,0.0,vanilla_transformer_v10,2026-08-03 14:03:00
2026-05-11,300308,0.0020055845379829407,0.07956815510988235,0.0020055845379829407,1.0,vanilla_transformer_v10,2026-08-03 14:03:00
2026-05-11,601138,0.0014791935682296753,-0.022304799407720566,0.0014791935682296753,1.0,vanilla_transformer_v10,2026-08-03 14:03:00
2026-05-11,601012,0.0004442259669303894,0.005417922977358103,0.0004442259669303894,1.0,vanilla_transformer_v10,2026-08-03 14:03:00
2026-05-11,000977,0.0004148930311203003,-0.038503799587488174,0.0004148930311203003,1.0,vanilla_transformer_v10,2026-08-03 14:03:00
2026-05-11,300454,0.00027101486921310425,-0.0043973070569336414,0.00027101486921310425,1.0,vanilla_transformer_v10,2026-08-03 14:03:00
2026-05-11,300750,5.9507787227630615e-05,-0.03387419879436493,5.9507787227630615e-05,1.0,vanilla_transformer_v10,2026-08-03 14:03:00
2026-05-11,002230,-0.00039105862379074097,-0.02966250106692314,0.00039105862379074097,0.0,vanilla_transformer_v10,2026-08-03 14:03:00
2026-05-11,300782,-0.00041668862104415894,0.023105014115571976,0.00041668862104415894,0.0,vanilla_transformer_v10,2026-08-03 14:03:00
2026-05-11,600887,-0.000418052077293396,-0.0017835978651419282,0.000418052077293396,0.0,vanilla_transformer_v10,2026-08-03 14:03:00
2026-05-11,600584,-0.0005012452602386475,-0.010635556653141975,0.0005012452602386475,0.0,vanilla_transformer_v10,2026-08-03 14:03:00
2026-05-11,600438,-0.0005639940500259399,-0.013467146083712578,0.0005639940500259399,0.0,vanilla_transformer_v10,2026-08-03 14:03:00
2026-05-11,002371,-0.0005974844098091125,0.014306441880762577,0.0005974844098091125,0.0,vanilla_transformer_v10,2026-08-03 14:03:00
2026-05-11,688012,-0.0006592348217964172,0.012470852583646774,0.0006592348217964172,0.0,vanilla_transformer_v10,2026-08-03 14:03:00
2026-05-11,000858,-0.0006996020674705505,-0.013713711872696877,0.0006996020674705505,0.0,vanilla_transformer_v10,2026-08-03 14:03:00
2026-05-11,601318,-0.0007454082369804382,-0.011699164286255836,0.0007454082369804382,0.0,vanilla_transformer_v10,2026-08-03 14:03:00
2026-05-11,000568,-0.0007525607943534851,-0.022222859784960747,0.0007525607943534851,0.0,vanilla_transformer_v10,2026-08-03 14:03:00
2026-05-11,600036,-0.000958368182182312,-0.0018393194768577814,0.000958368182182312,0.0,vanilla_transformer_v10,2026-08-03 14:03:00
2026-05-11,002465,-0.001022636890411377,-0.032724782824516296,0.001022636890411377,0.0,vanilla_transformer_v10,2026-08-03 14:03:00
2026-05-11,002594,-0.0011750608682632446,-0.012113267555832863,0.0011750608682632446,0.0,vanilla_transformer_v10,2026-08-03 14:03:00
2026-05-11,600519,-0.0012910887598991394,-0.004992321599274874,0.0012910887598991394,0.0,vanilla_transformer_v10,2026-08-03 14:03:00
2026-05-11,688981,-0.0014458373188972473,-0.004417185205966234,0.0014458373188972473,0.0,vanilla_transformer_v10,2026-08-03 14:03:00
2026-05-11,603501,-0.0018542781472206116,0.018888583406805992,0.0018542781472206116,0.0,vanilla_transformer_v10,2026-08-03 14:03:00
2026-05-12,601012,0.0015997067093849182,0.004784698132425547,0.0015997067093849182,1.0,vanilla_transformer_v10,2026-08-03 14:03:00
2026-05-12,601138,0.0011804625391960144,0.09531018137931824,0.0011804625391960144,1.0,vanilla_transformer_v10,2026-08-03 14:03:00
2026-05-12,300308,0.0011756792664527893,0.030197370797395706,0.0011756792664527893,1.0,vanilla_transformer_v10,2026-08-03 14:03:00
2026-05-12,000977,0.0007887333631515503,0.056505922228097916,0.0007887333631515503,1.0,vanilla_transformer_v10,2026-08-03 14:03:00
2026-05-12,600438,0.0003828182816505432,0.012887665070593357,0.0003828182816505432,1.0,vanilla_transformer_v10,2026-08-03 14:03:00
2026-05-12,000858,0.0002969503402709961,-0.01569301262497902,0.0002969503402709961,1.0,vanilla_transformer_v10,2026-08-03 14:03:00
2026-05-12,600036,0.0001484304666519165,-0.0005666257347911596,0.0001484304666519165,1.0,vanilla_transformer_v10,2026-08-03 14:03:00
2026-05-12,002230,8.849799633026123e-05,0.01160554587841034,8.849799633026123e-05,1.0,vanilla_transformer_v10,2026-08-03 14:03:00
2026-05-12,600584,6.974488496780396e-05,0.03991151228547096,6.974488496780396e-05,1.0,vanilla_transformer_v10,2026-08-03 14:03:00
2026-05-12,000568,-4.6133995056152344e-05,-0.022189291194081306,4.6133995056152344e-05,0.0,vanilla_transformer_v10,2026-08-03 14:03:00
2026-05-12,300782,-6.458163261413574e-05,0.14405667781829834,6.458163261413574e-05,0.0,vanilla_transformer_v10,2026-08-03 14:03:00
2026-05-12,300750,-0.00011732429265975952,0.006472668144851923,0.00011732429265975952,0.0,vanilla_transformer_v10,2026-08-03 14:03:00
2026-05-12,300454,-0.0003233775496482849,0.004782114643603563,0.0003233775496482849,0.0,vanilla_transformer_v10,2026-08-03 14:03:00
2026-05-12,600887,-0.00035155564546585083,-0.0039368849247694016,0.00035155564546585083,0.0,vanilla_transformer_v10,2026-08-03 14:03:00
2026-05-12,002465,-0.0008292049169540405,-0.003028775565326214,0.0008292049169540405,0.0,vanilla_transformer_v10,2026-08-03 14:03:00
2026-05-12,688981,-0.0009290575981140137,-0.0009842520812526345,0.0009290575981140137,0.0,vanilla_transformer_v10,2026-08-03 14:03:00
2026-05-12,688012,-0.001036323606967926,0.04319849982857704,0.001036323606967926,0.0,vanilla_transformer_v10,2026-08-03 14:03:00
2026-05-12,002594,-0.0010507628321647644,-0.006385697051882744,0.0010507628321647644,0.0,vanilla_transformer_v10,2026-08-03 14:03:00
2026-05-12,601318,-0.0011525005102157593,-0.02315698377788067,0.0011525005102157593,0.0,vanilla_transformer_v10,2026-08-03 14:03:00
2026-05-12,600519,-0.0011528804898262024,-0.0077524869702756405,0.0011528804898262024,0.0,vanilla_transformer_v10,2026-08-03 14:03:00
2026-05-12,603501,-0.0014920905232429504,0.0018974670674651861,0.0014920905232429504,0.0,vanilla_transformer_v10,2026-08-03 14:03:00
2026-05-12,002371,-0.0017334595322608948,-0.00077272136695683,0.0017334595322608948,0.0,vanilla_transformer_v10,2026-08-03 14:03:00
2026-05-13,601138,0.00209634006023407,-0.032157886773347855,0.00209634006023407,1.0,vanilla_transformer_v10,2026-08-03 14:03:00
2026-05-13,000977,0.0008788257837295532,-0.07764917612075806,0.0008788257837295532,1.0,vanilla_transformer_v10,2026-08-03 14:03:00
2026-05-13,300308,0.0006842613220214844,0.02707963064312935,0.0006842613220214844,1.0,vanilla_transformer_v10,2026-08-03 14:03:00
2026-05-13,600584,0.0004271194338798523,-0.056899044662714005,0.0004271194338798523,1.0,vanilla_transformer_v10,2026-08-03 14:03:00
2026-05-13,300782,0.0002568289637565613,0.10427524894475937,0.0002568289637565613,1.0,vanilla_transformer_v10,2026-08-03 14:03:00
2026-05-13,601012,0.00021586567163467407,-0.029026633128523827,0.00021586567163467407,1.0,vanilla_transformer_v10,2026-08-03 14:03:00
2026-05-13,000858,0.0001886710524559021,-0.0017918216763064265,0.0001886710524559021,1.0,vanilla_transformer_v10,2026-08-03 14:03:00
2026-05-13,601318,-4.933774471282959e-05,-0.01988402009010315,4.933774471282959e-05,0.0,vanilla_transformer_v10,2026-08-03 14:03:00
2026-05-13,300750,-0.0002271011471748352,-0.01638101600110531,0.0002271011471748352,0.0,vanilla_transformer_v10,2026-08-03 14:03:00
2026-05-13,000568,-0.00027579814195632935,0.017640624195337296,0.00027579814195632935,0.0,vanilla_transformer_v10,2026-08-03 14:03:00
2026-05-13,600438,-0.00033551454544067383,-0.01582782156765461,0.00033551454544067383,0.0,vanilla_transformer_v10,2026-08-03 14:03:00
2026-05-13,002230,-0.0006286799907684326,-0.035444069653749466,0.0006286799907684326,0.0,vanilla_transformer_v10,2026-08-03 14:03:00
2026-05-13,688981,-0.0007396712899208069,-0.033036038279533386,0.0007396712899208069,0.0,vanilla_transformer_v10,2026-08-03 14:03:00
2026-05-13,688012,-0.0007481276988983154,-0.04650716856122017,0.0007481276988983154,0.0,vanilla_transformer_v10,2026-08-03 14:03:00
2026-05-13,600887,-0.0008612200617790222,-0.004309760872274637,0.0008612200617790222,0.0,vanilla_transformer_v10,2026-08-03 14:03:00
2026-05-13,300454,-0.0009603947401046753,-0.06164950132369995,0.0009603947401046753,0.0,vanilla_transformer_v10,2026-08-03 14:03:00
2026-05-13,002594,-0.0009968355298042297,0.0013189854798838496,0.0009968355298042297,0.0,vanilla_transformer_v10,2026-08-03 14:03:00
2026-05-13,600036,-0.001049131155014038,-0.0018437542021274567,0.001049131155014038,0.0,vanilla_transformer_v10,2026-08-03 14:03:00
2026-05-13,002465,-0.0013071224093437195,-0.06186823174357414,0.0013071224093437195,0.0,vanilla_transformer_v10,2026-08-03 14:03:00
2026-05-13,600519,-0.0013482123613357544,-0.0014300360344350338,0.0013482123613357544,0.0,vanilla_transformer_v10,2026-08-03 14:03:00
2026-05-13,002371,-0.0013596788048744202,-0.028988556936383247,0.0013596788048744202,0.0,vanilla_transformer_v10,2026-08-03 14:03:00
2026-05-13,603501,-0.0019350498914718628,-0.029497722163796425,0.0019350498914718628,0.0,vanilla_transformer_v10,2026-08-03 14:03:00
2026-05-14,601138,0.0025698989629745483,-0.014300046488642693,0.0025698989629745483,1.0,vanilla_transformer_v10,2026-08-03 14:03:00
2026-05-14,000977,0.002498440444469452,-0.019583402201533318,0.002498440444469452,1.0,vanilla_transformer_v10,2026-08-03 14:03:00
2026-05-14,601012,0.001936987042427063,-0.04389917850494385,0.001936987042427063,1.0,vanilla_transformer_v10,2026-08-03 14:03:00
2026-05-14,000858,0.0016737878322601318,-0.024110721424221992,0.0016737878322601318,1.0,vanilla_transformer_v10,2026-08-03 14:03:00
2026-05-14,600438,0.0010280311107635498,-0.04159410297870636,0.0010280311107635498,1.0,vanilla_transformer_v10,2026-08-03 14:03:00
2026-05-14,000568,0.001010008156299591,-0.03615022450685501,0.001010008156299591,1.0,vanilla_transformer_v10,2026-08-03 14:03:00
2026-05-14,002230,0.000774286687374115,-0.011388552375137806,0.000774286687374115,1.0,vanilla_transformer_v10,2026-08-03 14:03:00
2026-05-14,600036,0.0003083422780036926,-0.004220315720885992,0.0003083422780036926,1.0,vanilla_transformer_v10,2026-08-03 14:03:00
2026-05-14,002465,0.0002979785203933716,-0.03474883362650871,0.0002979785203933716,1.0,vanilla_transformer_v10,2026-08-03 14:03:00
2026-05-14,300454,0.00015477091073989868,-0.012103395536541939,0.00015477091073989868,1.0,vanilla_transformer_v10,2026-08-03 14:03:00
2026-05-14,300308,0.00011455267667770386,-0.026441873982548714,0.00011455267667770386,1.0,vanilla_transformer_v10,2026-08-03 14:03:00
2026-05-14,300750,-2.107769250869751e-05,-0.007995556108653545,2.107769250869751e-05,0.0,vanilla_transformer_v10,2026-08-03 14:03:00
2026-05-14,601318,-0.00012895464897155762,-0.024877753108739853,0.00012895464897155762,0.0,vanilla_transformer_v10,2026-08-03 14:03:00
2026-05-14,600887,-0.0003399476408958435,-0.006137831602245569,0.0003399476408958435,0.0,vanilla_transformer_v10,2026-08-03 14:03:00
2026-05-14,600519,-0.00034065544605255127,-0.0068925837986171246,0.00034065544605255127,0.0,vanilla_transformer_v10,2026-08-03 14:03:00
2026-05-14,002594,-0.0008144006133079529,-0.024901604279875755,0.0008144006133079529,0.0,vanilla_transformer_v10,2026-08-03 14:03:00
2026-05-14,600584,-0.0008234605193138123,0.06660967320203781,0.0008234605193138123,0.0,vanilla_transformer_v10,2026-08-03 14:03:00
2026-05-14,688981,-0.0010408908128738403,0.009454738348722458,0.0010408908128738403,0.0,vanilla_transformer_v10,2026-08-03 14:03:00
2026-05-14,300782,-0.00128898024559021,-0.05284038931131363,0.00128898024559021,0.0,vanilla_transformer_v10,2026-08-03 14:03:00
2026-05-14,688012,-0.0019744187593460083,0.11163255572319031,0.0019744187593460083,0.0,vanilla_transformer_v10,2026-08-03 14:03:00
2026-05-14,002371,-0.0021255314350128174,0.047742586582899094,0.0021255314350128174,0.0,vanilla_transformer_v10,2026-08-03 14:03:00
2026-05-14,603501,-0.002142101526260376,0.008855030871927738,0.002142101526260376,0.0,vanilla_transformer_v10,2026-08-03 14:03:00
2026-05-15,601012,0.002674095332622528,-0.0299504566937685,0.002674095332622528,1.0,vanilla_transformer_v10,2026-08-03 14:03:00
2026-05-15,601138,0.0021508261561393738,0.01991461031138897,0.0021508261561393738,1.0,vanilla_transformer_v10,2026-08-03 14:03:00
2026-05-15,600438,0.0010580196976661682,-0.01111184898763895,0.0010580196976661682,1.0,vanilla_transformer_v10,2026-08-03 14:03:00
2026-05-15,601318,0.0009928569197654724,-0.011045362800359726,0.0009928569197654724,1.0,vanilla_transformer_v10,2026-08-03 14:03:00
2026-05-15,000977,0.0008928030729293823,0.0056586842983961105,0.0008928030729293823,1.0,vanilla_transformer_v10,2026-08-03 14:03:00
2026-05-15,002465,0.0008557513356208801,0.06650874018669128,0.0008557513356208801,1.0,vanilla_transformer_v10,2026-08-03 14:03:00
2026-05-15,000858,0.0007520243525505066,-0.015080680139362812,0.0007520243525505066,1.0,vanilla_transformer_v10,2026-08-03 14:03:00
2026-05-15,600584,0.0006466060876846313,0.004820179659873247,0.0006466060876846313,1.0,vanilla_transformer_v10,2026-08-03 14:03:00
2026-05-15,000568,0.0005944520235061646,-0.011381923221051693,0.0005944520235061646,1.0,vanilla_transformer_v10,2026-08-03 14:03:00
2026-05-15,300308,0.0004286766052246094,-0.004648195579648018,0.0004286766052246094,1.0,vanilla_transformer_v10,2026-08-03 14:03:00
2026-05-15,002230,0.0002991482615470886,0.03276020288467407,0.0002991482615470886,1.0,vanilla_transformer_v10,2026-08-03 14:03:00
2026-05-15,688981,0.00025935471057891846,-0.011832457035779953,0.00025935471057891846,1.0,vanilla_transformer_v10,2026-08-03 14:03:00
2026-05-15,300454,0.00010219216346740723,-0.0060654086992144585,0.00010219216346740723,1.0,vanilla_transformer_v10,2026-08-03 14:03:00
2026-05-15,688012,2.3670494556427002e-05,0.013420263305306435,2.3670494556427002e-05,1.0,vanilla_transformer_v10,2026-08-03 14:03:00
2026-05-15,600036,2.123415470123291e-05,-0.0048110224306583405,2.123415470123291e-05,1.0,vanilla_transformer_v10,2026-08-03 14:03:00
2026-05-15,300750,-0.00025966763496398926,-0.015152359381318092,0.00025966763496398926,0.0,vanilla_transformer_v10,2026-08-03 14:03:00
2026-05-15,002594,-0.0002815723419189453,-0.018764274194836617,0.0002815723419189453,0.0,vanilla_transformer_v10,2026-08-03 14:03:00
2026-05-15,600887,-0.0004905760288238525,-0.011657554656267166,0.0004905760288238525,0.0,vanilla_transformer_v10,2026-08-03 14:03:00
2026-05-15,002371,-0.0007048174738883972,0.010034403763711452,0.0007048174738883972,0.0,vanilla_transformer_v10,2026-08-03 14:03:00
2026-05-15,600519,-0.0008376166224479675,-0.007493141107261181,0.0008376166224479675,0.0,vanilla_transformer_v10,2026-08-03 14:03:00
2026-05-15,603501,-0.001426197588443756,-0.01589399203658104,0.001426197588443756,0.0,vanilla_transformer_v10,2026-08-03 14:03:00
2026-05-15,300782,-0.001699700951576233,-0.021402575075626373,0.001699700951576233,0.0,vanilla_transformer_v10,2026-08-03 14:03:00
2026-05-18,002465,0.0032631605863571167,0.0056284512393176556,0.0032631605863571167,1.0,vanilla_transformer_v10,2026-08-03 14:03:00
2026-05-18,601138,0.0018097534775733948,-0.006104279775172472,0.0018097534775733948,1.0,vanilla_transformer_v10,2026-08-03 14:03:00
2026-05-18,601012,0.0017711445689201355,0.006607953459024429,0.0017711445689201355,1.0,vanilla_transformer_v10,2026-08-03 14:03:00
2026-05-18,000977,0.0011838003993034363,0.022706059738993645,0.0011838003993034363,1.0,vanilla_transformer_v10,2026-08-03 14:03:00
2026-05-18,002230,0.0011296942830085754,0.008383560925722122,0.0011296942830085754,1.0,vanilla_transformer_v10,2026-08-03 14:03:00
2026-05-18,000858,0.0011013001203536987,0.002450384199619293,0.0011013001203536987,1.0,vanilla_transformer_v10,2026-08-03 14:03:00
2026-05-18,600584,0.0009129121899604797,0.041613247245550156,0.0009129121899604797,1.0,vanilla_transformer_v10,2026-08-03 14:03:00
2026-05-18,601318,0.0008447393774986267,-0.007529584690928459,0.0008447393774986267,1.0,vanilla_transformer_v10,2026-08-03 14:03:00
2026-05-18,300308,0.0007877349853515625,-0.014459307305514812,0.0007877349853515625,1.0,vanilla_transformer_v10,2026-08-03 14:03:00
2026-05-18,000568,0.0003861933946609497,0.0039900983683764935,0.0003861933946609497,1.0,vanilla_transformer_v10,2026-08-03 14:03:00
2026-05-18,600438,0.00026241689920425415,0.002479992341250181,0.00026241689920425415,1.0,vanilla_transformer_v10,2026-08-03 14:03:00
2026-05-18,300454,0.0002518966794013977,0.040345173329114914,0.0002518966794013977,1.0,vanilla_transformer_v10,2026-08-03 14:03:00
2026-05-18,600036,-3.0338764190673828e-05,-0.00267750583589077,3.0338764190673828e-05,0.0,vanilla_transformer_v10,2026-08-03 14:03:00
2026-05-18,300750,-0.00010026991367340088,0.0016581612871959805,0.00010026991367340088,0.0,vanilla_transformer_v10,2026-08-03 14:03:00
2026-05-18,600887,-0.000225946307182312,-0.0022029473911970854,0.000225946307182312,0.0,vanilla_transformer_v10,2026-08-03 14:03:00
2026-05-18,002594,-0.0005073472857475281,0.015628181397914886,0.0005073472857475281,0.0,vanilla_transformer_v10,2026-08-03 14:03:00
2026-05-18,688981,-0.0005387440323829651,0.01015065424144268,0.0005387440323829651,0.0,vanilla_transformer_v10,2026-08-03 14:03:00
2026-05-18,600519,-0.00061807781457901,0.0009821776766330004,0.00061807781457901,0.0,vanilla_transformer_v10,2026-08-03 14:03:00
2026-05-18,002371,-0.0011245906352996826,0.035694774240255356,0.0011245906352996826,0.0,vanilla_transformer_v10,2026-08-03 14:03:00
2026-05-18,688012,-0.0011859014630317688,0.08884039521217346,0.0011859014630317688,0.0,vanilla_transformer_v10,2026-08-03 14:03:00
2026-05-18,603501,-0.0017347484827041626,0.027934174984693527,0.0017347484827041626,0.0,vanilla_transformer_v10,2026-08-03 14:03:00
2026-05-18,300782,-0.0017747730016708374,-0.010831459425389767,0.0017747730016708374,0.0,vanilla_transformer_v10,2026-08-03 14:03:00
2026-05-19,000977,0.0016227588057518005,-0.01338276918977499,0.0016227588057518005,1.0,vanilla_transformer_v10,2026-08-03 14:03:00
2026-05-19,002465,0.0016065463423728943,-0.02076501026749611,0.0016065463423728943,1.0,vanilla_transformer_v10,2026-08-03 14:03:00
2026-05-19,300308,0.0010300800204277039,0.006773994769901037,0.0010300800204277039,1.0,vanilla_transformer_v10,2026-08-03 14:03:00
2026-05-19,601012,0.0009077787399291992,0.007192248944193125,0.0009077787399291992,1.0,vanilla_transformer_v10,2026-08-03 14:03:00
2026-05-19,601318,0.0008150264620780945,-0.006819544360041618,0.0008150264620780945,1.0,vanilla_transformer_v10,2026-08-03 14:03:00
2026-05-19,601138,0.0007077157497406006,-0.006018565036356449,0.0007077157497406006,1.0,vanilla_transformer_v10,2026-08-03 14:03:00
2026-05-19,000858,0.0005886033177375793,-0.0036209411919116974,0.0005886033177375793,1.0,vanilla_transformer_v10,2026-08-03 14:03:00
2026-05-19,600584,0.0005210116505622864,0.08523202687501907,0.0005210116505622864,1.0,vanilla_transformer_v10,2026-08-03 14:03:00
2026-05-19,000568,0.0002195611596107483,0.020490501075983047,0.0002195611596107483,1.0,vanilla_transformer_v10,2026-08-03 14:03:00
2026-05-19,002230,2.386420965194702e-05,-0.02305412106215954,2.386420965194702e-05,1.0,vanilla_transformer_v10,2026-08-03 14:03:00
2026-05-19,600438,1.1101365089416504e-06,0.002473857020959258,1.1101365089416504e-06,1.0,vanilla_transformer_v10,2026-08-03 14:03:00
2026-05-19,600036,-6.721168756484985e-05,-0.005328481551259756,6.721168756484985e-05,0.0,vanilla_transformer_v10,2026-08-03 14:03:00
2026-05-19,300750,-0.00010807812213897705,-0.007613311987370253,0.00010807812213897705,0.0,vanilla_transformer_v10,2026-08-03 14:03:00
2026-05-19,688981,-0.00012088567018508911,0.11881113797426224,0.00012088567018508911,0.0,vanilla_transformer_v10,2026-08-03 14:03:00
2026-05-19,300454,-0.00013531744480133057,-0.04485570639371872,0.00013531744480133057,0.0,vanilla_transformer_v10,2026-08-03 14:03:00
2026-05-19,600887,-0.000489450991153717,-0.0040454319678246975,0.000489450991153717,0.0,vanilla_transformer_v10,2026-08-03 14:03:00
2026-05-19,002594,-0.0007039234042167664,-0.02789412811398506,0.0007039234042167664,0.0,vanilla_transformer_v10,2026-08-03 14:03:00
2026-05-19,600519,-0.0008350163698196411,-0.0070468164049088955,0.0008350163698196411,0.0,vanilla_transformer_v10,2026-08-03 14:03:00
2026-05-19,688012,-0.000979006290435791,0.022318417206406593,0.000979006290435791,0.0,vanilla_transformer_v10,2026-08-03 14:03:00
2026-05-19,002371,-0.0010978057980537415,0.05692555010318756,0.0010978057980537415,0.0,vanilla_transformer_v10,2026-08-03 14:03:00
2026-05-19,603501,-0.0011703819036483765,-0.012972384691238403,0.0011703819036483765,0.0,vanilla_transformer_v10,2026-08-03 14:03:00
2026-05-19,300782,-0.0015159398317337036,0.004691953305155039,0.0015159398317337036,0.0,vanilla_transformer_v10,2026-08-03 14:03:00
2026-05-20,601012,0.0019195601344108582,-0.0371752493083477,0.0019195601344108582,1.0,vanilla_transformer_v10,2026-08-03 14:03:00
2026-05-20,688981,0.0012521892786026,-0.05050301179289818,0.0012521892786026,1.0,vanilla_transformer_v10,2026-08-03 14:03:00
2026-05-20,300308,0.0012284964323043823,-0.0430147685110569,0.0012284964323043823,1.0,vanilla_transformer_v10,2026-08-03 14:03:00
2026-05-20,601138,0.001151837408542633,-0.0397086963057518,0.001151837408542633,1.0,vanilla_transformer_v10,2026-08-03 14:03:00
2026-05-20,000977,0.0010151639580726624,-0.07159976661205292,0.0010151639580726624,1.0,vanilla_transformer_v10,2026-08-03 14:03:00
2026-05-20,000858,0.0010096579790115356,-0.0014064793940633535,0.0010096579790115356,1.0,vanilla_transformer_v10,2026-08-03 14:03:00
2026-05-20,600438,0.000730372965335846,-0.03526180237531662,0.000730372965335846,1.0,vanilla_transformer_v10,2026-08-03 14:03:00
2026-05-20,000568,0.000667870044708252,-0.008495158515870571,0.000667870044708252,1.0,vanilla_transformer_v10,2026-08-03 14:03:00
2026-05-20,600584,0.0003284737467765808,0.009323887526988983,0.0003284737467765808,1.0,vanilla_transformer_v10,2026-08-03 14:03:00
2026-05-20,601318,0.00029514729976654053,-0.006450680550187826,0.00029514729976654053,1.0,vanilla_transformer_v10,2026-08-03 14:03:00
2026-05-20,600036,0.0002148747444152832,-0.0005777563783340156,0.0002148747444152832,1.0,vanilla_transformer_v10,2026-08-03 14:03:00
2026-05-20,300750,-2.074986696243286e-05,-0.007559571880847216,2.074986696243286e-05,0.0,vanilla_transformer_v10,2026-08-03 14:03:00
2026-05-20,600887,-4.239380359649658e-05,-0.013365890830755234,4.239380359649658e-05,0.0,vanilla_transformer_v10,2026-08-03 14:03:00
2026-05-20,002230,-6.625056266784668e-05,-0.016814371570944786,6.625056266784668e-05,0.0,vanilla_transformer_v10,2026-08-03 14:03:00
2026-05-20,002465,-7.424503564834595e-05,0.02884899079799652,7.424503564834595e-05,0.0,vanilla_transformer_v10,2026-08-03 14:03:00
2026-05-20,300454,-0.00012035667896270752,-0.05418350175023079,0.00012035667896270752,0.0,vanilla_transformer_v10,2026-08-03 14:03:00
2026-05-20,002594,-0.00014530867338180542,0.0016306013567373157,0.00014530867338180542,0.0,vanilla_transformer_v10,2026-08-03 14:03:00
2026-05-20,600519,-0.0004476010799407959,-0.0030466767493635416,0.0004476010799407959,0.0,vanilla_transformer_v10,2026-08-03 14:03:00
2026-05-20,300782,-0.001103229820728302,-0.07149634510278702,0.001103229820728302,0.0,vanilla_transformer_v10,2026-08-03 14:03:00
2026-05-20,002371,-0.0013091713190078735,0.010600424371659756,0.0013091713190078735,0.0,vanilla_transformer_v10,2026-08-03 14:03:00
2026-05-20,688012,-0.002002909779548645,-0.03008597157895565,0.002002909779548645,0.0,vanilla_transformer_v10,2026-08-03 14:03:00
2026-05-20,603501,-0.0020947232842445374,0.013397193513810635,0.0020947232842445374,0.0,vanilla_transformer_v10,2026-08-03 14:03:00
2026-05-21,002465,0.002825438976287842,0.01479367259889841,0.002825438976287842,1.0,vanilla_transformer_v10,2026-08-03 14:03:00
2026-05-21,000977,0.002411298453807831,0.02885541133582592,0.002411298453807831,1.0,vanilla_transformer_v10,2026-08-03 14:03:00
2026-05-21,601012,0.002010539174079895,0.016756845638155937,0.002010539174079895,1.0,vanilla_transformer_v10,2026-08-03 14:03:00
2026-05-21,300308,0.0016560032963752747,0.043959155678749084,0.0016560032963752747,1.0,vanilla_transformer_v10,2026-08-03 14:03:00
2026-05-21,300454,0.001620277762413025,0.02883349359035492,0.001620277762413025,1.0,vanilla_transformer_v10,2026-08-03 14:03:00
2026-05-21,000858,0.0015626773238182068,-0.015582836233079433,0.0015626773238182068,1.0,vanilla_transformer_v10,2026-08-03 14:03:00
2026-05-21,002230,0.0014669522643089294,0.0031810838263481855,0.0014669522643089294,1.0,vanilla_transformer_v10,2026-08-03 14:03:00
2026-05-21,601318,0.0012732446193695068,-0.0014853988541290164,0.0012732446193695068,1.0,vanilla_transformer_v10,2026-08-03 14:03:00
2026-05-21,000568,0.0010673776268959045,-0.01543072983622551,0.0010673776268959045,1.0,vanilla_transformer_v10,2026-08-03 14:03:00
2026-05-21,600887,0.0010553151369094849,-0.021147463470697403,0.0010553151369094849,1.0,vanilla_transformer_v10,2026-08-03 14:03:00
2026-05-21,601138,0.0008917897939682007,0.025064602494239807,0.0008917897939682007,1.0,vanilla_transformer_v10,2026-08-03 14:03:00
2026-05-21,600438,0.0008506029844284058,0.03216852620244026,0.0008506029844284058,1.0,vanilla_transformer_v10,2026-08-03 14:03:00
2026-05-21,600036,0.0008419454097747803,-0.0034735659137368202,0.0008419454097747803,1.0,vanilla_transformer_v10,2026-08-03 14:03:00
2026-05-21,600584,0.0005357638001441956,0.0865304246544838,0.0005357638001441956,1.0,vanilla_transformer_v10,2026-08-03 14:03:00
2026-05-21,002594,0.0003820285201072693,0.0025425036437809467,0.0003820285201072693,1.0,vanilla_transformer_v10,2026-08-03 14:03:00
2026-05-21,688981,0.00025960803031921387,0.03179536759853363,0.00025960803031921387,1.0,vanilla_transformer_v10,2026-08-03 14:03:00
2026-05-21,300782,2.3037195205688477e-05,0.03634912520647049,2.3037195205688477e-05,1.0,vanilla_transformer_v10,2026-08-03 14:03:00
2026-05-21,600519,-0.00011422485113143921,-0.015992656350135803,0.00011422485113143921,0.0,vanilla_transformer_v10,2026-08-03 14:03:00
2026-05-21,300750,-0.0001286640763282776,-0.001134514925070107,0.0001286640763282776,0.0,vanilla_transformer_v10,2026-08-03 14:03:00
2026-05-21,603501,-0.0007437318563461304,0.015313589945435524,0.0007437318563461304,0.0,vanilla_transformer_v10,2026-08-03 14:03:00
2026-05-21,688012,-0.0012858062982559204,-0.013109767809510231,0.0012858062982559204,0.0,vanilla_transformer_v10,2026-08-03 14:03:00
2026-05-21,002371,-0.0016565024852752686,0.009022624231874943,0.0016565024852752686,0.0,vanilla_transformer_v10,2026-08-03 14:03:00
2026-05-22,002465,0.0012685135006904602,0.06430640816688538,0.0012685135006904602,1.0,vanilla_transformer_v10,2026-08-03 14:03:00
2026-05-22,601138,0.00122060626745224,0.045695710927248,0.00122060626745224,1.0,vanilla_transformer_v10,2026-08-03 14:03:00
2026-05-22,300308,0.0008020102977752686,0.05164950713515282,0.0008020102977752686,1.0,vanilla_transformer_v10,2026-08-03 14:03:00
2026-05-22,000977,0.0007424280047416687,0.013819296844303608,0.0007424280047416687,1.0,vanilla_transformer_v10,2026-08-03 14:03:00
2026-05-22,601012,0.0007036924362182617,-0.012720444239675999,0.0007036924362182617,1.0,vanilla_transformer_v10,2026-08-03 14:03:00
2026-05-22,600887,0.0005405992269515991,0.0026674435939639807,0.0005405992269515991,1.0,vanilla_transformer_v10,2026-08-03 14:03:00
2026-05-22,600584,0.0002650916576385498,0.09533372521400452,0.0002650916576385498,1.0,vanilla_transformer_v10,2026-08-03 14:03:00
2026-05-22,000858,0.00021469593048095703,0.0013061848003417253,0.00021469593048095703,1.0,vanilla_transformer_v10,2026-08-03 14:03:00
2026-05-22,601318,0.00017398595809936523,0.009998604655265808,0.00017398595809936523,1.0,vanilla_transformer_v10,2026-08-03 14:03:00
2026-05-22,600036,9.106844663619995e-05,-0.002177121816202998,9.106844663619995e-05,1.0,vanilla_transformer_v10,2026-08-03 14:03:00
2026-05-22,600438,5.1647424697875977e-05,-0.031528860330581665,5.1647424697875977e-05,1.0,vanilla_transformer_v10,2026-08-03 14:03:00
2026-05-22,300454,-5.718320608139038e-05,0.0,5.718320608139038e-05,0.0,vanilla_transformer_v10,2026-08-03 14:03:00
2026-05-22,000568,-0.00019834190607070923,0.02012483775615692,0.00019834190607070923,0.0,vanilla_transformer_v10,2026-08-03 14:03:00
2026-05-22,002230,-0.00036118924617767334,0.027701247483491898,0.00036118924617767334,0.0,vanilla_transformer_v10,2026-08-03 14:03:00
2026-05-22,300750,-0.000449158251285553,-0.020351646468043327,0.000449158251285553,0.0,vanilla_transformer_v10,2026-08-03 14:03:00
2026-05-22,688981,-0.0004983842372894287,0.17214277386665344,0.0004983842372894287,0.0,vanilla_transformer_v10,2026-08-03 14:03:00
2026-05-22,600519,-0.0008491501212120056,-0.0033544229809194803,0.0008491501212120056,0.0,vanilla_transformer_v10,2026-08-03 14:03:00
2026-05-22,002594,-0.0008924379944801331,0.023291107267141342,0.0008924379944801331,0.0,vanilla_transformer_v10,2026-08-03 14:03:00
2026-05-22,300782,-0.0009070262312889099,-0.018410587683320045,0.0009070262312889099,0.0,vanilla_transformer_v10,2026-08-03 14:03:00
2026-05-22,688012,-0.001537606120109558,0.03287796303629875,0.001537606120109558,0.0,vanilla_transformer_v10,2026-08-03 14:03:00
2026-05-22,603501,-0.0016831383109092712,0.04404857009649277,0.0016831383109092712,0.0,vanilla_transformer_v10,2026-08-03 14:03:00
2026-05-22,002371,-0.0018425434827804565,0.042707279324531555,0.0018425434827804565,0.0,vanilla_transformer_v10,2026-08-03 14:03:00
2026-05-25,002465,0.002008385956287384,-0.005793896969407797,0.002008385956287384,1.0,vanilla_transformer_v10,2026-08-03 14:03:00
2026-05-25,601138,0.001193515956401825,-0.004548727069050074,0.001193515956401825,1.0,vanilla_transformer_v10,2026-08-03 14:03:00
2026-05-25,300308,0.001053549349308014,0.009108299389481544,0.001053549349308014,1.0,vanilla_transformer_v10,2026-08-03 14:03:00
2026-05-25,000977,0.0006554797291755676,-0.02783224731683731,0.0006554797291755676,1.0,vanilla_transformer_v10,2026-08-03 14:03:00
2026-05-25,688981,0.0004542917013168335,-0.044702377170324326,0.0004542917013168335,1.0,vanilla_transformer_v10,2026-08-03 14:03:00
2026-05-25,601318,0.00043030083179473877,0.0008826385601423681,0.00043030083179473877,1.0,vanilla_transformer_v10,2026-08-03 14:03:00
2026-05-25,000858,0.0003089532256126404,-0.009309699758887291,0.0003089532256126404,1.0,vanilla_transformer_v10,2026-08-03 14:03:00
2026-05-25,002230,0.00021492689847946167,0.011641017161309719,0.00021492689847946167,1.0,vanilla_transformer_v10,2026-08-03 14:03:00
2026-05-25,000568,0.00018890202045440674,-0.011720347218215466,0.00018890202045440674,1.0,vanilla_transformer_v10,2026-08-03 14:03:00
2026-05-25,600887,0.00014191865921020508,0.01173403486609459,0.00014191865921020508,1.0,vanilla_transformer_v10,2026-08-03 14:03:00
2026-05-25,601012,7.950514554977417e-05,-0.016973191872239113,7.950514554977417e-05,1.0,vanilla_transformer_v10,2026-08-03 14:03:00
2026-05-25,300454,-9.64626669883728e-05,-0.025040432810783386,9.64626669883728e-05,0.0,vanilla_transformer_v10,2026-08-03 14:03:00
2026-05-25,600584,-0.00015247613191604614,0.09532241523265839,0.00015247613191604614,0.0,vanilla_transformer_v10,2026-08-03 14:03:00
2026-05-25,600036,-0.0002878233790397644,0.0016453739954158664,0.0002878233790397644,0.0,vanilla_transformer_v10,2026-08-03 14:03:00
2026-05-25,300750,-0.0002988055348396301,-0.0009425191674381495,0.0002988055348396301,0.0,vanilla_transformer_v10,2026-08-03 14:03:00
2026-05-25,688012,-0.00035528093576431274,-0.045925796031951904,0.00035528093576431274,0.0,vanilla_transformer_v10,2026-08-03 14:03:00
2026-05-25,600438,-0.000468522310256958,-0.019429484382271767,0.000468522310256958,0.0,vanilla_transformer_v10,2026-08-03 14:03:00
2026-05-25,600519,-0.0005674362182617188,-0.009768569841980934,0.0005674362182617188,0.0,vanilla_transformer_v10,2026-08-03 14:03:00
2026-05-25,002371,-0.0005884096026420593,-0.04084084928035736,0.0005884096026420593,0.0,vanilla_transformer_v10,2026-08-03 14:03:00
2026-05-25,002594,-0.000842653214931488,0.006133572198450565,0.000842653214931488,0.0,vanilla_transformer_v10,2026-08-03 14:03:00
2026-05-25,300782,-0.00115966796875,-0.04404427856206894,0.00115966796875,0.0,vanilla_transformer_v10,2026-08-03 14:03:00
2026-05-25,603501,-0.001337595283985138,-0.026702502742409706,0.001337595283985138,0.0,vanilla_transformer_v10,2026-08-03 14:03:00
2026-05-26,601012,0.0018232017755508423,-0.01655997335910797,0.0018232017755508423,1.0,vanilla_transformer_v10,2026-08-03 14:03:00
2026-05-26,002230,0.0013845190405845642,0.0200987346470356,0.0013845190405845642,1.0,vanilla_transformer_v10,2026-08-03 14:03:00
2026-05-26,000977,0.001267358660697937,-0.04220724105834961,0.001267358660697937,1.0,vanilla_transformer_v10,2026-08-03 14:03:00
2026-05-26,601138,0.001047186553478241,0.0014386766124516726,0.001047186553478241,1.0,vanilla_transformer_v10,2026-08-03 14:03:00
2026-05-26,300308,0.0009637922048568726,0.007559634279459715,0.0009637922048568726,1.0,vanilla_transformer_v10,2026-08-03 14:03:00
2026-05-26,002465,0.0008539929986000061,0.014304586686193943,0.0008539929986000061,1.0,vanilla_transformer_v10,2026-08-03 14:03:00
2026-05-26,300454,0.0008081346750259399,-0.0325726717710495,0.0008081346750259399,1.0,vanilla_transformer_v10,2026-08-03 14:03:00
2026-05-26,000858,0.0007520318031311035,0.006334287114441395,0.0007520318031311035,1.0,vanilla_transformer_v10,2026-08-03 14:03:00
2026-05-26,600887,0.0006492137908935547,0.001502034836448729,0.0006492137908935547,1.0,vanilla_transformer_v10,2026-08-03 14:03:00
2026-05-26,601318,0.0006030350923538208,-0.018581165000796318,0.0006030350923538208,1.0,vanilla_transformer_v10,2026-08-03 14:03:00
2026-05-26,000568,0.0005551576614379883,0.013133958913385868,0.0005551576614379883,1.0,vanilla_transformer_v10,2026-08-03 14:03:00
2026-05-26,600036,0.00038783252239227295,0.0,0.00038783252239227295,1.0,vanilla_transformer_v10,2026-08-03 14:03:00
2026-05-26,300782,0.000281505286693573,-0.008015263825654984,0.000281505286693573,1.0,vanilla_transformer_v10,2026-08-03 14:03:00
2026-05-26,600438,0.00019374489784240723,0.0019541087094694376,0.00019374489784240723,1.0,vanilla_transformer_v10,2026-08-03 14:03:00
2026-05-26,300750,2.742558717727661e-05,0.030099542811512947,2.742558717727661e-05,1.0,vanilla_transformer_v10,2026-08-03 14:03:00
2026-05-26,688981,-6.48200511932373e-07,-0.020041294395923615,6.48200511932373e-07,0.0,vanilla_transformer_v10,2026-08-03 14:03:00
2026-05-26,600519,-0.00025626271963119507,0.022994305938482285,0.00025626271963119507,0.0,vanilla_transformer_v10,2026-08-03 14:03:00
2026-05-26,600584,-0.00028020143508911133,-0.02326621674001217,0.00028020143508911133,0.0,vanilla_transformer_v10,2026-08-03 14:03:00
2026-05-26,002594,-0.0003439188003540039,-0.013870490714907646,0.0003439188003540039,0.0,vanilla_transformer_v10,2026-08-03 14:03:00
2026-05-26,688012,-0.0004723742604255676,-0.018431005999445915,0.0004723742604255676,0.0,vanilla_transformer_v10,2026-08-03 14:03:00
2026-05-26,002371,-0.0009779706597328186,-0.023365739732980728,0.0009779706597328186,0.0,vanilla_transformer_v10,2026-08-03 14:03:00
2026-05-26,603501,-0.0012954548001289368,-0.010537650436162949,0.0012954548001289368,0.0,vanilla_transformer_v10,2026-08-03 14:03:00
2026-05-27,601012,0.0024109482765197754,-0.0007062895456328988,0.0024109482765197754,1.0,vanilla_transformer_v10,2026-08-03 14:03:00
2026-05-27,000858,0.0021251216530799866,-0.029022233560681343,0.0021251216530799866,1.0,vanilla_transformer_v10,2026-08-03 14:03:00
2026-05-27,002465,0.0018548369407653809,-0.0028288562316447496,0.0018548369407653809,1.0,vanilla_transformer_v10,2026-08-03 14:03:00
2026-05-27,002230,0.0018311366438865662,-0.02254452556371689,0.0018311366438865662,1.0,vanilla_transformer_v10,2026-08-03 14:03:00
2026-05-27,000568,0.0016849786043167114,-0.03271076828241348,0.0016849786043167114,1.0,vanilla_transformer_v10,2026-08-03 14:03:00
2026-05-27,300454,0.0016022995114326477,-0.009412908926606178,0.0016022995114326477,1.0,vanilla_transformer_v10,2026-08-03 14:03:00
2026-05-27,000977,0.0015258491039276123,0.028894953429698944,0.0015258491039276123,1.0,vanilla_transformer_v10,2026-08-03 14:03:00
2026-05-27,601138,0.0013243257999420166,0.06785009056329727,0.0013243257999420166,1.0,vanilla_transformer_v10,2026-08-03 14:03:00
2026-05-27,600887,0.0012111812829971313,-0.02356688305735588,0.0012111812829971313,1.0,vanilla_transformer_v10,2026-08-03 14:03:00
2026-05-27,300308,0.0010824501514434814,0.07505162060260773,0.0010824501514434814,1.0,vanilla_transformer_v10,2026-08-03 14:03:00
2026-05-27,600438,0.0010428428649902344,-0.013160043396055698,0.0010428428649902344,1.0,vanilla_transformer_v10,2026-08-03 14:03:00
2026-05-27,600584,0.0009797438979148865,-0.016633646562695503,0.0009797438979148865,1.0,vanilla_transformer_v10,2026-08-03 14:03:00
2026-05-27,600519,0.0008433833718299866,-0.02095448598265648,0.0008433833718299866,1.0,vanilla_transformer_v10,2026-08-03 14:03:00
2026-05-27,300750,0.0005517154932022095,0.0021245067473500967,0.0005517154932022095,1.0,vanilla_transformer_v10,2026-08-03 14:03:00
2026-05-27,300782,0.0005097240209579468,0.0010399402817711234,0.0005097240209579468,1.0,vanilla_transformer_v10,2026-08-03 14:03:00
2026-05-27,600036,0.0003720894455909729,0.0032344521023333073,0.0003720894455909729,1.0,vanilla_transformer_v10,2026-08-03 14:03:00
2026-05-27,688012,0.00028796494007110596,-0.004249639343470335,0.00028796494007110596,1.0,vanilla_transformer_v10,2026-08-03 14:03:00
2026-05-27,601318,0.00019193440675735474,-0.015093259513378143,0.00019193440675735474,1.0,vanilla_transformer_v10,2026-08-03 14:03:00
2026-05-27,002594,-0.00048673897981643677,0.006909637711942196,0.00048673897981643677,0.0,vanilla_transformer_v10,2026-08-03 14:03:00
2026-05-27,002371,-0.000545404851436615,0.006438774522393942,0.000545404851436615,0.0,vanilla_transformer_v10,2026-08-03 14:03:00
2026-05-27,688981,-0.0006543025374412537,0.04989031329751015,0.0006543025374412537,0.0,vanilla_transformer_v10,2026-08-03 14:03:00
2026-05-27,603501,-0.0013261809945106506,-0.029582343995571136,0.0013261809945106506,0.0,vanilla_transformer_v10,2026-08-03 14:03:00
2026-05-28,601138,0.002357207238674164,-0.021613288670778275,0.002357207238674164,1.0,vanilla_transformer_v10,2026-08-03 14:03:00
2026-05-28,300308,0.0018303394317626953,-0.031226318329572678,0.0018303394317626953,1.0,vanilla_transformer_v10,2026-08-03 14:03:00
2026-05-28,002230,0.001164264976978302,-0.025359157472848892,0.001164264976978302,1.0,vanilla_transformer_v10,2026-08-03 14:03:00
2026-05-28,601012,0.001163281500339508,-0.03256611153483391,0.001163281500339508,1.0,vanilla_transformer_v10,2026-08-03 14:03:00
2026-05-28,000977,0.0011005327105522156,-0.027168316766619682,0.0011005327105522156,1.0,vanilla_transformer_v10,2026-08-03 14:03:00
2026-05-28,300454,0.000894792377948761,-0.012473021633923054,0.000894792377948761,1.0,vanilla_transformer_v10,2026-08-03 14:03:00
2026-05-28,601318,0.0008401423692703247,0.019398199394345284,0.0008401423692703247,1.0,vanilla_transformer_v10,2026-08-03 14:03:00
2026-05-28,002465,0.0007046088576316833,-0.10537800192832947,0.0007046088576316833,1.0,vanilla_transformer_v10,2026-08-03 14:03:00
2026-05-28,600887,0.0006571635603904724,0.0347742959856987,0.0006571635603904724,1.0,vanilla_transformer_v10,2026-08-03 14:03:00
2026-05-28,600438,0.0006209090352058411,-0.024022992700338364,0.0006209090352058411,1.0,vanilla_transformer_v10,2026-08-03 14:03:00
2026-05-28,600584,0.0005318894982337952,-0.032245732843875885,0.0005318894982337952,1.0,vanilla_transformer_v10,2026-08-03 14:03:00
2026-05-28,000858,0.0004988312721252441,0.04087113216519356,0.0004988312721252441,1.0,vanilla_transformer_v10,2026-08-03 14:03:00
2026-05-28,600036,0.0004646778106689453,0.023671716451644897,0.0004646778106689453,1.0,vanilla_transformer_v10,2026-08-03 14:03:00
2026-05-28,688981,0.0004460737109184265,-0.09400328993797302,0.0004460737109184265,1.0,vanilla_transformer_v10,2026-08-03 14:03:00
2026-05-28,000568,0.0003550201654434204,0.022439055144786835,0.0003550201654434204,1.0,vanilla_transformer_v10,2026-08-03 14:03:00
2026-05-28,300750,0.0002430453896522522,0.01981569081544876,0.0002430453896522522,1.0,vanilla_transformer_v10,2026-08-03 14:03:00
2026-05-28,688012,0.00023172050714492798,-0.020581787452101707,0.00023172050714492798,1.0,vanilla_transformer_v10,2026-08-03 14:03:00
2026-05-28,300782,6.891041994094849e-05,-0.07989384979009628,6.891041994094849e-05,1.0,vanilla_transformer_v10,2026-08-03 14:03:00
2026-05-28,002371,-0.00039252638816833496,-0.045209527015686035,0.00039252638816833496,0.0,vanilla_transformer_v10,2026-08-03 14:03:00
2026-05-28,002594,-0.0004426538944244385,0.003140031360089779,0.0004426538944244385,0.0,vanilla_transformer_v10,2026-08-03 14:03:00
2026-05-28,600519,-0.0005578175187110901,0.03845256194472313,0.0005578175187110901,0.0,vanilla_transformer_v10,2026-08-03 14:03:00
2026-05-28,603501,-0.0009438842535018921,-0.07015498727560043,0.0009438842535018921,0.0,vanilla_transformer_v10,2026-08-03 14:03:00
2026-05-29,000977,0.0027381330728530884,-0.007607186213135719,0.0027381330728530884,1.0,vanilla_transformer_v10,2026-08-03 14:03:00
2026-05-29,300454,0.0019787028431892395,0.08855970203876495,0.0019787028431892395,1.0,vanilla_transformer_v10,2026-08-03 14:03:00
2026-05-29,002465,0.0017772465944290161,-0.010194305330514908,0.0017772465944290161,1.0,vanilla_transformer_v10,2026-08-03 14:03:00
2026-05-29,000858,0.0016392990946769714,-0.017586352303624153,0.0016392990946769714,1.0,vanilla_transformer_v10,2026-08-03 14:03:00
2026-05-29,601012,0.001519329845905304,-0.015261857770383358,0.001519329845905304,1.0,vanilla_transformer_v10,2026-08-03 14:03:00
2026-05-29,600887,0.0014990195631980896,0.002968447282910347,0.0014990195631980896,1.0,vanilla_transformer_v10,2026-08-03 14:03:00
2026-05-29,600036,0.0013849660754203796,0.004977003205567598,0.0013849660754203796,1.0,vanilla_transformer_v10,2026-08-03 14:03:00
2026-05-29,002230,0.0013393610715866089,0.025568177923560143,0.0013393610715866089,1.0,vanilla_transformer_v10,2026-08-03 14:03:00
2026-05-29,000568,0.0013392046093940735,-0.007055660244077444,0.0013392046093940735,1.0,vanilla_transformer_v10,2026-08-03 14:03:00
2026-05-29,601138,0.0013181120157241821,0.004792888183146715,0.0013181120157241821,1.0,vanilla_transformer_v10,2026-08-03 14:03:00
2026-05-29,600584,0.0008096471428871155,-0.08121027052402496,0.0008096471428871155,1.0,vanilla_transformer_v10,2026-08-03 14:03:00
2026-05-29,300308,0.0007782727479934692,-0.027201445773243904,0.0007782727479934692,1.0,vanilla_transformer_v10,2026-08-03 14:03:00
2026-05-29,300782,0.0007232725620269775,-0.07438405603170395,0.0007232725620269775,1.0,vanilla_transformer_v10,2026-08-03 14:03:00
2026-05-29,600438,0.0007153749465942383,-0.016404466703534126,0.0007153749465942383,1.0,vanilla_transformer_v10,2026-08-03 14:03:00
2026-05-29,601318,0.0003855004906654358,0.006541412323713303,0.0003855004906654358,1.0,vanilla_transformer_v10,2026-08-03 14:03:00
2026-05-29,600519,0.00036506354808807373,-0.012445320375263691,0.00036506354808807373,1.0,vanilla_transformer_v10,2026-08-03 14:03:00
2026-05-29,688981,0.00017362087965011597,-0.054869644343853,0.00017362087965011597,1.0,vanilla_transformer_v10,2026-08-03 14:03:00
2026-05-29,002594,0.00011814385652542114,-0.02665397711098194,0.00011814385652542114,1.0,vanilla_transformer_v10,2026-08-03 14:03:00
2026-05-29,688012,4.228949546813965e-05,-0.08655109256505966,4.228949546813965e-05,1.0,vanilla_transformer_v10,2026-08-03 14:03:00
2026-05-29,300750,-0.00016719847917556763,-0.009235920384526253,0.00016719847917556763,0.0,vanilla_transformer_v10,2026-08-03 14:03:00
2026-05-29,002371,-0.0006071329116821289,-0.06557715684175491,0.0006071329116821289,0.0,vanilla_transformer_v10,2026-08-03 14:03:00
2026-05-29,603501,-0.0006269738078117371,-0.02957945689558983,0.0006269738078117371,0.0,vanilla_transformer_v10,2026-08-03 14:03:00
2026-06-01,000977,0.0025204718112945557,0.013290153816342354,0.0025204718112945557,1.0,vanilla_transformer_v10,2026-08-03 14:03:00
2026-06-01,601012,0.0022465139627456665,-0.014708342961966991,0.0022465139627456665,1.0,vanilla_transformer_v10,2026-08-03 14:03:00
2026-06-01,300454,0.0020030736923217773,0.0267824437469244,0.0020030736923217773,1.0,vanilla_transformer_v10,2026-08-03 14:03:00
2026-06-01,002465,0.0016164258122444153,0.023396965116262436,0.0016164258122444153,1.0,vanilla_transformer_v10,2026-08-03 14:03:00
2026-06-01,002230,0.0010892823338508606,-0.018076593056321144,0.0010892823338508606,1.0,vanilla_transformer_v10,2026-08-03 14:03:00
2026-06-01,601318,0.0009129196405410767,0.004258597735315561,0.0009129196405410767,1.0,vanilla_transformer_v10,2026-08-03 14:03:00
2026-06-01,600438,0.0008881539106369019,-0.029323527589440346,0.0008881539106369019,1.0,vanilla_transformer_v10,2026-08-03 14:03:00
2026-06-01,600887,0.0007164701819419861,-0.005201706662774086,0.0007164701819419861,1.0,vanilla_transformer_v10,2026-08-03 14:03:00
2026-06-01,600584,0.0007046982645988464,-0.00396506953984499,0.0007046982645988464,1.0,vanilla_transformer_v10,2026-08-03 14:03:00
2026-06-01,300782,0.0005607828497886658,0.009617997333407402,0.0005607828497886658,1.0,vanilla_transformer_v10,2026-08-03 14:03:00
2026-06-01,600036,0.0004544854164123535,0.015614425763487816,0.0004544854164123535,1.0,vanilla_transformer_v10,2026-08-03 14:03:00
2026-06-01,300308,0.00045034289360046387,0.053255680948495865,0.00045034289360046387,1.0,vanilla_transformer_v10,2026-08-03 14:03:00
2026-06-01,000568,0.0002766549587249756,-0.02124270610511303,0.0002766549587249756,1.0,vanilla_transformer_v10,2026-08-03 14:03:00
2026-06-01,601138,0.00018712133169174194,0.08140789717435837,0.00018712133169174194,1.0,vanilla_transformer_v10,2026-08-03 14:03:00
2026-06-01,000858,0.00018245726823806763,-0.00842974428087473,0.00018245726823806763,1.0,vanilla_transformer_v10,2026-08-03 14:03:00
2026-06-01,688012,0.0001820698380470276,0.03526487201452255,0.0001820698380470276,1.0,vanilla_transformer_v10,2026-08-03 14:03:00
2026-06-01,002594,-0.00011365115642547607,0.03267502039670944,0.00011365115642547607,0.0,vanilla_transformer_v10,2026-08-03 14:03:00
2026-06-01,300750,-0.0001866668462753296,0.03229031711816788,0.0001866668462753296,0.0,vanilla_transformer_v10,2026-08-03 14:03:00
2026-06-01,002371,-0.0006518810987472534,0.021649420261383057,0.0006518810987472534,0.0,vanilla_transformer_v10,2026-08-03 14:03:00
2026-06-01,688981,-0.0007143765687942505,0.00030197796877473593,0.0007143765687942505,0.0,vanilla_transformer_v10,2026-08-03 14:03:00
2026-06-01,600519,-0.0008703768253326416,-0.0018189122201874852,0.0008703768253326416,0.0,vanilla_transformer_v10,2026-08-03 14:03:00
2026-06-01,603501,-0.00225965678691864,0.004559756256639957,0.00225965678691864,0.0,vanilla_transformer_v10,2026-08-03 14:03:00
2026-06-02,601012,0.0025318264961242676,-0.0044474671594798565,0.0025318264961242676,1.0,vanilla_transformer_v10,2026-08-03 14:03:00
2026-06-02,600438,0.0018262267112731934,-0.009298187680542469,0.0018262267112731934,1.0,vanilla_transformer_v10,2026-08-03 14:03:00
2026-06-02,000977,0.001716814935207367,-0.012049267068505287,0.001716814935207367,1.0,vanilla_transformer_v10,2026-08-03 14:03:00
2026-06-02,002465,0.001622125506401062,-0.04401257261633873,0.001622125506401062,1.0,vanilla_transformer_v10,2026-08-03 14:03:00
2026-06-02,601138,0.001167990267276764,0.012928967364132404,0.001167990267276764,1.0,vanilla_transformer_v10,2026-08-03 14:03:00
2026-06-02,300782,0.0010072514414787292,0.031371500343084335,0.0010072514414787292,1.0,vanilla_transformer_v10,2026-08-03 14:03:00
2026-06-02,600584,0.0009659677743911743,0.06149378418922424,0.0009659677743911743,1.0,vanilla_transformer_v10,2026-08-03 14:03:00
2026-06-02,688012,0.0009362921118736267,0.010978552512824535,0.0009362921118736267,1.0,vanilla_transformer_v10,2026-08-03 14:03:00
2026-06-02,600036,0.0008970275521278381,-0.007776736747473478,0.0008970275521278381,1.0,vanilla_transformer_v10,2026-08-03 14:03:00
2026-06-02,000568,0.0008575841784477234,-0.010791052132844925,0.0008575841784477234,1.0,vanilla_transformer_v10,2026-08-03 14:03:00
2026-06-02,300454,0.0008410364389419556,-0.02067451737821102,0.0008410364389419556,1.0,vanilla_transformer_v10,2026-08-03 14:03:00
2026-06-02,300308,0.0006694644689559937,0.06747296452522278,0.0006694644689559937,1.0,vanilla_transformer_v10,2026-08-03 14:03:00
2026-06-02,002230,0.0006483197212219238,-0.015657156705856323,0.0006483197212219238,1.0,vanilla_transformer_v10,2026-08-03 14:03:00
2026-06-02,002594,0.0005384683609008789,-0.020279696211218834,0.0005384683609008789,1.0,vanilla_transformer_v10,2026-08-03 14:03:00
2026-06-02,601318,0.00048539042472839355,-0.00704833073541522,0.00048539042472839355,1.0,vanilla_transformer_v10,2026-08-03 14:03:00
2026-06-02,002371,0.0003738775849342346,0.019776027649641037,0.0003738775849342346,1.0,vanilla_transformer_v10,2026-08-03 14:03:00
2026-06-02,000858,0.0003218650817871094,-0.004359751474112272,0.0003218650817871094,1.0,vanilla_transformer_v10,2026-08-03 14:03:00
2026-06-02,600887,0.0001001209020614624,-0.0052243745885789394,0.0001001209020614624,1.0,vanilla_transformer_v10,2026-08-03 14:03:00
2026-06-02,688981,2.6382505893707275e-05,0.011408109217882156,2.6382505893707275e-05,1.0,vanilla_transformer_v10,2026-08-03 14:03:00
2026-06-02,300750,2.5212764739990234e-05,-0.017361050471663475,2.5212764739990234e-05,1.0,vanilla_transformer_v10,2026-08-03 14:03:00
2026-06-02,603501,-0.0004434064030647278,0.08542829751968384,0.0004434064030647278,0.0,vanilla_transformer_v10,2026-08-03 14:03:00
2026-06-02,600519,-0.0005257353186607361,-0.019551414996385574,0.0005257353186607361,0.0,vanilla_transformer_v10,2026-08-03 14:03:00
2026-06-03,002465,0.0024387985467910767,-0.02965078130364418,0.0024387985467910767,1.0,vanilla_transformer_v10,2026-08-03 14:03:00
2026-06-03,601012,0.0022870823740959167,-0.005986226722598076,0.0022870823740959167,1.0,vanilla_transformer_v10,2026-08-03 14:03:00
2026-06-03,000977,0.0020255818963050842,-0.013483771122992039,0.0020255818963050842,1.0,vanilla_transformer_v10,2026-08-03 14:03:00
2026-06-03,600584,0.0014143884181976318,-0.0006396983517333865,0.0014143884181976318,1.0,vanilla_transformer_v10,2026-08-03 14:03:00
2026-06-03,600438,0.0012802109122276306,-0.006443027872592211,0.0012802109122276306,1.0,vanilla_transformer_v10,2026-08-03 14:03:00
2026-06-03,300782,0.0012776553630828857,0.00286970310844481,0.0012776553630828857,1.0,vanilla_transformer_v10,2026-08-03 14:03:00
2026-06-03,002230,0.0008775964379310608,-0.03579135984182358,0.0008775964379310608,1.0,vanilla_transformer_v10,2026-08-03 14:03:00
2026-06-03,688012,0.0008694678544998169,0.012058676220476627,0.0008694678544998169,1.0,vanilla_transformer_v10,2026-08-03 14:03:00
2026-06-03,601138,0.0007915124297142029,-0.0313577875494957,0.0007915124297142029,1.0,vanilla_transformer_v10,2026-08-03 14:03:00
2026-06-03,300454,0.0006603822112083435,-0.05270088091492653,0.0006603822112083435,1.0,vanilla_transformer_v10,2026-08-03 14:03:00
2026-06-03,000568,0.0005097389221191406,-0.010908770374953747,0.0005097389221191406,1.0,vanilla_transformer_v10,2026-08-03 14:03:00
2026-06-03,600887,0.0005047991871833801,-0.0060082352720201015,0.0005047991871833801,1.0,vanilla_transformer_v10,2026-08-03 14:03:00
2026-06-03,002371,0.00045596808195114136,0.01958519034087658,0.00045596808195114136,1.0,vanilla_transformer_v10,2026-08-03 14:03:00
2026-06-03,603501,0.00036012381315231323,-0.0195621270686388,0.00036012381315231323,1.0,vanilla_transformer_v10,2026-08-03 14:03:00
2026-06-03,688981,0.00022660940885543823,0.006545694079250097,0.00022660940885543823,1.0,vanilla_transformer_v10,2026-08-03 14:03:00
2026-06-03,300308,0.00013699382543563843,0.003913045860826969,0.00013699382543563843,1.0,vanilla_transformer_v10,2026-08-03 14:03:00
2026-06-03,601318,0.00013491511344909668,-0.008775914087891579,0.00013491511344909668,1.0,vanilla_transformer_v10,2026-08-03 14:03:00
2026-06-03,002594,-8.978694677352905e-05,-0.014634736813604832,8.978694677352905e-05,0.0,vanilla_transformer_v10,2026-08-03 14:03:00
2026-06-03,000858,-0.00010700523853302002,-0.015294189564883709,0.00010700523853302002,0.0,vanilla_transformer_v10,2026-08-03 14:03:00
2026-06-03,300750,-0.00025237351655960083,-0.04366260766983032,0.00025237351655960083,0.0,vanilla_transformer_v10,2026-08-03 14:03:00
2026-06-03,600036,-0.000278666615486145,-0.010463962331414223,0.000278666615486145,0.0,vanilla_transformer_v10,2026-08-03 14:03:00
2026-06-03,600519,-0.0003934204578399658,-0.01090995129197836,0.0003934204578399658,0.0,vanilla_transformer_v10,2026-08-03 14:03:00
2026-06-04,002465,0.002515561878681183,0.06551913917064667,0.002515561878681183,1.0,vanilla_transformer_v10,2026-08-03 14:03:00
2026-06-04,601012,0.0018849894404411316,-0.015896150842308998,0.0018849894404411316,1.0,vanilla_transformer_v10,2026-08-03 14:03:00
2026-06-04,000977,0.0014894157648086548,-0.01945074275135994,0.0014894157648086548,1.0,vanilla_transformer_v10,2026-08-03 14:03:00
2026-06-04,600438,0.0014453604817390442,-0.021114535629749298,0.0014453604817390442,1.0,vanilla_transformer_v10,2026-08-03 14:03:00
2026-06-04,300454,0.001426883041858673,-0.03298894688487053,0.001426883041858673,1.0,vanilla_transformer_v10,2026-08-03 14:03:00
2026-06-04,002230,0.001405283808708191,0.004136295989155769,0.001405283808708191,1.0,vanilla_transformer_v10,2026-08-03 14:03:00
2026-06-04,600584,0.0013330206274986267,-0.056889016181230545,0.0013330206274986267,1.0,vanilla_transformer_v10,2026-08-03 14:03:00
2026-06-04,300782,0.0008051544427871704,-0.0007620292017236352,0.0008051544427871704,1.0,vanilla_transformer_v10,2026-08-03 14:03:00
2026-06-04,688012,0.0006918832659721375,-0.047366656363010406,0.0006918832659721375,1.0,vanilla_transformer_v10,2026-08-03 14:03:00
2026-06-04,601138,0.0005773007869720459,-0.05877571925520897,0.0005773007869720459,1.0,vanilla_transformer_v10,2026-08-03 14:03:00
2026-06-04,600887,0.0004819929599761963,0.0003919531300198287,0.0004819929599761963,1.0,vanilla_transformer_v10,2026-08-03 14:03:00
2026-06-04,002371,0.0004351809620857239,-0.03843417018651962,0.0004351809620857239,1.0,vanilla_transformer_v10,2026-08-03 14:03:00
2026-06-04,000568,0.00036353617906570435,0.0032284732442349195,0.00036353617906570435,1.0,vanilla_transformer_v10,2026-08-03 14:03:00
2026-06-04,688981,0.00034762918949127197,-0.05705375224351883,0.00034762918949127197,1.0,vanilla_transformer_v10,2026-08-03 14:03:00
2026-06-04,601318,0.0003211572766304016,0.004666196648031473,0.0003211572766304016,1.0,vanilla_transformer_v10,2026-08-03 14:03:00
2026-06-04,002594,0.00022620707750320435,-0.0046304259449243546,0.00022620707750320435,1.0,vanilla_transformer_v10,2026-08-03 14:03:00
2026-06-04,000858,0.00018692761659622192,-0.0002469005121383816,0.00018692761659622192,1.0,vanilla_transformer_v10,2026-08-03 14:03:00
2026-06-04,300750,0.00018480420112609863,-0.012822471559047699,0.00018480420112609863,1.0,vanilla_transformer_v10,2026-08-03 14:03:00
2026-06-04,600036,7.199496030807495e-05,0.012552954256534576,7.199496030807495e-05,1.0,vanilla_transformer_v10,2026-08-03 14:03:00
2026-06-04,300308,-0.00024188309907913208,-0.08135414123535156,0.00024188309907913208,0.0,vanilla_transformer_v10,2026-08-03 14:03:00
2026-06-04,603501,-0.00042200833559036255,-0.03573410585522652,0.00042200833559036255,0.0,vanilla_transformer_v10,2026-08-03 14:03:00
2026-06-04,600519,-0.0005031973123550415,0.0038253781385719776,0.0005031973123550415,0.0,vanilla_transformer_v10,2026-08-03 14:03:00
2026-06-05,002465,0.0044012293219566345,-0.0961717963218689,0.0044012293219566345,1.0,vanilla_transformer_v10,2026-08-03 14:03:00
2026-06-05,000977,0.0027018412947654724,-0.07085985690355301,0.0027018412947654724,1.0,vanilla_transformer_v10,2026-08-03 14:03:00
2026-06-05,601012,0.002607382833957672,-0.05397928133606911,0.002607382833957672,1.0,vanilla_transformer_v10,2026-08-03 14:03:00
2026-06-05,600438,0.002046257257461548,-0.05362645909190178,0.002046257257461548,1.0,vanilla_transformer_v10,2026-08-03 14:03:00
2026-06-05,300454,0.0019173994660377502,-0.038318146020174026,0.0019173994660377502,1.0,vanilla_transformer_v10,2026-08-03 14:03:00
2026-06-05,300308,0.001280277967453003,-0.021413499489426613,0.001280277967453003,1.0,vanilla_transformer_v10,2026-08-03 14:03:00
2026-06-05,002230,0.001163490116596222,-0.042369771748781204,0.001163490116596222,1.0,vanilla_transformer_v10,2026-08-03 14:03:00
2026-06-05,601318,0.0009682551026344299,-0.0018519076984375715,0.0009682551026344299,1.0,vanilla_transformer_v10,2026-08-03 14:03:00
2026-06-05,600887,0.0008216351270675659,-0.011756779626011848,0.0008216351270675659,1.0,vanilla_transformer_v10,2026-08-03 14:03:00
2026-06-05,601138,0.0005337893962860107,-0.04961807653307915,0.0005337893962860107,1.0,vanilla_transformer_v10,2026-08-03 14:03:00
2026-06-05,000568,0.0005222782492637634,-0.0270701851695776,0.0005222782492637634,1.0,vanilla_transformer_v10,2026-08-03 14:03:00
2026-06-05,000858,0.0004216432571411133,-0.013910327106714249,0.0004216432571411133,1.0,vanilla_transformer_v10,2026-08-03 14:03:00
2026-06-05,600584,0.0002806335687637329,-0.07335685193538666,0.0002806335687637329,1.0,vanilla_transformer_v10,2026-08-03 14:03:00
2026-06-05,688981,-1.706928014755249e-05,-0.04396665096282959,1.706928014755249e-05,0.0,vanilla_transformer_v10,2026-08-03 14:03:00
2026-06-05,600036,-9.342283010482788e-05,-0.00208899169228971,9.342283010482788e-05,0.0,vanilla_transformer_v10,2026-08-03 14:03:00
2026-06-05,002594,-0.000170096755027771,-0.019748026505112648,0.000170096755027771,0.0,vanilla_transformer_v10,2026-08-03 14:03:00
2026-06-05,688012,-0.0002677813172340393,-0.03890946879982948,0.0002677813172340393,0.0,vanilla_transformer_v10,2026-08-03 14:03:00
2026-06-05,300750,-0.00034046173095703125,-0.025078311562538147,0.00034046173095703125,0.0,vanilla_transformer_v10,2026-08-03 14:03:00
2026-06-05,300782,-0.0003675296902656555,-0.10985781252384186,0.0003675296902656555,0.0,vanilla_transformer_v10,2026-08-03 14:03:00
2026-06-05,600519,-0.0005795657634735107,-0.00779225816950202,0.0005795657634735107,0.0,vanilla_transformer_v10,2026-08-03 14:03:00
2026-06-05,002371,-0.0018171891570091248,-0.029637452214956284,0.0018171891570091248,0.0,vanilla_transformer_v10,2026-08-03 14:03:00
2026-06-05,603501,-0.0025688782334327698,-0.03595335781574249,0.0025688782334327698,0.0,vanilla_transformer_v10,2026-08-03 14:03:00
2026-06-08,002465,0.004565030336380005,0.02384895831346512,0.004565030336380005,1.0,vanilla_transformer_v10,2026-08-03 14:03:00
2026-06-08,601012,0.004236966371536255,0.03943385183811188,0.004236966371536255,1.0,vanilla_transformer_v10,2026-08-03 14:03:00
2026-06-08,000977,0.0027569159865379333,0.026775043457746506,0.0027569159865379333,1.0,vanilla_transformer_v10,2026-08-03 14:03:00
2026-06-08,600438,0.0026841536164283752,0.02150770276784897,0.0026841536164283752,1.0,vanilla_transformer_v10,2026-08-03 14:03:00
2026-06-08,300454,0.00247211754322052,0.02878236025571823,0.00247211754322052,1.0,vanilla_transformer_v10,2026-08-03 14:03:00
2026-06-08,300782,0.001870483160018921,0.05321495234966278,0.001870483160018921,1.0,vanilla_transformer_v10,2026-08-03 14:03:00
2026-06-08,300308,0.0018446817994117737,0.021422483026981354,0.0018446817994117737,1.0,vanilla_transformer_v10,2026-08-03 14:03:00
2026-06-08,600887,0.0017769858241081238,-0.009901690296828747,0.0017769858241081238,1.0,vanilla_transformer_v10,2026-08-03 14:03:00
2026-06-08,002230,0.001680321991443634,0.008790209889411926,0.001680321991443634,1.0,vanilla_transformer_v10,2026-08-03 14:03:00
2026-06-08,600584,0.0016670748591423035,0.06856821477413177,0.0016670748591423035,1.0,vanilla_transformer_v10,2026-08-03 14:03:00
2026-06-08,000568,0.0014142394065856934,-0.0012988407397642732,0.0014142394065856934,1.0,vanilla_transformer_v10,2026-08-03 14:03:00
2026-06-08,601138,0.0013839080929756165,0.05875880643725395,0.0013839080929756165,1.0,vanilla_transformer_v10,2026-08-03 14:03:00
2026-06-08,000858,0.0012334659695625305,-0.01068775076419115,0.0012334659695625305,1.0,vanilla_transformer_v10,2026-08-03 14:03:00
2026-06-08,688012,0.0009626671671867371,0.07113312184810638,0.0009626671671867371,1.0,vanilla_transformer_v10,2026-08-03 14:03:00
2026-06-08,600036,0.0008528828620910645,-0.0002788622514344752,0.0008528828620910645,1.0,vanilla_transformer_v10,2026-08-03 14:03:00
2026-06-08,601318,0.0008387789130210876,0.010232093743979931,0.0008387789130210876,1.0,vanilla_transformer_v10,2026-08-03 14:03:00
2026-06-08,688981,0.0006965175271034241,0.043181411921978,0.0006965175271034241,1.0,vanilla_transformer_v10,2026-08-03 14:03:00
2026-06-08,002594,0.0006877407431602478,0.007628330960869789,0.0006877407431602478,1.0,vanilla_transformer_v10,2026-08-03 14:03:00
2026-06-08,002371,0.0003308728337287903,0.05215474218130112,0.0003308728337287903,1.0,vanilla_transformer_v10,2026-08-03 14:03:00
2026-06-08,300750,0.00021347403526306152,0.016347868368029594,0.00021347403526306152,1.0,vanilla_transformer_v10,2026-08-03 14:03:00
2026-06-08,600519,0.00010765343904495239,-0.0055425819009542465,0.00010765343904495239,1.0,vanilla_transformer_v10,2026-08-03 14:03:00
2026-06-08,603501,-0.0009962096810340881,0.014023497700691223,0.0009962096810340881,0.0,vanilla_transformer_v10,2026-08-03 14:03:00
2026-06-09,601012,0.0036221668124198914,0.08440279215574265,0.0036221668124198914,1.0,vanilla_transformer_v10,2026-08-03 14:03:00
2026-06-09,600438,0.0017996728420257568,0.05896247550845146,0.0017996728420257568,1.0,vanilla_transformer_v10,2026-08-03 14:03:00
2026-06-09,002465,0.0016996189951896667,-0.05191859230399132,0.0016996189951896667,1.0,vanilla_transformer_v10,2026-08-03 14:03:00
2026-06-09,601138,0.0015614405274391174,-0.04950936138629913,0.0015614405274391174,1.0,vanilla_transformer_v10,2026-08-03 14:03:00
2026-06-09,600584,0.0014164596796035767,-0.016578856855630875,0.0014164596796035767,1.0,vanilla_transformer_v10,2026-08-03 14:03:00
2026-06-09,300308,0.0013494491577148438,-0.028364133089780807,0.0013494491577148438,1.0,vanilla_transformer_v10,2026-08-03 14:03:00
2026-06-09,300454,0.0010620802640914917,-0.059700630605220795,0.0010620802640914917,1.0,vanilla_transformer_v10,2026-08-03 14:03:00
2026-06-09,000977,0.0010463297367095947,-0.0011726669035851955,0.0010463297367095947,1.0,vanilla_transformer_v10,2026-08-03 14:03:00
2026-06-09,300782,0.0009988024830818176,-0.0464111752808094,0.0009988024830818176,1.0,vanilla_transformer_v10,2026-08-03 14:03:00
2026-06-09,600887,0.0008557215332984924,0.01814364083111286,0.0008557215332984924,1.0,vanilla_transformer_v10,2026-08-03 14:03:00
2026-06-09,688012,0.0006771758198738098,0.014174416661262512,0.0006771758198738098,1.0,vanilla_transformer_v10,2026-08-03 14:03:00
2026-06-09,300750,0.0006519928574562073,-0.02791157364845276,0.0006519928574562073,1.0,vanilla_transformer_v10,2026-08-03 14:03:00
2026-06-09,601318,0.0005248934030532837,0.019749242812395096,0.0005248934030532837,1.0,vanilla_transformer_v10,2026-08-03 14:03:00
2026-06-09,688981,0.0005242228507995605,-0.015516460873186588,0.0005242228507995605,1.0,vanilla_transformer_v10,2026-08-03 14:03:00
2026-06-09,002230,0.0003182068467140198,-0.05115971714258194,0.0003182068467140198,1.0,vanilla_transformer_v10,2026-08-03 14:03:00
2026-06-09,000568,0.0001463666558265686,0.011301056481897831,0.0001463666558265686,1.0,vanilla_transformer_v10,2026-08-03 14:03:00
2026-06-09,000858,0.00010122358798980713,0.0003759344108402729,0.00010122358798980713,1.0,vanilla_transformer_v10,2026-08-03 14:03:00
2026-06-09,002371,7.493793964385986e-05,0.003397315973415971,7.493793964385986e-05,1.0,vanilla_transformer_v10,2026-08-03 14:03:00
2026-06-09,002594,-8.19861888885498e-05,-0.017351746559143066,8.19861888885498e-05,0.0,vanilla_transformer_v10,2026-08-03 14:03:00
2026-06-09,600036,-0.000453948974609375,0.010634463280439377,0.000453948974609375,0.0,vanilla_transformer_v10,2026-08-03 14:03:00
2026-06-09,600519,-0.0005650296807289124,0.015704037621617317,0.0005650296807289124,0.0,vanilla_transformer_v10,2026-08-03 14:03:00
2026-06-09,603501,-0.0010912716388702393,-0.03418595343828201,0.0010912716388702393,0.0,vanilla_transformer_v10,2026-08-03 14:03:00
2026-06-10,601012,0.00402243435382843,-0.031713854521512985,0.00402243435382843,1.0,vanilla_transformer_v10,2026-08-03 14:03:00
2026-06-10,002465,0.002576179802417755,-0.03324960917234421,0.002576179802417755,1.0,vanilla_transformer_v10,2026-08-03 14:03:00
2026-06-10,600438,0.0023772120475769043,0.016354752704501152,0.0023772120475769043,1.0,vanilla_transformer_v10,2026-08-03 14:03:00
2026-06-10,000977,0.0019820332527160645,-0.02646259218454361,0.0019820332527160645,1.0,vanilla_transformer_v10,2026-08-03 14:03:00
2026-06-10,002230,0.001929156482219696,-0.03611839562654495,0.001929156482219696,1.0,vanilla_transformer_v10,2026-08-03 14:03:00
2026-06-10,300454,0.0019103214144706726,-0.027023261412978172,0.0019103214144706726,1.0,vanilla_transformer_v10,2026-08-03 14:03:00
2026-06-10,000568,0.0012862607836723328,0.0008203528122976422,0.0012862607836723328,1.0,vanilla_transformer_v10,2026-08-03 14:03:00
2026-06-10,600887,0.0012012273073196411,0.0011745055671781301,0.0012012273073196411,1.0,vanilla_transformer_v10,2026-08-03 14:03:00
2026-06-10,300308,0.0011875554919242859,-0.020256193354725838,0.0011875554919242859,1.0,vanilla_transformer_v10,2026-08-03 14:03:00
2026-06-10,000858,0.0009197816252708435,0.008184818550944328,0.0009197816252708435,1.0,vanilla_transformer_v10,2026-08-03 14:03:00
2026-06-10,300782,0.0008509531617164612,-0.028552668169140816,0.0008509531617164612,1.0,vanilla_transformer_v10,2026-08-03 14:03:00
2026-06-10,600584,0.0008240863680839539,-0.028781889006495476,0.0008240863680839539,1.0,vanilla_transformer_v10,2026-08-03 14:03:00
2026-06-10,688012,0.0007433667778968811,0.047337718307971954,0.0007433667778968811,1.0,vanilla_transformer_v10,2026-08-03 14:03:00
2026-06-10,600036,0.0006319358944892883,-0.004424990154802799,0.0006319358944892883,1.0,vanilla_transformer_v10,2026-08-03 14:03:00
2026-06-10,601318,0.00045818835496902466,-0.010969244875013828,0.00045818835496902466,1.0,vanilla_transformer_v10,2026-08-03 14:03:00
2026-06-10,600519,0.0002498328685760498,0.0024429145269095898,0.0002498328685760498,1.0,vanilla_transformer_v10,2026-08-03 14:03:00
2026-06-10,300750,9.375065565109253e-05,-0.016358133405447006,9.375065565109253e-05,1.0,vanilla_transformer_v10,2026-08-03 14:03:00
2026-06-10,688981,3.8623809814453125e-05,0.016301698982715607,3.8623809814453125e-05,1.0,vanilla_transformer_v10,2026-08-03 14:03:00
2026-06-10,601138,-1.4603137969970703e-05,-0.02292363904416561,1.4603137969970703e-05,0.0,vanilla_transformer_v10,2026-08-03 14:03:00
2026-06-10,002371,-0.0005319863557815552,0.029127663001418114,0.0005319863557815552,0.0,vanilla_transformer_v10,2026-08-03 14:03:00
2026-06-10,002594,-0.0005585625767707825,-0.005639377515763044,0.0005585625767707825,0.0,vanilla_transformer_v10,2026-08-03 14:03:00
2026-06-10,603501,-0.001035831868648529,-0.057234182953834534,0.001035831868648529,0.0,vanilla_transformer_v10,2026-08-03 14:03:00
2026-06-11,601012,0.003465205430984497,-0.013319063931703568,0.003465205430984497,1.0,vanilla_transformer_v10,2026-08-03 14:03:00
2026-06-11,600438,0.0027123764157295227,-0.035823754966259,0.0027123764157295227,1.0,vanilla_transformer_v10,2026-08-03 14:03:00
2026-06-11,002465,0.0023010075092315674,0.005787699483335018,0.0023010075092315674,1.0,vanilla_transformer_v10,2026-08-03 14:03:00
2026-06-11,300308,0.0018528401851654053,0.021997446194291115,0.0018528401851654053,1.0,vanilla_transformer_v10,2026-08-03 14:03:00
2026-06-11,002230,0.0018458440899848938,-0.009849981404840946,0.0018458440899848938,1.0,vanilla_transformer_v10,2026-08-03 14:03:00
2026-06-11,300454,0.001714751124382019,-0.0013197301886975765,0.001714751124382019,1.0,vanilla_transformer_v10,2026-08-03 14:03:00
2026-06-11,600584,0.001398719847202301,-0.043045394122600555,0.001398719847202301,1.0,vanilla_transformer_v10,2026-08-03 14:03:00
2026-06-11,300782,0.001335732638835907,-0.023016000166535378,0.001335732638835907,1.0,vanilla_transformer_v10,2026-08-03 14:03:00
2026-06-11,601138,0.0012920349836349487,0.00877778697758913,0.0012920349836349487,1.0,vanilla_transformer_v10,2026-08-03 14:03:00
2026-06-11,000977,0.0011728554964065552,0.00034417485585436225,0.0011728554964065552,1.0,vanilla_transformer_v10,2026-08-03 14:03:00
2026-06-11,000858,0.0010060593485832214,0.0016260923584923148,0.0010060593485832214,1.0,vanilla_transformer_v10,2026-08-03 14:03:00
2026-06-11,688012,0.0005901902914047241,0.0026372482534497976,0.0005901902914047241,1.0,vanilla_transformer_v10,2026-08-03 14:03:00
2026-06-11,688981,0.0005696788430213928,-0.019978467375040054,0.0005696788430213928,1.0,vanilla_transformer_v10,2026-08-03 14:03:00
2026-06-11,300750,0.0005188807845115662,0.03256988897919655,0.0005188807845115662,1.0,vanilla_transformer_v10,2026-08-03 14:03:00
2026-06-11,000568,0.0005069375038146973,-0.005631941836327314,0.0005069375038146973,1.0,vanilla_transformer_v10,2026-08-03 14:03:00
2026-06-11,603501,0.0004988685250282288,0.009839760139584541,0.0004988685250282288,1.0,vanilla_transformer_v10,2026-08-03 14:03:00
2026-06-11,600887,0.00038601458072662354,0.0038975030183792114,0.00038601458072662354,1.0,vanilla_transformer_v10,2026-08-03 14:03:00
2026-06-11,002371,0.0001443624496459961,0.04552094638347626,0.0001443624496459961,1.0,vanilla_transformer_v10,2026-08-03 14:03:00
2026-06-11,002594,-0.00014115869998931885,0.01984282396733761,0.00014115869998931885,0.0,vanilla_transformer_v10,2026-08-03 14:03:00
2026-06-11,600036,-0.0005509182810783386,0.015629973262548447,0.0005509182810783386,0.0,vanilla_transformer_v10,2026-08-03 14:03:00
2026-06-11,600519,-0.000567115843296051,0.010043082758784294,0.000567115843296051,0.0,vanilla_transformer_v10,2026-08-03 14:03:00
2026-06-11,601318,-0.0007922425866127014,0.025715205818414688,0.0007922425866127014,0.0,vanilla_transformer_v10,2026-08-03 14:03:00
2026-06-12,601012,0.0019148662686347961,-0.005930700339376926,0.0019148662686347961,1.0,vanilla_transformer_v10,2026-08-03 14:03:00
2026-06-12,600584,0.00187770277261734,0.07546272873878479,0.00187770277261734,1.0,vanilla_transformer_v10,2026-08-03 14:03:00
2026-06-12,002465,0.001670144498348236,0.010975290089845657,0.001670144498348236,1.0,vanilla_transformer_v10,2026-08-03 14:03:00
2026-06-12,002230,0.001637868583202362,0.026631921529769897,0.001637868583202362,1.0,vanilla_transformer_v10,2026-08-03 14:03:00
2026-06-12,600438,0.0015436336398124695,-0.00957772508263588,0.0015436336398124695,1.0,vanilla_transformer_v10,2026-08-03 14:03:00
2026-06-12,300308,0.0014010891318321228,0.08024352788925171,0.0014010891318321228,1.0,vanilla_transformer_v10,2026-08-03 14:03:00
2026-06-12,300454,0.0010506808757781982,0.04051312804222107,0.0010506808757781982,1.0,vanilla_transformer_v10,2026-08-03 14:03:00
2026-06-12,601318,0.000914447009563446,0.004051476251333952,0.000914447009563446,1.0,vanilla_transformer_v10,2026-08-03 14:03:00
2026-06-12,300750,0.0007232204079627991,0.00818876177072525,0.0007232204079627991,1.0,vanilla_transformer_v10,2026-08-03 14:03:00
2026-06-12,000977,0.0004648938775062561,0.08654384315013885,0.0004648938775062561,1.0,vanilla_transformer_v10,2026-08-03 14:03:00
2026-06-12,688981,0.00046466290950775146,0.04417319595813751,0.00046466290950775146,1.0,vanilla_transformer_v10,2026-08-03 14:03:00
2026-06-12,688012,0.0004207119345664978,0.05148093402385712,0.0004207119345664978,1.0,vanilla_transformer_v10,2026-08-03 14:03:00
2026-06-12,300782,0.00032380223274230957,0.07405046373605728,0.00032380223274230957,1.0,vanilla_transformer_v10,2026-08-03 14:03:00
2026-06-12,600036,0.00031907856464385986,-0.009963974356651306,0.00031907856464385986,1.0,vanilla_transformer_v10,2026-08-03 14:03:00
2026-06-12,600887,0.0002977997064590454,-0.011738378554582596,0.0002977997064590454,1.0,vanilla_transformer_v10,2026-08-03 14:03:00
2026-06-12,000568,0.00018575787544250488,-0.0037723269779235125,0.00018575787544250488,1.0,vanilla_transformer_v10,2026-08-03 14:03:00
2026-06-12,000858,6.041675806045532e-05,-0.003635494038462639,6.041675806045532e-05,1.0,vanilla_transformer_v10,2026-08-03 14:03:00
2026-06-12,002594,-2.7447938919067383e-05,-0.008560742251574993,2.7447938919067383e-05,0.0,vanilla_transformer_v10,2026-08-03 14:03:00
2026-06-12,601138,-0.0002088993787765503,0.045518241822719574,0.0002088993787765503,0.0,vanilla_transformer_v10,2026-08-03 14:03:00
2026-06-12,600519,-0.0004956647753715515,-0.01623929850757122,0.0004956647753715515,0.0,vanilla_transformer_v10,2026-08-03 14:03:00
2026-06-12,002371,-0.0009350106120109558,0.022275324910879135,0.0009350106120109558,0.0,vanilla_transformer_v10,2026-08-03 14:03:00
2026-06-12,603501,-0.0017723515629768372,0.030999282374978065,0.0017723515629768372,0.0,vanilla_transformer_v10,2026-08-03 14:03:00
2026-06-15,600584,0.0017897263169288635,0.03448925167322159,0.0017897263169288635,1.0,vanilla_transformer_v10,2026-08-03 14:03:00
2026-06-15,000977,0.001123584806919098,-0.012607944197952747,0.001123584806919098,1.0,vanilla_transformer_v10,2026-08-03 14:03:00
2026-06-15,300308,0.0011082515120506287,0.0024795052595436573,0.0011082515120506287,1.0,vanilla_transformer_v10,2026-08-03 14:03:00
2026-06-15,601012,0.0009994357824325562,-0.0060041979886591434,0.0009994357824325562,1.0,vanilla_transformer_v10,2026-08-03 14:03:00
2026-06-15,600438,0.0009846985340118408,-0.004420636687427759,0.0009846985340118408,1.0,vanilla_transformer_v10,2026-08-03 14:03:00
2026-06-15,002465,0.0008628293871879578,0.004994516260921955,0.0008628293871879578,1.0,vanilla_transformer_v10,2026-08-03 14:03:00
2026-06-15,601318,0.000740736722946167,-0.023159051313996315,0.000740736722946167,1.0,vanilla_transformer_v10,2026-08-03 14:03:00
2026-06-15,002230,0.0007226467132568359,-0.0048397914506495,0.0007226467132568359,1.0,vanilla_transformer_v10,2026-08-03 14:03:00
2026-06-15,300750,0.0006556659936904907,0.013551504351198673,0.0006556659936904907,1.0,vanilla_transformer_v10,2026-08-03 14:03:00
2026-06-15,601138,0.0006276294589042664,-0.006771905347704887,0.0006276294589042664,1.0,vanilla_transformer_v10,2026-08-03 14:03:00
2026-06-15,300454,0.0005256310105323792,-0.03231843560934067,0.0005256310105323792,1.0,vanilla_transformer_v10,2026-08-03 14:03:00
2026-06-15,300782,0.0003513619303703308,0.010801184922456741,0.0003513619303703308,1.0,vanilla_transformer_v10,2026-08-03 14:03:00
2026-06-15,600887,0.00033026188611984253,-0.024299221113324165,0.00033026188611984253,1.0,vanilla_transformer_v10,2026-08-03 14:03:00
2026-06-15,688981,0.00016363710165023804,-0.0029156776145100594,0.00016363710165023804,1.0,vanilla_transformer_v10,2026-08-03 14:03:00
2026-06-15,688012,3.668665885925293e-05,-0.0030691842548549175,3.668665885925293e-05,1.0,vanilla_transformer_v10,2026-08-03 14:03:00
2026-06-15,000568,1.1973083019256592e-05,-0.016669224947690964,1.1973083019256592e-05,1.0,vanilla_transformer_v10,2026-08-03 14:03:00
2026-06-15,002594,-1.531839370727539e-05,-0.013086337596178055,1.531839370727539e-05,0.0,vanilla_transformer_v10,2026-08-03 14:03:00
2026-06-15,002371,-0.0001920834183692932,-0.014810308814048767,0.0001920834183692932,0.0,vanilla_transformer_v10,2026-08-03 14:03:00
2026-06-15,000858,-0.00038064271211624146,-0.01646321453154087,0.00038064271211624146,0.0,vanilla_transformer_v10,2026-08-03 14:03:00
2026-06-15,600036,-0.00048660486936569214,-0.00978589802980423,0.00048660486936569214,0.0,vanilla_transformer_v10,2026-08-03 14:03:00
2026-06-15,600519,-0.0005216971039772034,-0.012213259935379028,0.0005216971039772034,0.0,vanilla_transformer_v10,2026-08-03 14:03:00
2026-06-15,603501,-0.000673830509185791,-0.005827092099934816,0.000673830509185791,0.0,vanilla_transformer_v10,2026-08-03 14:03:00
2026-06-16,600584,0.0025708600878715515,0.06089680269360542,0.0025708600878715515,1.0,vanilla_transformer_v10,2026-08-03 14:03:00
2026-06-16,002465,0.002421237528324127,-0.0035935353953391314,0.002421237528324127,1.0,vanilla_transformer_v10,2026-08-03 14:03:00
2026-06-16,601012,0.0019994452595710754,-0.017455939203500748,0.0019994452595710754,1.0,vanilla_transformer_v10,2026-08-03 14:03:00
2026-06-16,600438,0.0019529163837432861,-0.024737924337387085,0.0019529163837432861,1.0,vanilla_transformer_v10,2026-08-03 14:03:00
2026-06-16,600887,0.00178537517786026,-0.005253873765468597,0.00178537517786026,1.0,vanilla_transformer_v10,2026-08-03 14:03:00
2026-06-16,601138,0.0014994442462921143,-0.003576582996174693,0.0014994442462921143,1.0,vanilla_transformer_v10,2026-08-03 14:03:00
2026-06-16,300454,0.0012901797890663147,0.02742892876267433,0.0012901797890663147,1.0,vanilla_transformer_v10,2026-08-03 14:03:00
2026-06-16,688981,0.0011939182877540588,0.03443928807973862,0.0011939182877540588,1.0,vanilla_transformer_v10,2026-08-03 14:03:00
2026-06-16,002230,0.0009754449129104614,0.00748908007517457,0.0009754449129104614,1.0,vanilla_transformer_v10,2026-08-03 14:03:00
2026-06-16,300750,0.0009337067604064941,-0.011286556720733643,0.0009337067604064941,1.0,vanilla_transformer_v10,2026-08-03 14:03:00
2026-06-16,601318,0.0009074583649635315,-0.00432218424975872,0.0009074583649635315,1.0,vanilla_transformer_v10,2026-08-03 14:03:00
2026-06-16,000568,0.0007012858986854553,-0.004089463502168655,0.0007012858986854553,1.0,vanilla_transformer_v10,2026-08-03 14:03:00
2026-06-16,300308,0.0006317123770713806,0.02220219001173973,0.0006317123770713806,1.0,vanilla_transformer_v10,2026-08-03 14:03:00
2026-06-16,300782,0.000495612621307373,0.02116328291594982,0.000495612621307373,1.0,vanilla_transformer_v10,2026-08-03 14:03:00
2026-06-16,000977,0.00042816996574401855,0.03470553085207939,0.00042816996574401855,1.0,vanilla_transformer_v10,2026-08-03 14:03:00
2026-06-16,002594,0.0002506524324417114,-0.02448194846510887,0.0002506524324417114,1.0,vanilla_transformer_v10,2026-08-03 14:03:00
2026-06-16,000858,0.0001073107123374939,-0.010778529569506645,0.0001073107123374939,1.0,vanilla_transformer_v10,2026-08-03 14:03:00
2026-06-16,600036,-7.987022399902344e-05,-0.008852501399815083,7.987022399902344e-05,0.0,vanilla_transformer_v10,2026-08-03 14:03:00
2026-06-16,688012,-0.00021280348300933838,0.09561049193143845,0.00021280348300933838,0.0,vanilla_transformer_v10,2026-08-03 14:03:00
2026-06-16,603501,-0.0004994943737983704,0.021497448906302452,0.0004994943737983704,0.0,vanilla_transformer_v10,2026-08-03 14:03:00
2026-06-16,002371,-0.0005351006984710693,0.04655028134584427,0.0005351006984710693,0.0,vanilla_transformer_v10,2026-08-03 14:03:00
2026-06-16,600519,-0.0005362480878829956,-0.012558006681501865,0.0005362480878829956,0.0,vanilla_transformer_v10,2026-08-03 14:03:00
2026-06-17,600584,0.002292051911354065,0.015417401678860188,0.002292051911354065,1.0,vanilla_transformer_v10,2026-08-03 14:03:00
2026-06-17,002465,0.001829877495765686,-0.012376271188259125,0.001829877495765686,1.0,vanilla_transformer_v10,2026-08-03 14:03:00
2026-06-17,601012,0.0017057806253433228,-0.01776607148349285,0.0017057806253433228,1.0,vanilla_transformer_v10,2026-08-03 14:03:00
2026-06-17,600438,0.0013440921902656555,-0.025365445762872696,0.0013440921902656555,1.0,vanilla_transformer_v10,2026-08-03 14:03:00
2026-06-17,002594,0.0010258480906486511,0.007519375998526812,0.0010258480906486511,1.0,vanilla_transformer_v10,2026-08-03 14:03:00
2026-06-17,601138,0.0009016916155815125,0.07211636006832123,0.0009016916155815125,1.0,vanilla_transformer_v10,2026-08-03 14:03:00
2026-06-17,300454,0.000824660062789917,-0.0009807768510654569,0.000824660062789917,1.0,vanilla_transformer_v10,2026-08-03 14:03:00
2026-06-17,002230,0.0007569417357444763,0.02422185428440571,0.0007569417357444763,1.0,vanilla_transformer_v10,2026-08-03 14:03:00
2026-06-17,600887,0.0007360577583312988,-0.016758259385824203,0.0007360577583312988,1.0,vanilla_transformer_v10,2026-08-03 14:03:00
2026-06-17,688981,0.0006850585341453552,0.04357988014817238,0.0006850585341453552,1.0,vanilla_transformer_v10,2026-08-03 14:03:00
2026-06-17,000977,0.0004531443119049072,0.01783658191561699,0.0004531443119049072,1.0,vanilla_transformer_v10,2026-08-03 14:03:00
2026-06-17,601318,0.00036381930112838745,-0.06624136865139008,0.00036381930112838745,1.0,vanilla_transformer_v10,2026-08-03 14:03:00
2026-06-17,300308,0.00017151981592178345,0.06944482028484344,0.00017151981592178345,1.0,vanilla_transformer_v10,2026-08-03 14:03:00
2026-06-17,000568,0.00013127177953720093,-0.02453514188528061,0.00013127177953720093,1.0,vanilla_transformer_v10,2026-08-03 14:03:00
2026-06-17,688012,5.254894495010376e-05,0.02531353197991848,5.254894495010376e-05,1.0,vanilla_transformer_v10,2026-08-03 14:03:00
2026-06-17,000858,-2.621859312057495e-05,-0.02139146998524666,2.621859312057495e-05,0.0,vanilla_transformer_v10,2026-08-03 14:03:00
2026-06-17,300750,-9.947270154953003e-05,-0.018854161724448204,9.947270154953003e-05,0.0,vanilla_transformer_v10,2026-08-03 14:03:00
2026-06-17,600519,-0.00035209208726882935,-0.020367391407489777,0.00035209208726882935,0.0,vanilla_transformer_v10,2026-08-03 14:03:00
2026-06-17,002371,-0.0003542006015777588,0.023602351546287537,0.0003542006015777588,0.0,vanilla_transformer_v10,2026-08-03 14:03:00
2026-06-17,300782,-0.0004510655999183655,0.06121513620018959,0.0004510655999183655,0.0,vanilla_transformer_v10,2026-08-03 14:03:00
2026-06-17,600036,-0.0005331858992576599,-0.025692269206047058,0.0005331858992576599,0.0,vanilla_transformer_v10,2026-08-03 14:03:00
2026-06-17,603501,-0.0006197541952133179,-0.0016125134425237775,0.0006197541952133179,0.0,vanilla_transformer_v10,2026-08-03 14:03:00
2026-06-18,601318,0.003619082272052765,0.05132143944501877,0.003619082272052765,1.0,vanilla_transformer_v10,2026-08-03 14:03:00
2026-06-18,601138,0.0018084719777107239,0.01027076505124569,0.0018084719777107239,1.0,vanilla_transformer_v10,2026-08-03 14:03:00
2026-06-18,002465,0.0016498789191246033,-0.02211165986955166,0.0016498789191246033,1.0,vanilla_transformer_v10,2026-08-03 14:03:00
2026-06-18,600438,0.0016429498791694641,0.011647619307041168,0.0016429498791694641,1.0,vanilla_transformer_v10,2026-08-03 14:03:00
2026-06-18,601012,0.0014194250106811523,0.02994818054139614,0.0014194250106811523,1.0,vanilla_transformer_v10,2026-08-03 14:03:00
2026-06-18,600584,0.0008164197206497192,0.09529246389865875,0.0008164197206497192,1.0,vanilla_transformer_v10,2026-08-03 14:03:00
2026-06-18,002594,0.0008147880434989929,-0.006177653558552265,0.0008147880434989929,1.0,vanilla_transformer_v10,2026-08-03 14:03:00
2026-06-18,000568,0.0006346553564071655,0.004195034969598055,0.0006346553564071655,1.0,vanilla_transformer_v10,2026-08-03 14:03:00
2026-06-18,600887,0.0005162954330444336,0.015135382302105427,0.0005162954330444336,1.0,vanilla_transformer_v10,2026-08-03 14:03:00
2026-06-18,002230,0.0005023181438446045,0.029366226866841316,0.0005023181438446045,1.0,vanilla_transformer_v10,2026-08-03 14:03:00
2026-06-18,000858,0.0004354342818260193,0.009188633412122726,0.0004354342818260193,1.0,vanilla_transformer_v10,2026-08-03 14:03:00
2026-06-18,300750,0.0001829192042350769,0.043561194092035294,0.0001829192042350769,1.0,vanilla_transformer_v10,2026-08-03 14:03:00
2026-06-18,300454,0.0001823529601097107,0.010638917796313763,0.0001823529601097107,1.0,vanilla_transformer_v10,2026-08-03 14:03:00
2026-06-18,688981,0.00011391192674636841,0.034164488315582275,0.00011391192674636841,1.0,vanilla_transformer_v10,2026-08-03 14:03:00
2026-06-18,600036,-0.00015550106763839722,0.0104132778942585,0.00015550106763839722,0.0,vanilla_transformer_v10,2026-08-03 14:03:00
2026-06-18,600519,-0.00027098506689071655,0.021503446623682976,0.00027098506689071655,0.0,vanilla_transformer_v10,2026-08-03 14:03:00
2026-06-18,300308,-0.0003697499632835388,0.010508420877158642,0.0003697499632835388,0.0,vanilla_transformer_v10,2026-08-03 14:03:00
2026-06-18,300782,-0.0007715299725532532,0.057513825595378876,0.0007715299725532532,0.0,vanilla_transformer_v10,2026-08-03 14:03:00
2026-06-18,000977,-0.0011829063296318054,0.008184018544852734,0.0011829063296318054,0.0,vanilla_transformer_v10,2026-08-03 14:03:00
2026-06-18,603501,-0.0012621507048606873,0.006514681037515402,0.0012621507048606873,0.0,vanilla_transformer_v10,2026-08-03 14:03:00
2026-06-18,688012,-0.0019655153155326843,0.03477882966399193,0.0019655153155326843,0.0,vanilla_transformer_v10,2026-08-03 14:03:00
2026-06-18,002371,-0.002181597054004669,0.03268969804048538,0.002181597054004669,0.0,vanilla_transformer_v10,2026-08-03 14:03:00
2026-06-22,601318,0.001909598708152771,-0.030831074342131615,0.001909598708152771,1.0,vanilla_transformer_v10,2026-08-03 14:03:00
2026-06-22,601012,0.0010585784912109375,-0.04799539968371391,0.0010585784912109375,1.0,vanilla_transformer_v10,2026-08-03 14:03:00
2026-06-22,600438,0.0010105818510055542,-0.05050422251224518,0.0010105818510055542,1.0,vanilla_transformer_v10,2026-08-03 14:03:00
2026-06-22,002465,0.0008412599563598633,-0.049002379179000854,0.0008412599563598633,1.0,vanilla_transformer_v10,2026-08-03 14:03:00
2026-06-22,300750,0.0005387291312217712,-0.04111465439200401,0.0005387291312217712,1.0,vanilla_transformer_v10,2026-08-03 14:03:00
2026-06-22,600887,0.0005338713526725769,-0.0069291493855416775,0.0005338713526725769,1.0,vanilla_transformer_v10,2026-08-03 14:03:00
2026-06-22,000568,0.0003988519310951233,-0.02998008206486702,0.0003988519310951233,1.0,vanilla_transformer_v10,2026-08-03 14:03:00
2026-06-22,002230,0.0003448799252510071,-0.03785543143749237,0.0003448799252510071,1.0,vanilla_transformer_v10,2026-08-03 14:03:00
2026-06-22,601138,0.0001610293984413147,-0.06258902698755264,0.0001610293984413147,1.0,vanilla_transformer_v10,2026-08-03 14:03:00
2026-06-22,600584,9.834021329879761e-05,-0.05799254775047302,9.834021329879761e-05,1.0,vanilla_transformer_v10,2026-08-03 14:03:00
2026-06-22,002594,9.79304313659668e-05,-0.030016599223017693,9.79304313659668e-05,1.0,vanilla_transformer_v10,2026-08-03 14:03:00
2026-06-22,000858,6.966292858123779e-05,-0.02365967631340027,6.966292858123779e-05,1.0,vanilla_transformer_v10,2026-08-03 14:03:00
2026-06-22,300308,2.253800630569458e-05,-0.0537356398999691,2.253800630569458e-05,1.0,vanilla_transformer_v10,2026-08-03 14:03:00
2026-06-22,300454,-0.00012145191431045532,-0.06115267425775528,0.00012145191431045532,0.0,vanilla_transformer_v10,2026-08-03 14:03:00
2026-06-22,600519,-0.00023033469915390015,-0.015389952808618546,0.00023033469915390015,0.0,vanilla_transformer_v10,2026-08-03 14:03:00
2026-06-22,600036,-0.0004647746682167053,-0.006674955599009991,0.0004647746682167053,0.0,vanilla_transformer_v10,2026-08-03 14:03:00
2026-06-22,000977,-0.000827401876449585,-0.033798884600400925,0.000827401876449585,0.0,vanilla_transformer_v10,2026-08-03 14:03:00
2026-06-22,688981,-0.001098446547985077,-0.027082305401563644,0.001098446547985077,0.0,vanilla_transformer_v10,2026-08-03 14:03:00
2026-06-22,688012,-0.0019575729966163635,-0.0027418143581598997,0.0019575729966163635,0.0,vanilla_transformer_v10,2026-08-03 14:03:00
2026-06-22,300782,-0.0019867122173309326,0.013613197952508926,0.0019867122173309326,0.0,vanilla_transformer_v10,2026-08-03 14:03:00
2026-06-22,002371,-0.0020248964428901672,0.003337141126394272,0.0020248964428901672,0.0,vanilla_transformer_v10,2026-08-03 14:03:00
2026-06-22,603501,-0.0021760910749435425,-0.0320952869951725,0.0021760910749435425,0.0,vanilla_transformer_v10,2026-08-03 14:03:00
2026-06-23,601318,0.001971818506717682,-0.02575782500207424,0.001971818506717682,1.0,vanilla_transformer_v10,2026-08-03 14:03:00
2026-06-23,002465,0.001957841217517853,0.0022802550811320543,0.001957841217517853,1.0,vanilla_transformer_v10,2026-08-03 14:03:00
2026-06-23,600438,0.0018310025334358215,-0.009732437320053577,0.0018310025334358215,1.0,vanilla_transformer_v10,2026-08-03 14:03:00
2026-06-23,601138,0.0016117095947265625,0.035618677735328674,0.0016117095947265625,1.0,vanilla_transformer_v10,2026-08-03 14:03:00
2026-06-23,600584,0.0015796944499015808,0.09532155841588974,0.0015796944499015808,1.0,vanilla_transformer_v10,2026-08-03 14:03:00
2026-06-23,000858,0.001499868929386139,-0.019727798178792,0.001499868929386139,1.0,vanilla_transformer_v10,2026-08-03 14:03:00
2026-06-23,601012,0.0014665350317955017,-0.012784897349774837,0.0014665350317955017,1.0,vanilla_transformer_v10,2026-08-03 14:03:00
2026-06-23,300308,0.0013661012053489685,0.001655167667195201,0.0013661012053489685,1.0,vanilla_transformer_v10,2026-08-03 14:03:00
2026-06-23,000568,0.0013168826699256897,-0.025684377178549767,0.0013168826699256897,1.0,vanilla_transformer_v10,2026-08-03 14:03:00
2026-06-23,300454,0.0012598410248756409,0.0038114904891699553,0.0012598410248756409,1.0,vanilla_transformer_v10,2026-08-03 14:03:00
2026-06-23,002594,0.0012597441673278809,-0.020180607214570045,0.0012597441673278809,1.0,vanilla_transformer_v10,2026-08-03 14:03:00
2026-06-23,600887,0.0010747388005256653,-0.0024562450125813484,0.0010747388005256653,1.0,vanilla_transformer_v10,2026-08-03 14:03:00
2026-06-23,600036,0.0010461732745170593,-0.01727425307035446,0.0010461732745170593,1.0,vanilla_transformer_v10,2026-08-03 14:03:00
2026-06-23,002230,0.0008789226412773132,0.008265367709100246,0.0008789226412773132,1.0,vanilla_transformer_v10,2026-08-03 14:03:00
2026-06-23,000977,0.00044936686754226685,0.012428665533661842,0.00044936686754226685,1.0,vanilla_transformer_v10,2026-08-03 14:03:00
2026-06-23,600519,4.038214683532715e-06,-0.012156274169683456,4.038214683532715e-06,1.0,vanilla_transformer_v10,2026-08-03 14:03:00
2026-06-23,300750,-0.0001678764820098877,0.0072390493005514145,0.0001678764820098877,0.0,vanilla_transformer_v10,2026-08-03 14:03:00
2026-06-23,688981,-0.0002023950219154358,0.06707147508859634,0.0002023950219154358,0.0,vanilla_transformer_v10,2026-08-03 14:03:00
2026-06-23,300782,-0.000612698495388031,-0.002557225525379181,0.000612698495388031,0.0,vanilla_transformer_v10,2026-08-03 14:03:00
2026-06-23,688012,-0.0009079352021217346,0.029893603175878525,0.0009079352021217346,0.0,vanilla_transformer_v10,2026-08-03 14:03:00
2026-06-23,603501,-0.0014169514179229736,0.029205109924077988,0.0014169514179229736,0.0,vanilla_transformer_v10,2026-08-03 14:03:00
2026-06-23,002371,-0.0014942139387130737,0.029760699719190598,0.0014942139387130737,0.0,vanilla_transformer_v10,2026-08-03 14:03:00
2026-06-24,600584,0.002503141760826111,0.09530501067638397,0.002503141760826111,1.0,vanilla_transformer_v10,2026-08-03 14:03:00
2026-06-24,601138,0.0021832436323165894,0.0027300044894218445,0.0021832436323165894,1.0,vanilla_transformer_v10,2026-08-03 14:03:00
2026-06-24,601318,0.0019379928708076477,0.003640019102022052,0.0019379928708076477,1.0,vanilla_transformer_v10,2026-08-03 14:03:00
2026-06-24,688981,0.0014202296733856201,0.03457006439566612,0.0014202296733856201,1.0,vanilla_transformer_v10,2026-08-03 14:03:00
2026-06-24,600438,0.0013871937990188599,0.0008146640029735863,0.0013871937990188599,1.0,vanilla_transformer_v10,2026-08-03 14:03:00
2026-06-24,600036,0.001334957778453827,-0.014511480927467346,0.001334957778453827,1.0,vanilla_transformer_v10,2026-08-03 14:03:00
2026-06-24,300308,0.0012549012899398804,0.008514240384101868,0.0012549012899398804,1.0,vanilla_transformer_v10,2026-08-03 14:03:00
2026-06-24,601012,0.0012538060545921326,0.012784897349774837,0.0012538060545921326,1.0,vanilla_transformer_v10,2026-08-03 14:03:00
2026-06-24,600887,0.0011788010597229004,0.00857296772301197,0.0011788010597229004,1.0,vanilla_transformer_v10,2026-08-03 14:03:00
2026-06-24,002465,0.0010706335306167603,-0.022928984835743904,0.0010706335306167603,1.0,vanilla_transformer_v10,2026-08-03 14:03:00
2026-06-24,002594,0.0008801743388175964,-0.013310259208083153,0.0008801743388175964,1.0,vanilla_transformer_v10,2026-08-03 14:03:00
2026-06-24,000568,0.0006970912218093872,0.019452473148703575,0.0006970912218093872,1.0,vanilla_transformer_v10,2026-08-03 14:03:00
2026-06-24,000858,0.0005021765828132629,0.02292868122458458,0.0005021765828132629,1.0,vanilla_transformer_v10,2026-08-03 14:03:00
2026-06-24,688012,0.00047592073678970337,0.04125034809112549,0.00047592073678970337,1.0,vanilla_transformer_v10,2026-08-03 14:03:00
2026-06-24,300750,0.0002245679497718811,0.016405094414949417,0.0002245679497718811,1.0,vanilla_transformer_v10,2026-08-03 14:03:00
2026-06-24,300454,0.00021945685148239136,-0.004017931409180164,0.00021945685148239136,1.0,vanilla_transformer_v10,2026-08-03 14:03:00
2026-06-24,000977,-8.716434240341187e-05,0.05656420812010765,8.716434240341187e-05,0.0,vanilla_transformer_v10,2026-08-03 14:03:00
2026-06-24,002230,-0.00016455352306365967,-0.021848423406481743,0.00016455352306365967,0.0,vanilla_transformer_v10,2026-08-03 14:03:00
2026-06-24,002371,-0.00029331445693969727,0.03562835231423378,0.00029331445693969727,0.0,vanilla_transformer_v10,2026-08-03 14:03:00
2026-06-24,600519,-0.0002981722354888916,0.0036527332849800587,0.0002981722354888916,0.0,vanilla_transformer_v10,2026-08-03 14:03:00
2026-06-24,603501,-0.0006914958357810974,-0.006533598527312279,0.0006914958357810974,0.0,vanilla_transformer_v10,2026-08-03 14:03:00
2026-06-24,300782,-0.0013570412993431091,-0.0205429345369339,0.0013570412993431091,0.0,vanilla_transformer_v10,2026-08-03 14:03:00
2026-06-25,601012,0.001434825360774994,0.0047325026243925095,0.001434825360774994,1.0,vanilla_transformer_v10,2026-08-03 14:03:00
2026-06-25,601318,0.001423075795173645,-0.04287833720445633,0.001423075795173645,1.0,vanilla_transformer_v10,2026-08-03 14:03:00
2026-06-25,300308,0.0013018548488616943,-0.053952861577272415,0.0013018548488616943,1.0,vanilla_transformer_v10,2026-08-03 14:03:00
2026-06-25,000977,0.0012387260794639587,-0.07070538401603699,0.0012387260794639587,1.0,vanilla_transformer_v10,2026-08-03 14:03:00
2026-06-25,000858,0.0010005459189414978,-0.024701764807105064,0.0010005459189414978,1.0,vanilla_transformer_v10,2026-08-03 14:03:00
2026-06-25,600438,0.0009951815009117126,-0.02397477813065052,0.0009951815009117126,1.0,vanilla_transformer_v10,2026-08-03 14:03:00
2026-06-25,000568,0.0009761154651641846,-0.04141655191779137,0.0009761154651641846,1.0,vanilla_transformer_v10,2026-08-03 14:03:00
2026-06-25,600887,0.0009734258055686951,-0.013913209550082684,0.0009734258055686951,1.0,vanilla_transformer_v10,2026-08-03 14:03:00
2026-06-25,002465,0.0006704181432723999,-0.01453188993036747,0.0006704181432723999,1.0,vanilla_transformer_v10,2026-08-03 14:03:00
2026-06-25,002594,0.0006337091326713562,-0.04987775534391403,0.0006337091326713562,1.0,vanilla_transformer_v10,2026-08-03 14:03:00
2026-06-25,601138,0.000627376139163971,-0.09212007373571396,0.000627376139163971,1.0,vanilla_transformer_v10,2026-08-03 14:03:00
2026-06-25,600036,0.00042392313480377197,-0.006341049913316965,0.00042392313480377197,1.0,vanilla_transformer_v10,2026-08-03 14:03:00
2026-06-25,300454,0.0002661570906639099,-0.07444948703050613,0.0002661570906639099,1.0,vanilla_transformer_v10,2026-08-03 14:03:00
2026-06-25,600519,-0.00010978430509567261,-0.013133982196450233,0.00010978430509567261,0.0,vanilla_transformer_v10,2026-08-03 14:03:00
2026-06-25,002230,-0.00017441809177398682,-0.06337520480155945,0.00017441809177398682,0.0,vanilla_transformer_v10,2026-08-03 14:03:00
2026-06-25,300750,-0.0004132762551307678,-0.05340524762868881,0.0004132762551307678,0.0,vanilla_transformer_v10,2026-08-03 14:03:00
2026-06-25,688981,-0.0005629733204841614,-0.05301941931247711,0.0005629733204841614,0.0,vanilla_transformer_v10,2026-08-03 14:03:00
2026-06-25,600584,-0.0005692318081855774,-0.03200651705265045,0.0005692318081855774,0.0,vanilla_transformer_v10,2026-08-03 14:03:00
2026-06-25,688012,-0.0006342530250549316,0.034155551344156265,0.0006342530250549316,0.0,vanilla_transformer_v10,2026-08-03 14:03:00
2026-06-25,300782,-0.001117415726184845,-0.09796834737062454,0.001117415726184845,0.0,vanilla_transformer_v10,2026-08-03 14:03:00
2026-06-25,002371,-0.0011324435472488403,0.019076719880104065,0.0011324435472488403,0.0,vanilla_transformer_v10,2026-08-03 14:03:00
2026-06-25,603501,-0.001641683280467987,-0.03390992432832718,0.001641683280467987,0.0,vanilla_transformer_v10,2026-08-03 14:03:00
2026-06-26,601012,0.0033397674560546875,0.01098256278783083,0.0033397674560546875,1.0,vanilla_transformer_v10,2026-08-03 14:03:00
2026-06-26,600438,0.002630375325679779,0.005821662489324808,0.002630375325679779,1.0,vanilla_transformer_v10,2026-08-03 14:03:00
2026-06-26,601318,0.002502158284187317,0.028619419783353806,0.002502158284187317,1.0,vanilla_transformer_v10,2026-08-03 14:03:00
2026-06-26,002465,0.0023831799626350403,-0.018065594136714935,0.0023831799626350403,1.0,vanilla_transformer_v10,2026-08-03 14:03:00
2026-06-26,002594,0.0022254660725593567,0.018259838223457336,0.0022254660725593567,1.0,vanilla_transformer_v10,2026-08-03 14:03:00
2026-06-26,601138,0.0021863579750061035,-0.008646625094115734,0.0021863579750061035,1.0,vanilla_transformer_v10,2026-08-03 14:03:00
2026-06-26,300454,0.0018206462264060974,0.01127956248819828,0.0018206462264060974,1.0,vanilla_transformer_v10,2026-08-03 14:03:00
2026-06-26,600584,0.0018117576837539673,0.02312241680920124,0.0018117576837539673,1.0,vanilla_transformer_v10,2026-08-03 14:03:00
2026-06-26,000568,0.0016209259629249573,0.013342143036425114,0.0016209259629249573,1.0,vanilla_transformer_v10,2026-08-03 14:03:00
2026-06-26,300308,0.0016189515590667725,-0.027399780228734016,0.0016189515590667725,1.0,vanilla_transformer_v10,2026-08-03 14:03:00
2026-06-26,600036,0.0013931989669799805,0.011561964638531208,0.0013931989669799805,1.0,vanilla_transformer_v10,2026-08-03 14:03:00
2026-06-26,002230,0.0012506023049354553,0.008644807152450085,0.0012506023049354553,1.0,vanilla_transformer_v10,2026-08-03 14:03:00
2026-06-26,000858,0.0009651258587837219,0.011279878206551075,0.0009651258587837219,1.0,vanilla_transformer_v10,2026-08-03 14:03:00
2026-06-26,600887,0.0008492842316627502,0.012690951116383076,0.0008492842316627502,1.0,vanilla_transformer_v10,2026-08-03 14:03:00
2026-06-26,300750,0.0006744787096977234,0.02938208356499672,0.0006744787096977234,1.0,vanilla_transformer_v10,2026-08-03 14:03:00
2026-06-26,000977,0.0005877017974853516,0.02975030243396759,0.0005877017974853516,1.0,vanilla_transformer_v10,2026-08-03 14:03:00
2026-06-26,300782,0.0005226805806159973,-0.0013008683454245329,0.0005226805806159973,1.0,vanilla_transformer_v10,2026-08-03 14:03:00
2026-06-26,600519,-9.202957153320312e-05,0.022281521931290627,9.202957153320312e-05,0.0,vanilla_transformer_v10,2026-08-03 14:03:00
2026-06-26,688981,-0.00040449947118759155,0.014945567585527897,0.00040449947118759155,0.0,vanilla_transformer_v10,2026-08-03 14:03:00
2026-06-26,688012,-0.0004742145538330078,0.10056173801422119,0.0004742145538330078,0.0,vanilla_transformer_v10,2026-08-03 14:03:00
2026-06-26,603501,-0.0010529235005378723,0.018085775896906853,0.0010529235005378723,0.0,vanilla_transformer_v10,2026-08-03 14:03:00
2026-06-26,002371,-0.0012419000267982483,0.055967770516872406,0.0012419000267982483,0.0,vanilla_transformer_v10,2026-08-03 14:03:00
2026-06-29,300308,0.001592390239238739,0.04016578942537308,0.001592390239238739,1.0,vanilla_transformer_v10,2026-08-03 14:03:00
2026-06-29,600584,0.0014895275235176086,0.0029181125573813915,0.0014895275235176086,1.0,vanilla_transformer_v10,2026-08-03 14:03:00
2026-06-29,601138,0.0013348907232284546,0.03577733039855957,0.0013348907232284546,1.0,vanilla_transformer_v10,2026-08-03 14:03:00
2026-06-29,601318,0.0013041049242019653,-0.017887959256768227,0.0013041049242019653,1.0,vanilla_transformer_v10,2026-08-03 14:03:00
2026-06-29,601012,0.001286931335926056,0.023930760100483894,0.001286931335926056,1.0,vanilla_transformer_v10,2026-08-03 14:03:00
2026-06-29,600438,0.0011791959404945374,0.006612091325223446,0.0011791959404945374,1.0,vanilla_transformer_v10,2026-08-03 14:03:00
2026-06-29,000568,0.0010348930954933167,0.017042266204953194,0.0010348930954933167,1.0,vanilla_transformer_v10,2026-08-03 14:03:00
2026-06-29,002594,0.0009813308715820312,0.0007569570443592966,0.0009813308715820312,1.0,vanilla_transformer_v10,2026-08-03 14:03:00
2026-06-29,000858,0.000834152102470398,0.0,0.000834152102470398,1.0,vanilla_transformer_v10,2026-08-03 14:03:00
2026-06-29,600887,0.0007915571331977844,-0.025545034557580948,0.0007915571331977844,1.0,vanilla_transformer_v10,2026-08-03 14:03:00
2026-06-29,600036,0.0006070956587791443,-0.025574805215001106,0.0006070956587791443,1.0,vanilla_transformer_v10,2026-08-03 14:03:00
2026-06-29,000977,0.00039589405059814453,0.0615885928273201,0.00039589405059814453,1.0,vanilla_transformer_v10,2026-08-03 14:03:00
2026-06-29,300750,0.0003797784447669983,0.001658775843679905,0.0003797784447669983,1.0,vanilla_transformer_v10,2026-08-03 14:03:00
2026-06-29,600519,0.0003719031810760498,-0.007956751622259617,0.0003719031810760498,1.0,vanilla_transformer_v10,2026-08-03 14:03:00
2026-06-29,002465,0.00027379393577575684,0.05552646890282631,0.00027379393577575684,1.0,vanilla_transformer_v10,2026-08-03 14:03:00
2026-06-29,300454,0.00022868812084197998,0.063169926404953,0.00022868812084197998,1.0,vanilla_transformer_v10,2026-08-03 14:03:00
2026-06-29,002230,-0.0002559646964073181,0.034371789544820786,0.0002559646964073181,0.0,vanilla_transformer_v10,2026-08-03 14:03:00
2026-06-29,688981,-0.0005225315690040588,0.05049164965748787,0.0005225315690040588,0.0,vanilla_transformer_v10,2026-08-03 14:03:00
2026-06-29,688012,-0.0005642622709274292,0.02552446536719799,0.0005642622709274292,0.0,vanilla_transformer_v10,2026-08-03 14:03:00
2026-06-29,300782,-0.0007127821445465088,0.08351516723632812,0.0007127821445465088,0.0,vanilla_transformer_v10,2026-08-03 14:03:00
2026-06-29,002371,-0.000878557562828064,0.02793579362332821,0.000878557562828064,0.0,vanilla_transformer_v10,2026-08-03 14:03:00
2026-06-29,603501,-0.0015621408820152283,0.07153834402561188,0.0015621408820152283,0.0,vanilla_transformer_v10,2026-08-03 14:03:00
2026-06-30,601012,0.0014661923050880432,0.005317931529134512,0.0014661923050880432,1.0,vanilla_transformer_v10,2026-08-03 14:03:00
2026-06-30,601318,0.001458488404750824,0.0368342362344265,0.001458488404750824,1.0,vanilla_transformer_v10,2026-08-03 14:03:00
2026-06-30,002465,0.0012220591306686401,-0.003912197891622782,0.0012220591306686401,1.0,vanilla_transformer_v10,2026-08-03 14:03:00
2026-06-30,300308,0.0011080875992774963,-0.03757115826010704,0.0011080875992774963,1.0,vanilla_transformer_v10,2026-08-03 14:03:00
2026-06-30,600438,0.0010991916060447693,0.03495444357395172,0.0010991916060447693,1.0,vanilla_transformer_v10,2026-08-03 14:03:00
2026-06-30,002594,0.0010277330875396729,0.011955330148339272,0.0010277330875396729,1.0,vanilla_transformer_v10,2026-08-03 14:03:00
2026-06-30,601138,0.0008933395147323608,-0.030244478955864906,0.0008933395147323608,1.0,vanilla_transformer_v10,2026-08-03 14:03:00
2026-06-30,000568,0.0004381835460662842,0.005919415038079023,0.0004381835460662842,1.0,vanilla_transformer_v10,2026-08-03 14:03:00
2026-06-30,600887,0.00040052086114883423,0.014501014724373817,0.00040052086114883423,1.0,vanilla_transformer_v10,2026-08-03 14:03:00
2026-06-30,600036,0.0002849474549293518,0.011475084349513054,0.0002849474549293518,1.0,vanilla_transformer_v10,2026-08-03 14:03:00
2026-06-30,000977,0.0002671778202056885,-0.039924073964357376,0.0002671778202056885,1.0,vanilla_transformer_v10,2026-08-03 14:03:00
2026-06-30,300454,0.0002614334225654602,0.005866930354386568,0.0002614334225654602,1.0,vanilla_transformer_v10,2026-08-03 14:03:00
2026-06-30,600584,0.0002504214644432068,0.02940445952117443,0.0002504214644432068,1.0,vanilla_transformer_v10,2026-08-03 14:03:00
2026-06-30,000858,0.00022683292627334595,0.007002166006714106,0.00022683292627334595,1.0,vanilla_transformer_v10,2026-08-03 14:03:00
2026-06-30,300750,-2.263486385345459e-05,-0.023610668256878853,2.263486385345459e-05,0.0,vanilla_transformer_v10,2026-08-03 14:03:00
2026-06-30,002230,-0.00012411922216415405,0.004641543608158827,0.00012411922216415405,0.0,vanilla_transformer_v10,2026-08-03 14:03:00
2026-06-30,300782,-0.0005282983183860779,-0.04746087267994881,0.0005282983183860779,0.0,vanilla_transformer_v10,2026-08-03 14:03:00
2026-06-30,600519,-0.0006443113088607788,0.006323025096207857,0.0006443113088607788,0.0,vanilla_transformer_v10,2026-08-03 14:03:00
2026-06-30,688981,-0.0007613003253936768,-0.027706846594810486,0.0007613003253936768,0.0,vanilla_transformer_v10,2026-08-03 14:03:00
2026-06-30,603501,-0.0008221045136451721,0.023525157943367958,0.0008221045136451721,0.0,vanilla_transformer_v10,2026-08-03 14:03:00
2026-06-30,688012,-0.0012267082929611206,-0.013964985497295856,0.0012267082929611206,0.0,vanilla_transformer_v10,2026-08-03 14:03:00
2026-06-30,002371,-0.0018095076084136963,0.055841900408267975,0.0018095076084136963,0.0,vanilla_transformer_v10,2026-08-03 14:03:00
2026-07-01,601318,0.0019877031445503235,-0.012422519735991955,0.0019877031445503235,1.0,vanilla_transformer_v10,2026-08-03 14:03:00
2026-07-01,300308,0.001385606825351715,-0.06778975576162338,0.001385606825351715,1.0,vanilla_transformer_v10,2026-08-03 14:03:00
2026-07-01,002594,0.0013176128268241882,0.03544948995113373,0.0013176128268241882,1.0,vanilla_transformer_v10,2026-08-03 14:03:00
2026-07-01,601012,0.0007152482867240906,-0.03158630058169365,0.0007152482867240906,1.0,vanilla_transformer_v10,2026-08-03 14:03:00
2026-07-01,600438,0.0005727708339691162,-0.03660337254405022,0.0005727708339691162,1.0,vanilla_transformer_v10,2026-08-03 14:03:00
2026-07-01,000568,0.0003926903009414673,-0.010441899299621582,0.0003926903009414673,1.0,vanilla_transformer_v10,2026-08-03 14:03:00
2026-07-01,002465,0.0003359094262123108,-0.04339316859841347,0.0003359094262123108,1.0,vanilla_transformer_v10,2026-08-03 14:03:00
2026-07-01,000858,0.0003043040633201599,-0.013781274668872356,0.0003043040633201599,1.0,vanilla_transformer_v10,2026-08-03 14:03:00
2026-07-01,600887,0.00020375102758407593,0.005742992274463177,0.00020375102758407593,1.0,vanilla_transformer_v10,2026-08-03 14:03:00
2026-07-01,600036,8.863955736160278e-05,0.019049134105443954,8.863955736160278e-05,1.0,vanilla_transformer_v10,2026-08-03 14:03:00
2026-07-01,300454,4.017353057861328e-05,-0.032225530594587326,4.017353057861328e-05,1.0,vanilla_transformer_v10,2026-08-03 14:03:00
2026-07-01,002230,-7.502734661102295e-06,0.0012329246383160353,7.502734661102295e-06,0.0,vanilla_transformer_v10,2026-08-03 14:03:00
2026-07-01,601138,-0.00011448562145233154,-0.08927111327648163,0.00011448562145233154,0.0,vanilla_transformer_v10,2026-08-03 14:03:00
2026-07-01,600584,-0.00030703842639923096,-0.10532122105360031,0.00030703842639923096,0.0,vanilla_transformer_v10,2026-08-03 14:03:00
2026-07-01,300750,-0.0004183277487754822,-0.003882564138621092,0.0004183277487754822,0.0,vanilla_transformer_v10,2026-08-03 14:03:00
2026-07-01,600519,-0.0006532222032546997,0.008339358493685722,0.0006532222032546997,0.0,vanilla_transformer_v10,2026-08-03 14:03:00
2026-07-01,000977,-0.0008683204650878906,-0.05297420546412468,0.0008683204650878906,0.0,vanilla_transformer_v10,2026-08-03 14:03:00
2026-07-01,688012,-0.0015174373984336853,-0.12208769470453262,0.0015174373984336853,0.0,vanilla_transformer_v10,2026-08-03 14:03:00
2026-07-01,002371,-0.002134978771209717,-0.10536566376686096,0.002134978771209717,0.0,vanilla_transformer_v10,2026-08-03 14:03:00
2026-07-01,688981,-0.0021439194679260254,-0.06955713778734207,0.0021439194679260254,0.0,vanilla_transformer_v10,2026-08-03 14:03:00
2026-07-01,300782,-0.002195201814174652,-0.029229484498500824,0.002195201814174652,0.0,vanilla_transformer_v10,2026-08-03 14:03:00
2026-07-01,603501,-0.0036176443099975586,0.04194576293230057,0.0036176443099975586,0.0,vanilla_transformer_v10,2026-08-03 14:03:00
2026-07-02,300308,0.0025359168648719788,-0.023905135691165924,0.0025359168648719788,1.0,vanilla_transformer_v10,2026-08-03 14:03:00
2026-07-02,002594,0.002476327121257782,0.05698748677968979,0.002476327121257782,1.0,vanilla_transformer_v10,2026-08-03 14:03:00
2026-07-02,601012,0.002025209367275238,-0.01817285642027855,0.002025209367275238,1.0,vanilla_transformer_v10,2026-08-03 14:03:00
2026-07-02,600438,0.001965947449207306,-0.024220140650868416,0.001965947449207306,1.0,vanilla_transformer_v10,2026-08-03 14:03:00
2026-07-02,002465,0.001777462661266327,0.06514954566955566,0.001777462661266327,1.0,vanilla_transformer_v10,2026-08-03 14:03:00
2026-07-02,601138,0.0017684772610664368,0.010826428420841694,0.0017684772610664368,1.0,vanilla_transformer_v10,2026-08-03 14:03:00
2026-07-02,601318,0.0013636425137519836,0.0034662079997360706,0.0013636425137519836,1.0,vanilla_transformer_v10,2026-08-03 14:03:00
2026-07-02,600036,0.0011582821607589722,0.006286110728979111,0.0011582821607589722,1.0,vanilla_transformer_v10,2026-08-03 14:03:00
2026-07-02,600887,0.00105392187833786,0.0061144474893808365,0.00105392187833786,1.0,vanilla_transformer_v10,2026-08-03 14:03:00
2026-07-02,000858,0.0010427087545394897,-0.003953668754547834,0.0010427087545394897,1.0,vanilla_transformer_v10,2026-08-03 14:03:00
2026-07-02,000568,0.0010225549340248108,0.00038540680543519557,0.0010225549340248108,1.0,vanilla_transformer_v10,2026-08-03 14:03:00
2026-07-02,300454,0.0009265616536140442,-0.01785857230424881,0.0009265616536140442,1.0,vanilla_transformer_v10,2026-08-03 14:03:00
2026-07-02,000977,0.000532492995262146,0.039353955537080765,0.000532492995262146,1.0,vanilla_transformer_v10,2026-08-03 14:03:00
2026-07-02,002230,0.00026310235261917114,0.010410099290311337,0.00026310235261917114,1.0,vanilla_transformer_v10,2026-08-03 14:03:00
2026-07-02,600584,-0.00010773539543151855,-0.05459754541516304,0.00010773539543151855,0.0,vanilla_transformer_v10,2026-08-03 14:03:00
2026-07-02,300750,-0.00023082643747329712,-0.006176140159368515,0.00023082643747329712,0.0,vanilla_transformer_v10,2026-08-03 14:03:00
2026-07-02,600519,-0.00042888522148132324,-0.007133462931960821,0.00042888522148132324,0.0,vanilla_transformer_v10,2026-08-03 14:03:00
2026-07-02,688981,-0.0007178112864494324,-0.026653243228793144,0.0007178112864494324,0.0,vanilla_transformer_v10,2026-08-03 14:03:00
2026-07-02,688012,-0.000739656388759613,0.011644822545349598,0.000739656388759613,0.0,vanilla_transformer_v10,2026-08-03 14:03:00
2026-07-02,300782,-0.0011625289916992188,-0.031017612665891647,0.0011625289916992188,0.0,vanilla_transformer_v10,2026-08-03 14:03:00
2026-07-02,603501,-0.0013387054204940796,0.010128474794328213,0.0013387054204940796,0.0,vanilla_transformer_v10,2026-08-03 14:03:00
2026-07-02,002371,-0.0029424354434013367,-0.030248913913965225,0.0029424354434013367,0.0,vanilla_transformer_v10,2026-08-03 14:03:00
2026-07-03,300308,0.002293013036251068,-0.015423430129885674,0.002293013036251068,1.0,vanilla_transformer_v10,2026-08-03 14:03:00
2026-07-03,002465,0.001832626760005951,-0.010819022543728352,0.001832626760005951,1.0,vanilla_transformer_v10,2026-08-03 14:03:00
2026-07-03,600438,0.0015947744250297546,-0.013696194626390934,0.0015947744250297546,1.0,vanilla_transformer_v10,2026-08-03 14:03:00
2026-07-03,002594,0.0015571564435958862,-0.010567606426775455,0.0015571564435958862,1.0,vanilla_transformer_v10,2026-08-03 14:03:00
2026-07-03,601012,0.0008059665560722351,-0.016043342649936676,0.0008059665560722351,1.0,vanilla_transformer_v10,2026-08-03 14:03:00
2026-07-03,601138,0.0007281005382537842,-0.017537420615553856,0.0007281005382537842,1.0,vanilla_transformer_v10,2026-08-03 14:03:00
2026-07-03,601318,0.0007168203592300415,0.02036375179886818,0.0007168203592300415,1.0,vanilla_transformer_v10,2026-08-03 14:03:00
2026-07-03,000977,0.0005576536059379578,0.04938299208879471,0.0005576536059379578,1.0,vanilla_transformer_v10,2026-08-03 14:03:00
2026-07-03,000858,0.0003444850444793701,0.0074808173812925816,0.0003444850444793701,1.0,vanilla_transformer_v10,2026-08-03 14:03:00
2026-07-03,000568,0.00026472657918930054,0.013256649486720562,0.00026472657918930054,1.0,vanilla_transformer_v10,2026-08-03 14:03:00
2026-07-03,600584,0.0001816004514694214,0.04526341333985329,0.0001816004514694214,1.0,vanilla_transformer_v10,2026-08-03 14:03:00
2026-07-03,300454,0.00011460483074188232,-0.020713701844215393,0.00011460483074188232,1.0,vanilla_transformer_v10,2026-08-03 14:03:00
2026-07-03,600887,-0.0001030266284942627,0.018925007432699203,0.0001030266284942627,0.0,vanilla_transformer_v10,2026-08-03 14:03:00
2026-07-03,600036,-0.0001911073923110962,0.02414034493267536,0.0001911073923110962,0.0,vanilla_transformer_v10,2026-08-03 14:03:00
2026-07-03,300750,-0.00022457540035247803,-0.014547391794621944,0.00022457540035247803,0.0,vanilla_transformer_v10,2026-08-03 14:03:00
2026-07-03,002230,-0.000302143394947052,-0.020947756245732307,0.000302143394947052,0.0,vanilla_transformer_v10,2026-08-03 14:03:00
2026-07-03,688012,-0.0005214586853981018,0.015138468705117702,0.0005214586853981018,0.0,vanilla_transformer_v10,2026-08-03 14:03:00
2026-07-03,600519,-0.0007448270916938782,0.010377665050327778,0.0007448270916938782,0.0,vanilla_transformer_v10,2026-08-03 14:03:00
2026-07-03,688981,-0.0007603466510772705,0.025889592245221138,0.0007603466510772705,0.0,vanilla_transformer_v10,2026-08-03 14:03:00
2026-07-03,300782,-0.0007893219590187073,-0.026478124782443047,0.0007893219590187073,0.0,vanilla_transformer_v10,2026-08-03 14:03:00
2026-07-03,002371,-0.0008831843733787537,-0.01531289517879486,0.0008831843733787537,0.0,vanilla_transformer_v10,2026-08-03 14:03:00
2026-07-03,603501,-0.00269433856010437,-0.05319628119468689,0.00269433856010437,0.0,vanilla_transformer_v10,2026-08-03 14:03:00
2026-07-06,300308,0.0030005350708961487,0.020696202293038368,0.0030005350708961487,1.0,vanilla_transformer_v10,2026-08-03 14:03:00
2026-07-06,600584,0.0019881054759025574,0.06019788607954979,0.0019881054759025574,1.0,vanilla_transformer_v10,2026-08-03 14:03:00
2026-07-06,600438,0.0017471984028816223,-0.01641763374209404,0.0017471984028816223,1.0,vanilla_transformer_v10,2026-08-03 14:03:00
2026-07-06,601138,0.001651071012020111,0.002900463528931141,0.001651071012020111,1.0,vanilla_transformer_v10,2026-08-03 14:03:00
2026-07-06,601318,0.0014377161860466003,-0.01628275401890278,0.0014377161860466003,1.0,vanilla_transformer_v10,2026-08-03 14:03:00
2026-07-06,000977,0.0014075115323066711,0.019179677590727806,0.0014075115323066711,1.0,vanilla_transformer_v10,2026-08-03 14:03:00
2026-07-06,002465,0.0013617351651191711,-0.03641152381896973,0.0013617351651191711,1.0,vanilla_transformer_v10,2026-08-03 14:03:00
2026-07-06,600887,0.001199580729007721,0.0,0.001199580729007721,1.0,vanilla_transformer_v10,2026-08-03 14:03:00
2026-07-06,600036,0.0011532753705978394,-0.004800731781870127,0.0011532753705978394,1.0,vanilla_transformer_v10,2026-08-03 14:03:00
2026-07-06,688981,0.001117222011089325,0.009882254526019096,0.001117222011089325,1.0,vanilla_transformer_v10,2026-08-03 14:03:00
2026-07-06,601012,0.0010572895407676697,-0.011393782682716846,0.0010572895407676697,1.0,vanilla_transformer_v10,2026-08-03 14:03:00
2026-07-06,000858,0.0009331405162811279,-0.028045248240232468,0.0009331405162811279,1.0,vanilla_transformer_v10,2026-08-03 14:03:00
2026-07-06,000568,0.0008420124650001526,-0.02629195898771286,0.0008420124650001526,1.0,vanilla_transformer_v10,2026-08-03 14:03:00
2026-07-06,002371,0.0006413459777832031,0.0034656149800866842,0.0006413459777832031,1.0,vanilla_transformer_v10,2026-08-03 14:03:00
2026-07-06,688012,0.0006317123770713806,9.528800728730857e-05,0.0006317123770713806,1.0,vanilla_transformer_v10,2026-08-03 14:03:00
2026-07-06,002594,0.0003946945071220398,-0.01475664135068655,0.0003946945071220398,1.0,vanilla_transformer_v10,2026-08-03 14:03:00
2026-07-06,300454,0.00038920342922210693,-0.015206464566290379,0.00038920342922210693,1.0,vanilla_transformer_v10,2026-08-03 14:03:00
2026-07-06,300782,0.00023368746042251587,-0.046990759670734406,0.00023368746042251587,1.0,vanilla_transformer_v10,2026-08-03 14:03:00
2026-07-06,600519,7.0229172706604e-05,-0.015118957497179508,7.0229172706604e-05,1.0,vanilla_transformer_v10,2026-08-03 14:03:00
2026-07-06,300750,-0.00017934292554855347,-0.005410465877503157,0.00017934292554855347,0.0,vanilla_transformer_v10,2026-08-03 14:03:00
2026-07-06,002230,-0.00023628026247024536,-0.01736641488969326,0.00023628026247024536,0.0,vanilla_transformer_v10,2026-08-03 14:03:00
2026-07-06,603501,-0.0012375935912132263,0.025055816397070885,0.0012375935912132263,0.0,vanilla_transformer_v10,2026-08-03 14:03:00
2026-07-07,600584,0.0029730796813964844,-0.0705355852842331,0.0029730796813964844,1.0,vanilla_transformer_v10,2026-08-03 14:03:00
2026-07-07,300308,0.002691499888896942,0.005732418037950993,0.002691499888896942,1.0,vanilla_transformer_v10,2026-08-03 14:03:00
2026-07-07,600438,0.0021385475993156433,-0.02925313077867031,0.0021385475993156433,1.0,vanilla_transformer_v10,2026-08-03 14:03:00
2026-07-07,601012,0.0016138479113578796,-0.039247285574674606,0.0016138479113578796,1.0,vanilla_transformer_v10,2026-08-03 14:03:00
2026-07-07,601138,0.0014788135886192322,0.034419234842061996,0.0014788135886192322,1.0,vanilla_transformer_v10,2026-08-03 14:03:00
2026-07-07,002371,0.0013826191425323486,-0.0050592501647770405,0.0013826191425323486,1.0,vanilla_transformer_v10,2026-08-03 14:03:00
2026-07-07,000858,0.001284077763557434,-0.00334751745685935,0.001284077763557434,1.0,vanilla_transformer_v10,2026-08-03 14:03:00
2026-07-07,688981,0.0012700408697128296,0.04491209238767624,0.0012700408697128296,1.0,vanilla_transformer_v10,2026-08-03 14:03:00
2026-07-07,601318,0.0012591555714607239,0.005062352400273085,0.0012591555714607239,1.0,vanilla_transformer_v10,2026-08-03 14:03:00
2026-07-07,000977,0.0012452229857444763,0.0953611209988594,0.0012452229857444763,1.0,vanilla_transformer_v10,2026-08-03 14:03:00
2026-07-07,688012,0.0012305155396461487,0.007010465022176504,0.0012305155396461487,1.0,vanilla_transformer_v10,2026-08-03 14:03:00
2026-07-07,002465,0.0010721459984779358,-0.026140103116631508,0.0010721459984779358,1.0,vanilla_transformer_v10,2026-08-03 14:03:00
2026-07-07,000568,0.0009794607758522034,0.0027513662353157997,0.0009794607758522034,1.0,vanilla_transformer_v10,2026-08-03 14:03:00
2026-07-07,002594,0.0007371306419372559,0.017725398764014244,0.0007371306419372559,1.0,vanilla_transformer_v10,2026-08-03 14:03:00
2026-07-07,600887,0.000722736120223999,0.005968334153294563,0.000722736120223999,1.0,vanilla_transformer_v10,2026-08-03 14:03:00
2026-07-07,600036,0.0006950944662094116,0.010333314538002014,0.0006950944662094116,1.0,vanilla_transformer_v10,2026-08-03 14:03:00
2026-07-07,300454,0.0006935968995094299,0.18239611387252808,0.0006935968995094299,1.0,vanilla_transformer_v10,2026-08-03 14:03:00
2026-07-07,300782,0.0006453618407249451,-0.019788898527622223,0.0006453618407249451,1.0,vanilla_transformer_v10,2026-08-03 14:03:00
2026-07-07,300750,0.0004698559641838074,-0.031329043209552765,0.0004698559641838074,1.0,vanilla_transformer_v10,2026-08-03 14:03:00
2026-07-07,603501,0.00035081058740615845,0.014852655120193958,0.00035081058740615845,1.0,vanilla_transformer_v10,2026-08-03 14:03:00
2026-07-07,600519,-2.590566873550415e-05,0.00879396591335535,2.590566873550415e-05,0.0,vanilla_transformer_v10,2026-08-03 14:03:00
2026-07-07,002230,-8.857995271682739e-05,0.024487465620040894,8.857995271682739e-05,0.0,vanilla_transformer_v10,2026-08-03 14:03:00
2026-07-08,601012,0.0031770318746566772,0.007613758556544781,0.0031770318746566772,1.0,vanilla_transformer_v10,2026-08-03 14:03:00
2026-07-08,601138,0.003038458526134491,0.05192270874977112,0.003038458526134491,1.0,vanilla_transformer_v10,2026-08-03 14:03:00
2026-07-08,600584,0.0025020167231559753,0.09530237317085266,0.0025020167231559753,1.0,vanilla_transformer_v10,2026-08-03 14:03:00
2026-07-08,300308,0.002178288996219635,0.057306256145238876,0.002178288996219635,1.0,vanilla_transformer_v10,2026-08-03 14:03:00
2026-07-08,688981,0.0020981281995773315,0.1287533938884735,0.0020981281995773315,1.0,vanilla_transformer_v10,2026-08-03 14:03:00
2026-07-08,600438,0.0016674250364303589,-0.0026948691811412573,0.0016674250364303589,1.0,vanilla_transformer_v10,2026-08-03 14:03:00
2026-07-08,688012,0.0014218315482139587,0.10874839872121811,0.0014218315482139587,1.0,vanilla_transformer_v10,2026-08-03 14:03:00
2026-07-08,600036,0.0011774227023124695,-0.010333314538002014,0.0011774227023124695,1.0,vanilla_transformer_v10,2026-08-03 14:03:00
2026-07-08,601318,0.0011705532670021057,-0.000997941824607551,0.0011705532670021057,1.0,vanilla_transformer_v10,2026-08-03 14:03:00
2026-07-08,002371,0.0010913535952568054,0.09062936156988144,0.0010913535952568054,1.0,vanilla_transformer_v10,2026-08-03 14:03:00
2026-07-08,002465,0.0006902366876602173,0.031820353120565414,0.0006902366876602173,1.0,vanilla_transformer_v10,2026-08-03 14:03:00
2026-07-08,300454,0.0004882141947746277,0.006687745451927185,0.0004882141947746277,1.0,vanilla_transformer_v10,2026-08-03 14:03:00
2026-07-08,600887,0.00046784430742263794,-0.014778674580156803,0.00046784430742263794,1.0,vanilla_transformer_v10,2026-08-03 14:03:00
2026-07-08,000858,0.0004129856824874878,-0.0081478301435709,0.0004129856824874878,1.0,vanilla_transformer_v10,2026-08-03 14:03:00
2026-07-08,002230,0.00033258646726608276,0.034327324479818344,0.00033258646726608276,1.0,vanilla_transformer_v10,2026-08-03 14:03:00
2026-07-08,002594,0.00031275302171707153,-0.010648644529283047,0.00031275302171707153,1.0,vanilla_transformer_v10,2026-08-03 14:03:00
2026-07-08,300782,0.0002442076802253723,0.03508473560214043,0.0002442076802253723,1.0,vanilla_transformer_v10,2026-08-03 14:03:00
2026-07-08,300750,0.00018734484910964966,0.039379168301820755,0.00018734484910964966,1.0,vanilla_transformer_v10,2026-08-03 14:03:00
2026-07-08,000568,0.00012946873903274536,-0.01982661336660385,0.00012946873903274536,1.0,vanilla_transformer_v10,2026-08-03 14:03:00
2026-07-08,603501,-0.0004443153738975525,0.05953682214021683,0.0004443153738975525,0.0,vanilla_transformer_v10,2026-08-03 14:03:00
2026-07-08,600519,-0.0005940347909927368,-0.014369294047355652,0.0005940347909927368,0.0,vanilla_transformer_v10,2026-08-03 14:03:00
2026-07-08,000977,-0.0006747767329216003,0.09535417705774307,0.0006747767329216003,0.0,vanilla_transformer_v10,2026-08-03 14:03:00
2026-07-09,601138,0.0016654804348945618,-0.0479874424636364,0.0016654804348945618,1.0,vanilla_transformer_v10,2026-08-03 14:03:00
2026-07-09,300308,0.0013510361313819885,-0.08824019879102707,0.0013510361313819885,1.0,vanilla_transformer_v10,2026-08-03 14:03:00
2026-07-09,600438,0.0013065189123153687,0.023996304720640182,0.0013065189123153687,1.0,vanilla_transformer_v10,2026-08-03 14:03:00
2026-07-09,601012,0.0012464970350265503,0.0233790073543787,0.0012464970350265503,1.0,vanilla_transformer_v10,2026-08-03 14:03:00
2026-07-09,600584,0.0011802688241004944,-0.02356705628335476,0.0011802688241004944,1.0,vanilla_transformer_v10,2026-08-03 14:03:00
2026-07-09,300750,0.0008638054132461548,-0.07388105243444443,0.0008638054132461548,1.0,vanilla_transformer_v10,2026-08-03 14:03:00
2026-07-09,688981,0.0007849261164665222,-0.0594187006354332,0.0007849261164665222,1.0,vanilla_transformer_v10,2026-08-03 14:03:00
2026-07-09,000977,0.0006555095314979553,0.040231853723526,0.0006555095314979553,1.0,vanilla_transformer_v10,2026-08-03 14:03:00
2026-07-09,601318,0.0004614144563674927,-0.00018722501408774406,0.0004614144563674927,1.0,vanilla_transformer_v10,2026-08-03 14:03:00
2026-07-09,688012,0.00044289231300354004,-0.08189383894205093,0.00044289231300354004,1.0,vanilla_transformer_v10,2026-08-03 14:03:00
2026-07-09,002371,0.0003308802843093872,-0.09227576106786728,0.0003308802843093872,1.0,vanilla_transformer_v10,2026-08-03 14:03:00
2026-07-09,002465,-3.5859644412994385e-05,0.08522353321313858,3.5859644412994385e-05,0.0,vanilla_transformer_v10,2026-08-03 14:03:00
2026-07-09,000568,-0.00010607391595840454,0.04272449389100075,0.00010607391595840454,0.0,vanilla_transformer_v10,2026-08-03 14:03:00
2026-07-09,002230,-0.00015547126531600952,0.019171997904777527,0.00015547126531600952,0.0,vanilla_transformer_v10,2026-08-03 14:03:00
2026-07-09,000858,-0.00022617727518081665,0.038593992590904236,0.00022617727518081665,0.0,vanilla_transformer_v10,2026-08-03 14:03:00
2026-07-09,600887,-0.00022693723440170288,0.0012042809976264834,0.00022693723440170288,0.0,vanilla_transformer_v10,2026-08-03 14:03:00
2026-07-09,002594,-0.00033764541149139404,0.0353923961520195,0.00033764541149139404,0.0,vanilla_transformer_v10,2026-08-03 14:03:00
2026-07-09,300782,-0.0004214942455291748,0.019836366176605225,0.0004214942455291748,0.0,vanilla_transformer_v10,2026-08-03 14:03:00
2026-07-09,600036,-0.0005204901099205017,0.0089648412540555,0.0005204901099205017,0.0,vanilla_transformer_v10,2026-08-03 14:03:00
2026-07-09,600519,-0.0006595253944396973,0.019094061106443405,0.0006595253944396973,0.0,vanilla_transformer_v10,2026-08-03 14:03:00
2026-07-09,603501,-0.0009457990527153015,-0.0374172180891037,0.0009457990527153015,0.0,vanilla_transformer_v10,2026-08-03 14:03:00
2026-07-09,300454,-0.0016133561730384827,0.03627175837755203,0.0016133561730384827,0.0,vanilla_transformer_v10,2026-08-03 14:03:00
2026-07-10,002465,0.0026169046759605408,-0.1055305078625679,0.0026169046759605408,1.0,vanilla_transformer_v10,2026-08-03 14:03:00
2026-07-10,300308,0.0020344331860542297,0.01273413747549057,0.0020344331860542297,1.0,vanilla_transformer_v10,2026-08-03 14:03:00
2026-07-10,600584,0.0017506703734397888,-0.020593753084540367,0.0017506703734397888,1.0,vanilla_transformer_v10,2026-08-03 14:03:00
2026-07-10,600438,0.0012838467955589294,-0.06165800616145134,0.0012838467955589294,1.0,vanilla_transformer_v10,2026-08-03 14:03:00
2026-07-10,000858,0.0012487247586250305,-0.011877338401973248,0.0012487247586250305,1.0,vanilla_transformer_v10,2026-08-03 14:03:00
2026-07-10,601012,0.0010672956705093384,-0.04040694981813431,0.0010672956705093384,1.0,vanilla_transformer_v10,2026-08-03 14:03:00
2026-07-10,000977,0.0010402202606201172,-0.0460604727268219,0.0010402202606201172,1.0,vanilla_transformer_v10,2026-08-03 14:03:00
2026-07-10,300750,0.0010385587811470032,0.02911694347858429,0.0010385587811470032,1.0,vanilla_transformer_v10,2026-08-03 14:03:00
2026-07-10,688012,0.0010193511843681335,-0.06147797033190727,0.0010193511843681335,1.0,vanilla_transformer_v10,2026-08-03 14:03:00
2026-07-10,002594,0.0009954050183296204,-0.03415088355541229,0.0009954050183296204,1.0,vanilla_transformer_v10,2026-08-03 14:03:00
2026-07-10,000568,0.0009145736694335938,-0.018459700047969818,0.0009145736694335938,1.0,vanilla_transformer_v10,2026-08-03 14:03:00
2026-07-10,002371,0.0008648857474327087,-0.04690137505531311,0.0008648857474327087,1.0,vanilla_transformer_v10,2026-08-03 14:03:00
2026-07-10,600887,0.0008139088749885559,0.006009092554450035,0.0008139088749885559,1.0,vanilla_transformer_v10,2026-08-03 14:03:00
2026-07-10,601138,0.0008048191666603088,-0.049341436475515366,0.0008048191666603088,1.0,vanilla_transformer_v10,2026-08-03 14:03:00
2026-07-10,601318,0.0004726126790046692,0.0009981285547837615,0.0004726126790046692,1.0,vanilla_transformer_v10,2026-08-03 14:03:00
2026-07-10,600519,8.757412433624268e-05,0.004974997602403164,8.757412433624268e-05,1.0,vanilla_transformer_v10,2026-08-03 14:03:00
2026-07-10,002230,2.3618340492248535e-05,-0.028006376698613167,2.3618340492248535e-05,1.0,vanilla_transformer_v10,2026-08-03 14:03:00
2026-07-10,688981,-0.00038933753967285156,0.0034292745403945446,0.00038933753967285156,0.0,vanilla_transformer_v10,2026-08-03 14:03:00
2026-07-10,600036,-0.0006015077233314514,0.010007835924625397,0.0006015077233314514,0.0,vanilla_transformer_v10,2026-08-03 14:03:00
2026-07-10,300454,-0.0008169114589691162,-0.038681622594594955,0.0008169114589691162,0.0,vanilla_transformer_v10,2026-08-03 14:03:00
2026-07-10,300782,-0.0009206309914588928,-0.07383303344249725,0.0009206309914588928,0.0,vanilla_transformer_v10,2026-08-03 14:03:00
2026-07-10,603501,-0.0018292218446731567,-0.0069883461110293865,0.0018292218446731567,0.0,vanilla_transformer_v10,2026-08-03 14:03:00
2026-07-13,600438,0.0035110637545585632,0.0,0.0035110637545585632,1.0,vanilla_transformer_v10,2026-08-03 14:03:00
2026-07-13,002465,0.003083273768424988,-0.07995770871639252,0.003083273768424988,1.0,vanilla_transformer_v10,2026-08-03 14:03:00
2026-07-13,300308,0.002733848989009857,0.06638398766517639,0.002733848989009857,1.0,vanilla_transformer_v10,2026-08-03 14:03:00
2026-07-13,601012,0.0027253255248069763,0.008550213649868965,0.0027253255248069763,1.0,vanilla_transformer_v10,2026-08-03 14:03:00
2026-07-13,600584,0.002631276845932007,0.03619180619716644,0.002631276845932007,1.0,vanilla_transformer_v10,2026-08-03 14:03:00
2026-07-13,688012,0.0022690966725349426,-0.0081138014793396,0.0022690966725349426,1.0,vanilla_transformer_v10,2026-08-03 14:03:00
2026-07-13,002371,0.001765325665473938,0.012871453538537025,0.001765325665473938,1.0,vanilla_transformer_v10,2026-08-03 14:03:00
2026-07-13,600887,0.0017524361610412598,0.009941770695149899,0.0017524361610412598,1.0,vanilla_transformer_v10,2026-08-03 14:03:00
2026-07-13,601138,0.0017039403319358826,0.039154160767793655,0.0017039403319358826,1.0,vanilla_transformer_v10,2026-08-03 14:03:00
2026-07-13,300750,0.001689918339252472,0.013690195977687836,0.001689918339252472,1.0,vanilla_transformer_v10,2026-08-03 14:03:00
2026-07-13,000977,0.0015136823058128357,-0.006354864686727524,0.0015136823058128357,1.0,vanilla_transformer_v10,2026-08-03 14:03:00
2026-07-13,300782,0.001438923180103302,-0.014197608456015587,0.001438923180103302,1.0,vanilla_transformer_v10,2026-08-03 14:03:00
2026-07-13,000858,0.001374557614326477,0.007933879271149635,0.001374557614326477,1.0,vanilla_transformer_v10,2026-08-03 14:03:00
2026-07-13,000568,0.0013315603137016296,0.011657549068331718,0.0013315603137016296,1.0,vanilla_transformer_v10,2026-08-03 14:03:00
2026-07-13,600036,0.0013246610760688782,-0.001871783402748406,0.0013246610760688782,1.0,vanilla_transformer_v10,2026-08-03 14:03:00
2026-07-13,601318,0.0012357234954833984,0.0014330666745081544,0.0012357234954833984,1.0,vanilla_transformer_v10,2026-08-03 14:03:00
2026-07-13,688981,0.0010347887873649597,-0.01595991663634777,0.0010347887873649597,1.0,vanilla_transformer_v10,2026-08-03 14:03:00
2026-07-13,002230,0.0008355006575584412,-0.017337502911686897,0.0008355006575584412,1.0,vanilla_transformer_v10,2026-08-03 14:03:00
2026-07-13,002594,0.0007841438055038452,0.03612389788031578,0.0007841438055038452,1.0,vanilla_transformer_v10,2026-08-03 14:03:00
2026-07-13,600519,0.0005018934607505798,0.0032078081276267767,0.0005018934607505798,1.0,vanilla_transformer_v10,2026-08-03 14:03:00
2026-07-13,300454,0.00021945685148239136,-0.009885373525321484,0.00021945685148239136,1.0,vanilla_transformer_v10,2026-08-03 14:03:00
2026-07-13,603501,-0.00023062527179718018,0.03507910668849945,0.00023062527179718018,0.0,vanilla_transformer_v10,2026-08-03 14:03:00
2026-07-14,600584,0.0017743036150932312,-0.10503703355789185,0.0017743036150932312,1.0,vanilla_transformer_v10,2026-08-03 14:03:00
2026-07-14,601138,0.0012381896376609802,-0.03067166917026043,0.0012381896376609802,1.0,vanilla_transformer_v10,2026-08-03 14:03:00
2026-07-14,688012,0.0012296810746192932,-0.03517361357808113,0.0012296810746192932,1.0,vanilla_transformer_v10,2026-08-03 14:03:00
2026-07-14,600438,0.0011387169361114502,0.01114594005048275,0.0011387169361114502,1.0,vanilla_transformer_v10,2026-08-03 14:03:00
2026-07-14,002465,0.0010324716567993164,-0.05100255459547043,0.0010324716567993164,1.0,vanilla_transformer_v10,2026-08-03 14:03:00
2026-07-14,300308,0.0009985342621803284,-0.012526329606771469,0.0009985342621803284,1.0,vanilla_transformer_v10,2026-08-03 14:03:00
2026-07-14,002371,0.0008366554975509644,-0.04159232974052429,0.0008366554975509644,1.0,vanilla_transformer_v10,2026-08-03 14:03:00
2026-07-14,300750,0.0008241310715675354,0.02439977042376995,0.0008241310715675354,1.0,vanilla_transformer_v10,2026-08-03 14:03:00
2026-07-14,000977,0.0008075088262557983,-0.0029340332839637995,0.0008075088262557983,1.0,vanilla_transformer_v10,2026-08-03 14:03:00
2026-07-14,601012,0.000608585774898529,0.02273116447031498,0.000608585774898529,1.0,vanilla_transformer_v10,2026-08-03 14:03:00
2026-07-14,688981,0.00038952380418777466,-0.04673004895448685,0.00038952380418777466,1.0,vanilla_transformer_v10,2026-08-03 14:03:00
2026-07-14,601318,0.0003413483500480652,0.026845188811421394,0.0003413483500480652,1.0,vanilla_transformer_v10,2026-08-03 14:03:00
2026-07-14,002594,0.00020842254161834717,0.017376571893692017,0.00020842254161834717,1.0,vanilla_transformer_v10,2026-08-03 14:03:00
2026-07-14,300782,-0.0001273825764656067,-0.0035811227280646563,0.0001273825764656067,0.0,vanilla_transformer_v10,2026-08-03 14:03:00
2026-07-14,600887,-0.00021754950284957886,0.02538721077144146,0.00021754950284957886,0.0,vanilla_transformer_v10,2026-08-03 14:03:00
2026-07-14,000858,-0.0003596171736717224,0.04006294161081314,0.0003596171736717224,0.0,vanilla_transformer_v10,2026-08-03 14:03:00
2026-07-14,000568,-0.0003656446933746338,0.06807565689086914,0.0003656446933746338,0.0,vanilla_transformer_v10,2026-08-03 14:03:00
2026-07-14,002230,-0.0006283298134803772,0.004114867188036442,0.0006283298134803772,0.0,vanilla_transformer_v10,2026-08-03 14:03:00
2026-07-14,600519,-0.0007995292544364929,0.02934548817574978,0.0007995292544364929,0.0,vanilla_transformer_v10,2026-08-03 14:03:00
2026-07-14,600036,-0.0008034780621528625,0.015476803295314312,0.0008034780621528625,0.0,vanilla_transformer_v10,2026-08-03 14:03:00
2026-07-14,603501,-0.0008285418152809143,0.0457860566675663,0.0008285418152809143,0.0,vanilla_transformer_v10,2026-08-03 14:03:00
2026-07-14,300454,-0.0012348070740699768,0.026359908282756805,0.0012348070740699768,0.0,vanilla_transformer_v10,2026-08-03 14:03:00
2026-07-15,601012,0.0021677762269973755,-0.011728346347808838,0.0021677762269973755,1.0,vanilla_transformer_v10,2026-08-03 14:03:00
2026-07-15,600584,0.0018545910716056824,-0.10539288818836212,0.0018545910716056824,1.0,vanilla_transformer_v10,2026-08-03 14:03:00
2026-07-15,600438,0.0016389265656471252,-0.007416806183755398,0.0016389265656471252,1.0,vanilla_transformer_v10,2026-08-03 14:03:00
2026-07-15,002465,0.0014183446764945984,-0.031232036650180817,0.0014183446764945984,1.0,vanilla_transformer_v10,2026-08-03 14:03:00
2026-07-15,000568,0.0013278871774673462,0.012671695090830326,0.0013278871774673462,1.0,vanilla_transformer_v10,2026-08-03 14:03:00
2026-07-15,601318,0.0012864768505096436,-0.005531088449060917,0.0012864768505096436,1.0,vanilla_transformer_v10,2026-08-03 14:03:00
2026-07-15,000858,0.0012648627161979675,0.0010775943519547582,0.0012648627161979675,1.0,vanilla_transformer_v10,2026-08-03 14:03:00
2026-07-15,688012,0.001009233295917511,-0.07940931618213654,0.001009233295917511,1.0,vanilla_transformer_v10,2026-08-03 14:03:00
2026-07-15,300308,0.0010064169764518738,-0.04935478791594505,0.0010064169764518738,1.0,vanilla_transformer_v10,2026-08-03 14:03:00
2026-07-15,600887,0.0007969215512275696,0.0038494919426739216,0.0007969215512275696,1.0,vanilla_transformer_v10,2026-08-03 14:03:00
2026-07-15,300782,0.0007854998111724854,-0.03715132549405098,0.0007854998111724854,1.0,vanilla_transformer_v10,2026-08-03 14:03:00
2026-07-15,000977,0.0007212907075881958,0.003543232334777713,0.0007212907075881958,1.0,vanilla_transformer_v10,2026-08-03 14:03:00
2026-07-15,002371,0.0005849823355674744,-0.05522352084517479,0.0005849823355674744,1.0,vanilla_transformer_v10,2026-08-03 14:03:00
2026-07-15,300750,0.0004677996039390564,-0.018401341512799263,0.0004677996039390564,1.0,vanilla_transformer_v10,2026-08-03 14:03:00
2026-07-15,600036,0.00033464282751083374,-0.002401072299107909,0.00033464282751083374,1.0,vanilla_transformer_v10,2026-08-03 14:03:00
2026-07-15,600519,0.00017561763525009155,0.006318910047411919,0.00017561763525009155,1.0,vanilla_transformer_v10,2026-08-03 14:03:00
2026-07-15,002594,8.554011583328247e-05,0.02561265602707863,8.554011583328247e-05,1.0,vanilla_transformer_v10,2026-08-03 14:03:00
2026-07-15,688981,-1.1369585990905762e-05,-0.012048338539898396,1.1369585990905762e-05,0.0,vanilla_transformer_v10,2026-08-03 14:03:00
2026-07-15,002230,-0.00015201419591903687,0.015368839725852013,0.00015201419591903687,0.0,vanilla_transformer_v10,2026-08-03 14:03:00
2026-07-15,300454,-0.0004027560353279114,0.034363944083452225,0.0004027560353279114,0.0,vanilla_transformer_v10,2026-08-03 14:03:00
2026-07-15,601138,-0.0008175000548362732,-0.009414642117917538,0.0008175000548362732,0.0,vanilla_transformer_v10,2026-08-03 14:03:00
2026-07-15,603501,-0.0009392276406288147,-0.011499288491904736,0.0009392276406288147,0.0,vanilla_transformer_v10,2026-08-03 14:03:00
2026-07-16,000977,0.002914726734161377,-0.09368590265512466,0.002914726734161377,1.0,vanilla_transformer_v10,2026-08-03 14:03:00
2026-07-16,688012,0.0025475844740867615,-0.030146069824695587,0.0025475844740867615,1.0,vanilla_transformer_v10,2026-08-03 14:03:00
2026-07-16,600584,0.002424784004688263,0.02702176570892334,0.002424784004688263,1.0,vanilla_transformer_v10,2026-08-03 14:03:00
2026-07-16,688981,0.001986593008041382,-0.08177895098924637,0.001986593008041382,1.0,vanilla_transformer_v10,2026-08-03 14:03:00
2026-07-16,601012,0.001929350197315216,-0.00931877177208662,0.001929350197315216,1.0,vanilla_transformer_v10,2026-08-03 14:03:00
2026-07-16,600438,0.0019276738166809082,-0.022672828286886215,0.0019276738166809082,1.0,vanilla_transformer_v10,2026-08-03 14:03:00
2026-07-16,002465,0.001926235854625702,-0.061574820429086685,0.001926235854625702,1.0,vanilla_transformer_v10,2026-08-03 14:03:00
2026-07-16,002371,0.0017749816179275513,-0.037343580275774,0.0017749816179275513,1.0,vanilla_transformer_v10,2026-08-03 14:03:00
2026-07-16,002594,0.0017524808645248413,-0.007139624562114477,0.0017524808645248413,1.0,vanilla_transformer_v10,2026-08-03 14:03:00
2026-07-16,601318,0.0016837343573570251,0.000609310285653919,0.0016837343573570251,1.0,vanilla_transformer_v10,2026-08-03 14:03:00
2026-07-16,300308,0.0014605894684791565,-0.12781240046024323,0.0014605894684791565,1.0,vanilla_transformer_v10,2026-08-03 14:03:00
2026-07-16,300782,0.0014175549149513245,-0.07647232711315155,0.0014175549149513245,1.0,vanilla_transformer_v10,2026-08-03 14:03:00
2026-07-16,000858,0.001389928162097931,-0.015542401932179928,0.001389928162097931,1.0,vanilla_transformer_v10,2026-08-03 14:03:00
2026-07-16,600887,0.0013313516974449158,0.003064479911699891,0.0013313516974449158,1.0,vanilla_transformer_v10,2026-08-03 14:03:00
2026-07-16,300454,0.0010584667325019836,-0.04657881706953049,0.0010584667325019836,1.0,vanilla_transformer_v10,2026-08-03 14:03:00
2026-07-16,601138,0.001031339168548584,-0.09014104306697845,0.001031339168548584,1.0,vanilla_transformer_v10,2026-08-03 14:03:00
2026-07-16,002230,0.0009598061442375183,-0.02094215899705887,0.0009598061442375183,1.0,vanilla_transformer_v10,2026-08-03 14:03:00
2026-07-16,000568,0.000864662230014801,-0.020642727613449097,0.000864662230014801,1.0,vanilla_transformer_v10,2026-08-03 14:03:00
2026-07-16,600036,0.0006761401891708374,0.009249312803149223,0.0006761401891708374,1.0,vanilla_transformer_v10,2026-08-03 14:03:00
2026-07-16,603501,0.0005945488810539246,-0.053553324192762375,0.0005945488810539246,1.0,vanilla_transformer_v10,2026-08-03 14:03:00
2026-07-16,300750,0.0004922375082969666,-0.017078012228012085,0.0004922375082969666,1.0,vanilla_transformer_v10,2026-08-03 14:03:00
2026-07-16,600519,9.775161743164062e-05,-0.004769254941493273,9.775161743164062e-05,1.0,vanilla_transformer_v10,2026-08-03 14:03:00
2026-07-17,600584,0.003995776176452637,-0.10471995919942856,0.003995776176452637,1.0,vanilla_transformer_v10,2026-08-03 14:03:00
2026-07-17,688012,0.003218725323677063,-0.023635119199752808,0.003218725323677063,1.0,vanilla_transformer_v10,2026-08-03 14:03:00
2026-07-17,002465,0.0030564218759536743,-0.023814065381884575,0.0030564218759536743,1.0,vanilla_transformer_v10,2026-08-03 14:03:00
2026-07-17,600438,0.002993278205394745,0.01135789230465889,0.002993278205394745,1.0,vanilla_transformer_v10,2026-08-03 14:03:00
2026-07-17,000977,0.002954714000225067,0.0490424744784832,0.002954714000225067,1.0,vanilla_transformer_v10,2026-08-03 14:03:00
2026-07-17,300782,0.002735741436481476,-0.06578369438648224,0.002735741436481476,1.0,vanilla_transformer_v10,2026-08-03 14:03:00
2026-07-17,688981,0.002543337643146515,0.029028387740254402,0.002543337643146515,1.0,vanilla_transformer_v10,2026-08-03 14:03:00
2026-07-17,601012,0.0024806782603263855,0.021047117188572884,0.0024806782603263855,1.0,vanilla_transformer_v10,2026-08-03 14:03:00
2026-07-17,601138,0.00247994065284729,-0.019135113805532455,0.00247994065284729,1.0,vanilla_transformer_v10,2026-08-03 14:03:00
2026-07-17,002371,0.0023862123489379883,-0.00013256991223897785,0.0023862123489379883,1.0,vanilla_transformer_v10,2026-08-03 14:03:00
2026-07-17,300308,0.0022822245955467224,0.024744613096117973,0.0022822245955467224,1.0,vanilla_transformer_v10,2026-08-03 14:03:00
2026-07-17,601318,0.0020002201199531555,0.04868283495306969,0.0020002201199531555,1.0,vanilla_transformer_v10,2026-08-03 14:03:00
2026-07-17,600036,0.0018912404775619507,0.023136289790272713,0.0018912404775619507,1.0,vanilla_transformer_v10,2026-08-03 14:03:00
2026-07-17,002594,0.0017530247569084167,0.0048104701563715935,0.0017530247569084167,1.0,vanilla_transformer_v10,2026-08-03 14:03:00
2026-07-17,600887,0.0016767904162406921,0.03351964056491852,0.0016767904162406921,1.0,vanilla_transformer_v10,2026-08-03 14:03:00
2026-07-17,002230,0.0016472861170768738,-0.0036554636899381876,0.0016472861170768738,1.0,vanilla_transformer_v10,2026-08-03 14:03:00
2026-07-17,300750,0.00162544846534729,0.04462271183729172,0.00162544846534729,1.0,vanilla_transformer_v10,2026-08-03 14:03:00
2026-07-17,300454,0.001600414514541626,0.05027632787823677,0.001600414514541626,1.0,vanilla_transformer_v10,2026-08-03 14:03:00
2026-07-17,000858,0.0014098212122917175,0.0467185378074646,0.0014098212122917175,1.0,vanilla_transformer_v10,2026-08-03 14:03:00
2026-07-17,603501,0.0013283714652061462,-0.02886039949953556,0.0013283714652061462,1.0,vanilla_transformer_v10,2026-08-03 14:03:00
2026-07-17,000568,0.0011570155620574951,0.06137876957654953,0.0011570155620574951,1.0,vanilla_transformer_v10,2026-08-03 14:03:00
2026-07-17,600519,0.00045358389616012573,0.057756826281547546,0.00045358389616012573,1.0,vanilla_transformer_v10,2026-08-03 14:03:00
2026-07-20,601318,0.002621561288833618,-0.006402443163096905,0.002621561288833618,1.0,vanilla_transformer_v10,2026-08-03 14:03:00
2026-07-20,000977,0.002448037266731262,0.08679500222206116,0.002448037266731262,1.0,vanilla_transformer_v10,2026-08-03 14:03:00
2026-07-20,600584,0.002321086823940277,0.09531654417514801,0.002321086823940277,1.0,vanilla_transformer_v10,2026-08-03 14:03:00
2026-07-20,688012,0.0017997995018959045,0.1747296005487442,0.0017997995018959045,1.0,vanilla_transformer_v10,2026-08-03 14:03:00
2026-07-20,300308,0.0016300380229949951,0.12400593608617783,0.0016300380229949951,1.0,vanilla_transformer_v10,2026-08-03 14:03:00
2026-07-20,601138,0.0015357285737991333,0.07636642456054688,0.0015357285737991333,1.0,vanilla_transformer_v10,2026-08-03 14:03:00
2026-07-20,600036,0.0013597384095191956,-0.02391526661813259,0.0013597384095191956,1.0,vanilla_transformer_v10,2026-08-03 14:03:00
2026-07-20,601012,0.0013414621353149414,-0.005846978630870581,0.0013414621353149414,1.0,vanilla_transformer_v10,2026-08-03 14:03:00
2026-07-20,600887,0.00129670649766922,0.002591655822470784,0.00129670649766922,1.0,vanilla_transformer_v10,2026-08-03 14:03:00
2026-07-20,002465,0.0011861920356750488,0.02791677974164486,0.0011861920356750488,1.0,vanilla_transformer_v10,2026-08-03 14:03:00
2026-07-20,002371,0.0011211559176445007,0.09530892968177795,0.0011211559176445007,1.0,vanilla_transformer_v10,2026-08-03 14:03:00
2026-07-20,688981,0.0009978488087654114,0.10536051541566849,0.0009978488087654114,1.0,vanilla_transformer_v10,2026-08-03 14:03:00
2026-07-20,600438,0.0009149089455604553,0.011314935982227325,0.0009149089455604553,1.0,vanilla_transformer_v10,2026-08-03 14:03:00
2026-07-20,000858,0.0009003058075904846,-0.024697687476873398,0.0009003058075904846,1.0,vanilla_transformer_v10,2026-08-03 14:03:00
2026-07-20,300750,0.0007370486855506897,0.015212143771350384,0.0007370486855506897,1.0,vanilla_transformer_v10,2026-08-03 14:03:00
2026-07-20,300782,0.000707477331161499,0.047719910740852356,0.000707477331161499,1.0,vanilla_transformer_v10,2026-08-03 14:03:00
2026-07-20,000568,0.00037647783756256104,-0.028455596417188644,0.00037647783756256104,1.0,vanilla_transformer_v10,2026-08-03 14:03:00
2026-07-20,600519,0.00018339604139328003,-0.01479816809296608,0.00018339604139328003,1.0,vanilla_transformer_v10,2026-08-03 14:03:00
2026-07-20,603501,2.8789043426513672e-05,0.012339231558144093,2.8789043426513672e-05,1.0,vanilla_transformer_v10,2026-08-03 14:03:00
2026-07-20,300454,-0.00027623772621154785,0.03122956119477749,0.00027623772621154785,0.0,vanilla_transformer_v10,2026-08-03 14:03:00
2026-07-20,002230,-0.0003100931644439697,0.01767137087881565,0.0003100931644439697,0.0,vanilla_transformer_v10,2026-08-03 14:03:00
2026-07-20,002594,-0.0003535076975822449,0.004013563971966505,0.0003535076975822449,0.0,vanilla_transformer_v10,2026-08-03 14:03:00
2026-07-21,600584,0.003529392182826996,0.0128010343760252,0.003529392182826996,1.0,vanilla_transformer_v10,2026-08-03 14:03:00
2026-07-21,688012,0.003091178834438324,-0.037218403071165085,0.003091178834438324,1.0,vanilla_transformer_v10,2026-08-03 14:03:00
2026-07-21,601138,0.0025144293904304504,-0.00441562756896019,0.0025144293904304504,1.0,vanilla_transformer_v10,2026-08-03 14:03:00
2026-07-21,002371,0.002019353210926056,0.025720814242959023,0.002019353210926056,1.0,vanilla_transformer_v10,2026-08-03 14:03:00
2026-07-21,688981,0.0018535926938056946,-0.02794947288930416,0.0018535926938056946,1.0,vanilla_transformer_v10,2026-08-03 14:03:00
2026-07-21,000977,0.0017345994710922241,0.02020764723420143,0.0017345994710922241,1.0,vanilla_transformer_v10,2026-08-03 14:03:00
2026-07-21,601318,0.0014461949467658997,0.01983010582625866,0.0014461949467658997,1.0,vanilla_transformer_v10,2026-08-03 14:03:00
2026-07-21,300782,0.001369580626487732,-0.022290844470262527,0.001369580626487732,1.0,vanilla_transformer_v10,2026-08-03 14:03:00
2026-07-21,300308,0.0011585503816604614,-0.06897392868995667,0.0011585503816604614,1.0,vanilla_transformer_v10,2026-08-03 14:03:00
2026-07-21,002465,0.0011045858263969421,-0.01336006261408329,0.0011045858263969421,1.0,vanilla_transformer_v10,2026-08-03 14:03:00
2026-07-21,600438,0.0008558332920074463,0.03393257036805153,0.0008558332920074463,1.0,vanilla_transformer_v10,2026-08-03 14:03:00
2026-07-21,300750,0.000741317868232727,-0.026351304724812508,0.000741317868232727,1.0,vanilla_transformer_v10,2026-08-03 14:03:00
2026-07-21,601012,0.0007381364703178406,0.052278660237789154,0.0007381364703178406,1.0,vanilla_transformer_v10,2026-08-03 14:03:00
2026-07-21,600036,0.0007344558835029602,0.018754947930574417,0.0007344558835029602,1.0,vanilla_transformer_v10,2026-08-03 14:03:00
2026-07-21,600887,0.0004611015319824219,0.011385681107640266,0.0004611015319824219,1.0,vanilla_transformer_v10,2026-08-03 14:03:00
2026-07-21,002594,0.00028724223375320435,-0.029374700039625168,0.00028724223375320435,1.0,vanilla_transformer_v10,2026-08-03 14:03:00
2026-07-21,603501,0.00020932406187057495,-0.004262278322130442,0.00020932406187057495,1.0,vanilla_transformer_v10,2026-08-03 14:03:00
2026-07-21,000858,8.366256952285767e-05,0.004959000274538994,8.366256952285767e-05,1.0,vanilla_transformer_v10,2026-08-03 14:03:00
2026-07-21,000568,-0.0003219321370124817,0.01837095059454441,0.0003219321370124817,0.0,vanilla_transformer_v10,2026-08-03 14:03:00
2026-07-21,002230,-0.0006201118230819702,-0.021089259535074234,0.0006201118230819702,0.0,vanilla_transformer_v10,2026-08-03 14:03:00
2026-07-21,600519,-0.0006325170397758484,-0.0022964344825595617,0.0006325170397758484,0.0,vanilla_transformer_v10,2026-08-03 14:03:00
2026-07-21,300454,-0.001049146056175232,0.019567124545574188,0.001049146056175232,0.0,vanilla_transformer_v10,2026-08-03 14:03:00
2026-07-22,601012,0.004120565950870514,0.018143806606531143,0.004120565950870514,1.0,vanilla_transformer_v10,2026-08-03 14:03:00
2026-07-22,600584,0.0033501163125038147,-0.05969072878360748,0.0033501163125038147,1.0,vanilla_transformer_v10,2026-08-03 14:03:00
2026-07-22,000977,0.002763412892818451,-0.02814383991062641,0.002763412892818451,1.0,vanilla_transformer_v10,2026-08-03 14:03:00
2026-07-22,601138,0.0022469833493232727,0.03505793958902359,0.0022469833493232727,1.0,vanilla_transformer_v10,2026-08-03 14:03:00
2026-07-22,688012,0.0020918920636177063,-0.04632604867219925,0.0020918920636177063,1.0,vanilla_transformer_v10,2026-08-03 14:03:00
2026-07-22,002371,0.0018962100148200989,-0.031917985528707504,0.0018962100148200989,1.0,vanilla_transformer_v10,2026-08-03 14:03:00
2026-07-22,600438,0.0017149299383163452,0.04493161663413048,0.0017149299383163452,1.0,vanilla_transformer_v10,2026-08-03 14:03:00
2026-07-22,002465,0.0013652518391609192,0.02249511331319809,0.0013652518391609192,1.0,vanilla_transformer_v10,2026-08-03 14:03:00
2026-07-22,300308,0.0013206005096435547,0.010987350717186928,0.0013206005096435547,1.0,vanilla_transformer_v10,2026-08-03 14:03:00
2026-07-22,601318,0.0013102293014526367,0.0064477697014808655,0.0013102293014526367,1.0,vanilla_transformer_v10,2026-08-03 14:03:00
2026-07-22,600036,0.0012559443712234497,0.005160317290574312,0.0012559443712234497,1.0,vanilla_transformer_v10,2026-08-03 14:03:00
2026-07-22,300782,0.0011077150702476501,-0.016880659386515617,0.0011077150702476501,1.0,vanilla_transformer_v10,2026-08-03 14:03:00
2026-07-22,688981,0.0009393766522407532,-0.06987009942531586,0.0009393766522407532,1.0,vanilla_transformer_v10,2026-08-03 14:03:00
2026-07-22,002594,0.0005578547716140747,0.011750854551792145,0.0005578547716140747,1.0,vanilla_transformer_v10,2026-08-03 14:03:00
2026-07-22,600887,0.0005326047539710999,-0.005491906777024269,0.0005326047539710999,1.0,vanilla_transformer_v10,2026-08-03 14:03:00
2026-07-22,300454,0.0004388764500617981,-0.07085593789815903,0.0004388764500617981,1.0,vanilla_transformer_v10,2026-08-03 14:03:00
2026-07-22,000858,0.00024413317441940308,0.0012045300099998713,0.00024413317441940308,1.0,vanilla_transformer_v10,2026-08-03 14:03:00
2026-07-22,603501,0.00023839622735977173,-0.0535927377641201,0.00023839622735977173,1.0,vanilla_transformer_v10,2026-08-03 14:03:00
2026-07-22,300750,0.00023646652698516846,0.036219522356987,0.00023646652698516846,1.0,vanilla_transformer_v10,2026-08-03 14:03:00
2026-07-22,002230,-4.536658525466919e-05,-0.008370207622647285,4.536658525466919e-05,0.0,vanilla_transformer_v10,2026-08-03 14:03:00
2026-07-22,000568,-7.843226194381714e-05,-0.019430752843618393,7.843226194381714e-05,0.0,vanilla_transformer_v10,2026-08-03 14:03:00
2026-07-22,600519,-0.000448472797870636,-0.010003527626395226,0.000448472797870636,0.0,vanilla_transformer_v10,2026-08-03 14:03:00
2026-07-23,601012,0.0025444477796554565,-0.03015303798019886,0.0025444477796554565,1.0,vanilla_transformer_v10,2026-08-03 14:03:00
2026-07-23,000977,0.0023553594946861267,-0.030591296032071114,0.0023553594946861267,1.0,vanilla_transformer_v10,2026-08-03 14:03:00
2026-07-23,600584,0.002312012016773224,0.025541145354509354,0.002312012016773224,1.0,vanilla_transformer_v10,2026-08-03 14:03:00
2026-07-23,600438,0.002254091203212738,-0.04044419527053833,0.002254091203212738,1.0,vanilla_transformer_v10,2026-08-03 14:03:00
2026-07-23,688012,0.0021647587418556213,0.034836865961551666,0.0021647587418556213,1.0,vanilla_transformer_v10,2026-08-03 14:03:00
2026-07-23,601138,0.0018249526619911194,-0.04269315302371979,0.0018249526619911194,1.0,vanilla_transformer_v10,2026-08-03 14:03:00
2026-07-23,002465,0.0016866177320480347,-0.04229201748967171,0.0016866177320480347,1.0,vanilla_transformer_v10,2026-08-03 14:03:00
2026-07-23,300308,0.0014917626976966858,-0.024549413472414017,0.0014917626976966858,1.0,vanilla_transformer_v10,2026-08-03 14:03:00
2026-07-23,688981,0.0013845115900039673,-0.00941769964993,0.0013845115900039673,1.0,vanilla_transformer_v10,2026-08-03 14:03:00
2026-07-23,300750,0.0013327673077583313,-0.007750167045742273,0.0013327673077583313,1.0,vanilla_transformer_v10,2026-08-03 14:03:00
2026-07-23,002371,0.001271575689315796,0.022713426500558853,0.001271575689315796,1.0,vanilla_transformer_v10,2026-08-03 14:03:00
2026-07-23,300782,0.0005697235465049744,-0.02546577714383602,0.0005697235465049744,1.0,vanilla_transformer_v10,2026-08-03 14:03:00
2026-07-23,600036,0.000554993748664856,0.007446581963449717,0.000554993748664856,1.0,vanilla_transformer_v10,2026-08-03 14:03:00
2026-07-23,603501,0.0005210563540458679,0.002475527347996831,0.0005210563540458679,1.0,vanilla_transformer_v10,2026-08-03 14:03:00
2026-07-23,002594,0.0005125552415847778,-0.008255980908870697,0.0005125552415847778,1.0,vanilla_transformer_v10,2026-08-03 14:03:00
2026-07-23,002230,0.00022520869970321655,-0.040560681372880936,0.00022520869970321655,1.0,vanilla_transformer_v10,2026-08-03 14:03:00
2026-07-23,601318,0.00014484673738479614,-0.005132017657160759,0.00014484673738479614,1.0,vanilla_transformer_v10,2026-08-03 14:03:00
2026-07-23,600887,0.00012087821960449219,-0.007004897575825453,0.00012087821960449219,1.0,vanilla_transformer_v10,2026-08-03 14:03:00
2026-07-23,000858,0.00010180473327636719,-0.017117097973823547,0.00010180473327636719,1.0,vanilla_transformer_v10,2026-08-03 14:03:00
2026-07-23,300454,-0.0001488029956817627,-0.10184033215045929,0.0001488029956817627,0.0,vanilla_transformer_v10,2026-08-03 14:03:00
2026-07-23,000568,-0.0004648268222808838,-0.02521781250834465,0.0004648268222808838,0.0,vanilla_transformer_v10,2026-08-03 14:03:00
2026-07-23,600519,-0.0007872208952903748,0.004170421976596117,0.0007872208952903748,0.0,vanilla_transformer_v10,2026-08-03 14:03:00
2026-07-24,600584,0.004312492907047272,-0.0066841901279985905,0.004312492907047272,1.0,vanilla_transformer_v10,2026-08-03 14:03:00
2026-07-24,688012,0.0035749226808547974,0.028604326769709587,0.0035749226808547974,1.0,vanilla_transformer_v10,2026-08-03 14:03:00
2026-07-24,002371,0.002911873161792755,0.017025871202349663,0.002911873161792755,1.0,vanilla_transformer_v10,2026-08-03 14:03:00
2026-07-24,601012,0.002443365752696991,0.017559217289090157,0.002443365752696991,1.0,vanilla_transformer_v10,2026-08-03 14:03:00
2026-07-24,002465,0.002338223159313202,0.02706759050488472,0.002338223159313202,1.0,vanilla_transformer_v10,2026-08-03 14:03:00
2026-07-24,601138,0.0022377148270606995,0.021369807422161102,0.0022377148270606995,1.0,vanilla_transformer_v10,2026-08-03 14:03:00
2026-07-24,300782,0.0021376609802246094,0.02643139474093914,0.0021376609802246094,1.0,vanilla_transformer_v10,2026-08-03 14:03:00
2026-07-24,000977,0.002098396420478821,-0.0036240818444639444,0.002098396420478821,1.0,vanilla_transformer_v10,2026-08-03 14:03:00
2026-07-24,600036,0.0018961727619171143,-0.005121935158967972,0.0018961727619171143,1.0,vanilla_transformer_v10,2026-08-03 14:03:00
2026-07-24,688981,0.0018291845917701721,0.0002782608789857477,0.0018291845917701721,1.0,vanilla_transformer_v10,2026-08-03 14:03:00
2026-07-24,300308,0.001621432602405548,0.02866247482597828,0.001621432602405548,1.0,vanilla_transformer_v10,2026-08-03 14:03:00
2026-07-24,603501,0.0015093758702278137,-0.016544286161661148,0.0015093758702278137,1.0,vanilla_transformer_v10,2026-08-03 14:03:00
2026-07-24,600438,0.0012898966670036316,0.0026828194968402386,0.0012898966670036316,1.0,vanilla_transformer_v10,2026-08-03 14:03:00
2026-07-24,600887,0.0011672303080558777,-0.03691493347287178,0.0011672303080558777,1.0,vanilla_transformer_v10,2026-08-03 14:03:00
2026-07-24,601318,0.001156337559223175,-0.01138401310890913,0.001156337559223175,1.0,vanilla_transformer_v10,2026-08-03 14:03:00
2026-07-24,002230,0.0010379627346992493,0.02161954529583454,0.0010379627346992493,1.0,vanilla_transformer_v10,2026-08-03 14:03:00
2026-07-24,300454,0.0008548721671104431,0.024222807958722115,0.0008548721671104431,1.0,vanilla_transformer_v10,2026-08-03 14:03:00
2026-07-24,000858,0.0007474496960639954,0.004475119058042765,0.0007474496960639954,1.0,vanilla_transformer_v10,2026-08-03 14:03:00
2026-07-24,000568,0.00019776076078414917,0.00863743107765913,0.00019776076078414917,1.0,vanilla_transformer_v10,2026-08-03 14:03:00
2026-07-24,300750,9.670853614807129e-06,0.04340903460979462,9.670853614807129e-06,1.0,vanilla_transformer_v10,2026-08-03 14:03:00
2026-07-24,002594,-0.00012006610631942749,0.005545905791223049,0.00012006610631942749,0.0,vanilla_transformer_v10,2026-08-03 14:03:00
2026-07-24,600519,-0.0003253668546676636,-0.006115037016570568,0.0003253668546676636,0.0,vanilla_transformer_v10,2026-08-03 14:03:00
2026-07-27,600584,0.002229146659374237,-0.069350466132164,0.002229146659374237,1.0,vanilla_transformer_v10,2026-08-03 14:03:00
2026-07-27,688012,0.0018349140882492065,-0.042853474617004395,0.0018349140882492065,1.0,vanilla_transformer_v10,2026-08-03 14:03:00
2026-07-27,002371,0.001680910587310791,-0.07410673797130585,0.001680910587310791,1.0,vanilla_transformer_v10,2026-08-03 14:03:00
2026-07-27,600887,0.0013250336050987244,0.019759412854909897,0.0013250336050987244,1.0,vanilla_transformer_v10,2026-08-03 14:03:00
2026-07-27,600438,0.0011225417256355286,0.0017845559632405639,0.0011225417256355286,1.0,vanilla_transformer_v10,2026-08-03 14:03:00
2026-07-27,603501,0.000943996012210846,-0.03748547285795212,0.000943996012210846,1.0,vanilla_transformer_v10,2026-08-03 14:03:00
2026-07-27,688981,0.0009310320019721985,-0.05042605847120285,0.0009310320019721985,1.0,vanilla_transformer_v10,2026-08-03 14:03:00
2026-07-27,601012,0.0007980689406394958,0.0031633558683097363,0.0007980689406394958,1.0,vanilla_transformer_v10,2026-08-03 14:03:00
2026-07-27,002465,0.0004430115222930908,-0.006269612815231085,0.0004430115222930908,1.0,vanilla_transformer_v10,2026-08-03 14:03:00
2026-07-27,601318,0.00022399425506591797,0.014694329351186752,0.00022399425506591797,1.0,vanilla_transformer_v10,2026-08-03 14:03:00
2026-07-27,000977,0.00014743953943252563,-0.06251053512096405,0.00014743953943252563,1.0,vanilla_transformer_v10,2026-08-03 14:03:00
2026-07-27,300750,8.868426084518433e-05,-0.023114468902349472,8.868426084518433e-05,1.0,vanilla_transformer_v10,2026-08-03 14:03:00
2026-07-27,601138,-3.255903720855713e-06,-0.05812978371977806,3.255903720855713e-06,0.0,vanilla_transformer_v10,2026-08-03 14:03:00
2026-07-27,300782,-8.910894393920898e-06,-0.057882923632860184,8.910894393920898e-06,0.0,vanilla_transformer_v10,2026-08-03 14:03:00
2026-07-27,300308,-0.000290505588054657,-0.17063535749912262,0.000290505588054657,0.0,vanilla_transformer_v10,2026-08-03 14:03:00
2026-07-27,002594,-0.0005936697125434875,0.01021864265203476,0.0005936697125434875,0.0,vanilla_transformer_v10,2026-08-03 14:03:00
2026-07-27,300454,-0.0009293332695960999,0.0,0.0009293332695960999,0.0,vanilla_transformer_v10,2026-08-03 14:03:00
2026-07-27,600036,-0.0013204887509346008,0.015023881569504738,0.0013204887509346008,0.0,vanilla_transformer_v10,2026-08-03 14:03:00
2026-07-27,000568,-0.0016934946179389954,0.0383090078830719,0.0016934946179389954,0.0,vanilla_transformer_v10,2026-08-03 14:03:00
2026-07-27,000858,-0.0017008408904075623,0.012110096402466297,0.0017008408904075623,0.0,vanilla_transformer_v10,2026-08-03 14:03:00
2026-07-27,600519,-0.0017104372382164001,0.0233769528567791,0.0017104372382164001,0.0,vanilla_transformer_v10,2026-08-03 14:03:00
2026-07-27,002230,-0.0018403306603431702,0.002005944959819317,0.0018403306603431702,0.0,vanilla_transformer_v10,2026-08-03 14:03:00
2026-07-28,300308,0.003133714199066162,0.04627004265785217,0.003133714199066162,1.0,vanilla_transformer_v10,2026-08-03 14:03:00
2026-07-28,000977,0.002656787633895874,-0.06346026808023453,0.002656787633895874,1.0,vanilla_transformer_v10,2026-08-03 14:03:00
2026-07-28,688012,0.002361014485359192,-0.061930619180202484,0.002361014485359192,1.0,vanilla_transformer_v10,2026-08-03 14:03:00
2026-07-28,600584,0.0022565871477127075,-0.06939619034528732,0.0022565871477127075,1.0,vanilla_transformer_v10,2026-08-03 14:03:00
2026-07-28,002371,0.002192944288253784,-0.012116135098040104,0.002192944288253784,1.0,vanilla_transformer_v10,2026-08-03 14:03:00
2026-07-28,300454,0.0018464699387550354,0.006951848044991493,0.0018464699387550354,1.0,vanilla_transformer_v10,2026-08-03 14:03:00
2026-07-28,600887,0.0015643462538719177,0.0270900446921587,0.0015643462538719177,1.0,vanilla_transformer_v10,2026-08-03 14:03:00
2026-07-28,600036,0.0013923197984695435,0.0017579331761226058,0.0013923197984695435,1.0,vanilla_transformer_v10,2026-08-03 14:03:00
2026-07-28,002230,0.0013807490468025208,0.006523634772747755,0.0013807490468025208,1.0,vanilla_transformer_v10,2026-08-03 14:03:00
2026-07-28,601138,0.001115448772907257,-0.005654237698763609,0.001115448772907257,1.0,vanilla_transformer_v10,2026-08-03 14:03:00
2026-07-28,688981,0.0010321363806724548,-0.0433550700545311,0.0010321363806724548,1.0,vanilla_transformer_v10,2026-08-03 14:03:00
2026-07-28,002465,0.0010039880871772766,0.024567097425460815,0.0010039880871772766,1.0,vanilla_transformer_v10,2026-08-03 14:03:00
2026-07-28,000858,0.0008753761649131775,0.004931219853460789,0.0008753761649131775,1.0,vanilla_transformer_v10,2026-08-03 14:03:00
2026-07-28,601012,0.000612795352935791,0.010182658210396767,0.000612795352935791,1.0,vanilla_transformer_v10,2026-08-03 14:03:00
2026-07-28,000568,0.0006116554141044617,0.014041809365153313,0.0006116554141044617,1.0,vanilla_transformer_v10,2026-08-03 14:03:00
2026-07-28,300782,0.0005812197923660278,-0.011564679443836212,0.0005812197923660278,1.0,vanilla_transformer_v10,2026-08-03 14:03:00
2026-07-28,600438,0.0005569010972976685,0.030803585425019264,0.0005569010972976685,1.0,vanilla_transformer_v10,2026-08-03 14:03:00
2026-07-28,002594,0.0003444552421569824,0.01595500484108925,0.0003444552421569824,1.0,vanilla_transformer_v10,2026-08-03 14:03:00
2026-07-28,603501,0.0002107471227645874,-0.0011869437294080853,0.0002107471227645874,1.0,vanilla_transformer_v10,2026-08-03 14:03:00
2026-07-28,300750,0.00016123801469802856,0.015184560790657997,0.00016123801469802856,1.0,vanilla_transformer_v10,2026-08-03 14:03:00
2026-07-28,600519,0.00012839585542678833,0.0007573622278869152,0.00012839585542678833,1.0,vanilla_transformer_v10,2026-08-03 14:03:00
2026-07-28,601318,-0.002721838653087616,0.0018217015312984586,0.002721838653087616,0.0,vanilla_transformer_v10,2026-08-03 14:03:00
